JvmtiExport can_access_local_variables 0
JvmtiExport can_hotswap_or_post_breakpoint 0
JvmtiExport can_post_on_exceptions 0
# 290 ciObject found
instanceKlass org/codehaus/janino/UnitCompiler$19$1
instanceKlass org/codehaus/janino/UnitCompiler$23
instanceKlass org/codehaus/janino/UnitCompiler$26
instanceKlass org/codehaus/janino/UnitCompiler$25
instanceKlass org/codehaus/janino/CodeContext$Relocatable
instanceKlass org/codehaus/janino/util/ClassFile$StackMapTableAttribute$UninitializedVariableInfo
instanceKlass org/codehaus/janino/UnitCompiler$16
instanceKlass org/codehaus/janino/UnitCompiler$15
instanceKlass org/codehaus/janino/UnitCompiler$19
instanceKlass org/codehaus/janino/UnitCompiler$6
instanceKlass org/codehaus/janino/UnitCompiler$12
instanceKlass org/codehaus/janino/Java$LocalVariable
instanceKlass org/codehaus/janino/util/ClassFile$StackMapTableAttribute$ObjectVariableInfo
instanceKlass org/codehaus/janino/Java$LocalVariableSlot
instanceKlass org/codehaus/janino/CodeContext$LocalScope
instanceKlass org/codehaus/janino/StackMap
instanceKlass org/codehaus/janino/CodeContext
instanceKlass org/codehaus/janino/util/ClassFile$MethodInfo
instanceKlass org/codehaus/janino/Mod
instanceKlass org/codehaus/janino/UnitCompiler$42
instanceKlass org/codehaus/janino/util/ClassFile$ConstantPoolInfo
instanceKlass org/codehaus/janino/util/ClassFile
instanceKlass org/codehaus/commons/compiler/util/iterator/Iterables$5
instanceKlass org/codehaus/commons/compiler/util/iterator/Iterables$4
instanceKlass org/codehaus/commons/compiler/util/iterator/Iterables$2
instanceKlass org/codehaus/commons/compiler/util/iterator/Iterables$1
instanceKlass org/codehaus/commons/compiler/util/Predicate
instanceKlass org/codehaus/commons/compiler/util/iterator/Iterables
instanceKlass org/codehaus/janino/UnitCompiler$24
instanceKlass org/codehaus/janino/MethodDescriptor
instanceKlass org/apache/spark/sql/errors/QueryExecutionErrors
instanceKlass org/codehaus/janino/UnitCompiler$43
instanceKlass org/codehaus/janino/UnitCompiler$3
instanceKlass org/apache/spark/storage/BlockManagerMessages$BlockManagerHeartbeat
instanceKlass org/codehaus/janino/UnitCompiler$2
instanceKlass org/codehaus/janino/SimpleCompiler$1
instanceKlass org/apache/spark/scheduler/TaskSchedulerImpl$$Lambda$2318
instanceKlass org/apache/spark/HeartbeatReceiver$$anonfun$receiveAndReply$1$$anon$1$$Lambda$2317
instanceKlass org/apache/spark/HeartbeatReceiver$$anonfun$receiveAndReply$1$$anon$1
instanceKlass org/codehaus/janino/UnitCompiler$17$2
instanceKlass org/codehaus/janino/UnitCompiler$17$1
instanceKlass org/apache/spark/HeartbeatResponse
instanceKlass org/codehaus/janino/UnitCompiler$17
instanceKlass org/apache/spark/Heartbeat
instanceKlass java/util/regex/CharPredicates$$Lambda$2316
instanceKlass org/apache/spark/sql/execution/ui/SQLAppStatusListener$$Lambda$2315
instanceKlass org/apache/spark/status/AppStatusListener$$Lambda$2314
instanceKlass org/apache/spark/executor/Executor$$Lambda$2313
instanceKlass org/apache/spark/status/AppStatusListener$$Lambda$2312
instanceKlass org/apache/spark/executor/Executor$TaskRunner
instanceKlass java/lang/invoke/LambdaForm$MH
instanceKlass java/lang/invoke/LambdaForm$DMH
instanceKlass org/apache/spark/status/AppStatusListener$$Lambda$2311
instanceKlass java/lang/invoke/LambdaForm$DMH
instanceKlass org/apache/spark/executor/ExecutorMetrics$$Lambda$2310
instanceKlass org/apache/spark/status/AppStatusListener$$Lambda$2309
instanceKlass org/apache/spark/executor/ExecutorMetricsPoller$$Lambda$2308
instanceKlass org/apache/spark/status/AppStatusListener$$Lambda$2307
instanceKlass org/apache/spark/executor/ExecutorMetricsPoller$$Lambda$2306
instanceKlass java/lang/invoke/LambdaForm$DMH
instanceKlass org/apache/spark/executor/ExecutorMetricsPoller$$Lambda$2305
instanceKlass java/lang/invoke/LambdaForm$MH
instanceKlass java/lang/invoke/LambdaForm$DMH
instanceKlass org/apache/spark/status/AppStatusListener$$Lambda$2304
instanceKlass org/apache/spark/executor/ExecutorMetricsPoller$$Lambda$2303
instanceKlass org/apache/spark/executor/ExecutorMetricsPoller$TCMP
instanceKlass java/lang/invoke/LambdaForm$DMH
instanceKlass org/apache/spark/executor/ExecutorMetricsPoller$$Lambda$2302
instanceKlass org/apache/spark/SparkContext$$Lambda$2301
instanceKlass org/apache/spark/metrics/GarbageCollectionMetrics$$$Lambda$2300
instanceKlass org/apache/spark/metrics/GarbageCollectionMetrics$$$Lambda$2299
instanceKlass org/apache/spark/metrics/GarbageCollectionMetrics$$$Lambda$2298
instanceKlass org/apache/spark/metrics/GarbageCollectionMetrics$$$Lambda$2297
instanceKlass org/apache/spark/executor/ProcfsMetrics
instanceKlass org/codehaus/janino/IClass$IField
instanceKlass sun/nio/fs/ExtendedFileSystemProvider
instanceKlass org/apache/spark/executor/ProcfsMetricsGetter$$Lambda$2296
instanceKlass org/apache/spark/executor/ProcfsMetricsGetter$$Lambda$2295
instanceKlass org/codehaus/janino/util/Annotatable
instanceKlass org/codehaus/janino/UnitCompiler$Compilable2
instanceKlass org/codehaus/janino/util/ClassFile$StackMapTableAttribute$VerificationTypeInfo
instanceKlass org/apache/spark/util/Utils$$$Lambda$2294
instanceKlass org/codehaus/janino/CodeContext$Offset
instanceKlass org/apache/spark/util/Utils$$$Lambda$2293
instanceKlass org/codehaus/janino/util/ClassFile$AttributeInfo
instanceKlass org/apache/spark/executor/ProcfsMetricsGetter
instanceKlass org/codehaus/janino/util/ClassFile$ElementValue
instanceKlass org/apache/spark/executor/ProcfsMetricsGetter$
instanceKlass java/util/concurrent/locks/ReentrantReadWriteLock$Sync$HoldCounter
instanceKlass org/apache/spark/executor/ExecutorMetrics$$$Lambda$2292
instanceKlass org/apache/spark/executor/Executor$$Lambda$2291
instanceKlass java/lang/management/ManagementFactory$$Lambda$2290
instanceKlass org/apache/spark/executor/ExecutorMetrics$
instanceKlass org/codehaus/janino/UnitCompiler
instanceKlass java/lang/management/ManagementFactory$PlatformMBeanFinder$$Lambda$2289
instanceKlass org/codehaus/janino/IParameterizedType
instanceKlass java/lang/Override
instanceKlass org/codehaus/janino/IClass$IAnnotation
instanceKlass org/codehaus/janino/IClass$IInvocable
instanceKlass org/codehaus/janino/IClass$IMember
instanceKlass org/codehaus/janino/IClass$1
instanceKlass org/codehaus/janino/ITypeVariable
instanceKlass org/codehaus/janino/Descriptor
instanceKlass org/codehaus/commons/compiler/util/resource/ResourceFinder
instanceKlass org/codehaus/janino/IClass
instanceKlass org/codehaus/janino/ITypeVariableOrIClass
instanceKlass org/codehaus/janino/Parser$1
instanceKlass org/codehaus/janino/util/AbstractTraverser$4$1
instanceKlass org/codehaus/janino/util/AbstractTraverser$7$1
instanceKlass org/codehaus/janino/util/AbstractTraverser$11
instanceKlass org/codehaus/janino/util/AbstractTraverser$10
instanceKlass org/codehaus/janino/util/AbstractTraverser$9
instanceKlass org/codehaus/janino/util/AbstractTraverser$8
instanceKlass org/codehaus/janino/Visitor$TypeVisitor
instanceKlass org/codehaus/janino/Visitor$ConstructorInvocationVisitor
instanceKlass org/codehaus/janino/util/AbstractTraverser$7
instanceKlass org/codehaus/janino/util/AbstractTraverser$6
instanceKlass org/codehaus/janino/Visitor$FunctionDeclaratorVisitor
instanceKlass org/codehaus/janino/util/AbstractTraverser$5
instanceKlass org/codehaus/janino/Visitor$LvalueVisitor
instanceKlass org/codehaus/janino/util/AbstractTraverser$4
instanceKlass org/codehaus/janino/util/AbstractTraverser$3
instanceKlass org/codehaus/janino/util/AbstractTraverser$2
instanceKlass org/codehaus/janino/util/AbstractTraverser$1
instanceKlass org/codehaus/janino/Visitor$TryStatementResourceVisitor
instanceKlass org/codehaus/janino/Visitor$AnnotationVisitor
instanceKlass org/codehaus/janino/Visitor$ElementValueVisitor
instanceKlass org/codehaus/janino/Visitor$ArrayInitializerOrRvalueVisitor
instanceKlass org/codehaus/janino/Visitor$AtomVisitor
instanceKlass org/codehaus/janino/Visitor$BlockStatementVisitor
instanceKlass org/codehaus/janino/Visitor$FieldDeclarationOrInitializerVisitor
instanceKlass org/codehaus/janino/Visitor$TypeBodyDeclarationVisitor
instanceKlass org/codehaus/janino/Visitor$RvalueVisitor
instanceKlass org/codehaus/janino/Visitor$TypeDeclarationVisitor
instanceKlass org/codehaus/janino/Visitor$ImportVisitor
instanceKlass org/codehaus/janino/Visitor$AbstractCompilationUnitVisitor
instanceKlass org/codehaus/janino/util/AbstractTraverser
instanceKlass org/codehaus/janino/util/Traverser
instanceKlass org/codehaus/janino/Java$Rvalue$2
instanceKlass org/codehaus/janino/Java$EnclosingScopeOfTypeDeclaration
instanceKlass org/codehaus/janino/IType
instanceKlass org/codehaus/janino/Java
instanceKlass org/codehaus/janino/Java$FieldDeclarationOrInitializer
instanceKlass org/codehaus/janino/TokenStreamImpl$1
instanceKlass org/codehaus/janino/Token
instanceKlass org/codehaus/commons/compiler/Location
instanceKlass org/codehaus/janino/TokenStreamImpl
instanceKlass org/codehaus/janino/Java$EnumDeclaration
instanceKlass org/codehaus/janino/Java$AnnotationTypeDeclaration
instanceKlass org/codehaus/janino/Java$ModuleDirective
instanceKlass org/codehaus/janino/Java$MemberTypeDeclaration
instanceKlass org/codehaus/janino/Java$TypeBodyDeclaration
instanceKlass org/codehaus/janino/Java$InnerClassDeclaration
instanceKlass org/codehaus/janino/Java$LambdaParameters
instanceKlass org/codehaus/janino/Java$BlockStatement
instanceKlass org/codehaus/janino/Java$LambdaBody
instanceKlass org/codehaus/janino/Java$ArrayInitializerOrRvalue
instanceKlass org/codehaus/janino/Java$Annotation
instanceKlass org/codehaus/janino/Java$Modifier
instanceKlass org/codehaus/janino/Java$ElementValue
instanceKlass org/codehaus/janino/Java$TypeArgument
instanceKlass org/codehaus/janino/TokenStream
instanceKlass org/codehaus/janino/Parser
instanceKlass org/codehaus/janino/Scanner
instanceKlass org/apache/spark/sql/catalyst/expressions/codegen/CodeGenerator$$$Lambda$2288
instanceKlass org/apache/spark/sql/catalyst/expressions/codegen/GeneratedClass
instanceKlass org/apache/spark/executor/InputMetrics
instanceKlass org/codehaus/commons/compiler/util/SystemProperties
instanceKlass org/codehaus/janino/Java$Located
instanceKlass org/codehaus/janino/UnitCompiler$ClassFileConsumer
instanceKlass org/codehaus/janino/IClassLoader
instanceKlass org/codehaus/commons/compiler/ISimpleCompiler
instanceKlass org/codehaus/janino/Java$DocCommentable
instanceKlass org/codehaus/janino/Java$PackageMemberTypeDeclaration
instanceKlass org/codehaus/janino/Java$NamedTypeDeclaration
instanceKlass org/codehaus/janino/Java$AbstractTypeDeclaration
instanceKlass org/codehaus/janino/Java$ClassDeclaration
instanceKlass org/codehaus/janino/Java$TypeDeclaration
instanceKlass org/codehaus/janino/Java$Locatable
instanceKlass org/codehaus/janino/Java$Annotatable
instanceKlass org/codehaus/janino/Java$AbstractCompilationUnit
instanceKlass org/codehaus/janino/Java$Scope
instanceKlass org/codehaus/commons/compiler/Cookable
instanceKlass org/codehaus/commons/compiler/IClassBodyEvaluator
instanceKlass org/codehaus/commons/compiler/ICookable
instanceKlass org/apache/spark/sql/execution/WholeStageCodegenExec$$Lambda$2287
instanceKlass org/apache/spark/sql/catalyst/expressions/codegen/CodeFormatter$$$Lambda$2286
instanceKlass org/apache/spark/sql/catalyst/expressions/codegen/CodeFormatter$$$Lambda$2285
instanceKlass org/apache/spark/sql/catalyst/expressions/codegen/CodeFormatter$$$Lambda$2284
instanceKlass org/apache/spark/sql/catalyst/expressions/codegen/CodeAndComment
instanceKlass org/apache/spark/sql/catalyst/expressions/codegen/CodegenContext$$Lambda$2283
instanceKlass org/apache/spark/sql/catalyst/expressions/codegen/CodegenContext$$Lambda$2282
instanceKlass org/apache/spark/sql/catalyst/expressions/codegen/CodegenContext$$Lambda$2281
instanceKlass org/apache/spark/sql/catalyst/expressions/codegen/CodegenContext$$Lambda$2280
instanceKlass java/util/regex/Pattern$CharPredicate$$Lambda$2279
instanceKlass java/util/regex/Pattern$BmpCharPredicate$$Lambda$2278
instanceKlass org/apache/spark/sql/catalyst/expressions/codegen/CodeFormatter$
instanceKlass org/apache/spark/sql/catalyst/expressions/codegen/CodegenContext$$Lambda$2277
instanceKlass org/apache/spark/sql/catalyst/expressions/codegen/CodegenContext$$Lambda$2276
instanceKlass org/apache/spark/sql/catalyst/expressions/codegen/CodegenContext$$Lambda$2275
instanceKlass org/apache/spark/sql/catalyst/expressions/codegen/CodegenContext$$Lambda$2274
instanceKlass org/apache/spark/sql/execution/BufferedRowIterator
instanceKlass org/apache/spark/sql/execution/WholeStageCodegenExec$$Lambda$2273
instanceKlass org/apache/spark/sql/execution/WholeStageCodegenExec$$Lambda$2272
instanceKlass org/apache/spark/sql/catalyst/expressions/codegen/NewFunctionSpec
instanceKlass org/apache/spark/sql/execution/CodegenSupport$$Lambda$2271
instanceKlass org/apache/spark/sql/catalyst/expressions/codegen/SimpleExprValue
instanceKlass org/apache/spark/sql/types/UserDefinedType$
instanceKlass org/apache/spark/sql/catalyst/expressions/codegen/GenerateUnsafeProjection$$$Lambda$2270
instanceKlass org/apache/spark/sql/catalyst/expressions/codegen/GenerateUnsafeProjection$$$Lambda$2269
instanceKlass org/apache/spark/sql/catalyst/expressions/codegen/GenerateUnsafeProjection$$$Lambda$2268
instanceKlass org/apache/spark/sql/catalyst/expressions/codegen/CodegenContext$$Lambda$2267
instanceKlass org/apache/spark/sql/catalyst/expressions/codegen/CodegenContext$$Lambda$2266
instanceKlass org/apache/spark/sql/catalyst/expressions/codegen/CodegenContext$$Lambda$2265
instanceKlass org/apache/spark/sql/catalyst/expressions/codegen/CodegenContext$$Lambda$2264
instanceKlass org/apache/spark/sql/catalyst/expressions/codegen/CodegenContext$MutableStateArrays
instanceKlass org/apache/spark/sql/catalyst/expressions/codegen/GenerateUnsafeProjection$$$Lambda$2263
instanceKlass org/apache/spark/sql/catalyst/expressions/codegen/UnsafeWriter
instanceKlass org/apache/spark/sql/types/DataTypes
instanceKlass org/apache/spark/sql/catalyst/expressions/codegen/GenerateUnsafeProjection$$$Lambda$2262
instanceKlass org/apache/spark/sql/catalyst/expressions/codegen/GenerateUnsafeProjection$$$Lambda$2261
instanceKlass org/apache/spark/sql/catalyst/expressions/codegen/GenerateUnsafeProjection$Schema
instanceKlass org/apache/spark/sql/catalyst/expressions/codegen/CodegenContext$$Lambda$2260
instanceKlass org/apache/spark/sql/catalyst/expressions/Expression$$Lambda$2259
instanceKlass org/apache/spark/sql/catalyst/expressions/codegen/CodegenContext$$Lambda$2258
instanceKlass org/apache/spark/sql/catalyst/expressions/codegen/CodeGenerator
instanceKlass org/apache/spark/sql/execution/CodegenSupport$$Lambda$2257
instanceKlass org/apache/spark/sql/execution/CodegenSupport$$Lambda$2256
instanceKlass org/apache/spark/sql/execution/CodegenSupport$$Lambda$2255
instanceKlass org/apache/spark/sql/execution/CodegenSupport$$Lambda$2254
instanceKlass org/apache/spark/sql/execution/CodegenSupport$$Lambda$2253
instanceKlass org/apache/spark/sql/execution/FilterExec$$Lambda$2252
instanceKlass org/apache/spark/sql/execution/GeneratePredicateHelper$$Lambda$2251
instanceKlass org/apache/spark/sql/catalyst/expressions/String2TrimExpression$$Lambda$2250
instanceKlass org/apache/spark/sql/catalyst/expressions/codegen/ExprValue$
instanceKlass org/apache/spark/sql/catalyst/expressions/String2TrimExpression$$Lambda$2249
instanceKlass org/apache/spark/sql/catalyst/expressions/UnaryExpression$$Lambda$2248
instanceKlass org/apache/spark/sql/catalyst/expressions/Length$$Lambda$2247
instanceKlass org/apache/spark/sql/catalyst/expressions/BinaryExpression$$Lambda$2246
instanceKlass org/apache/spark/sql/catalyst/expressions/BinaryComparison$$Lambda$2245
instanceKlass org/apache/spark/sql/execution/GeneratePredicateHelper$$Lambda$2244
instanceKlass java/lang/invoke/LambdaForm$MH
instanceKlass java/lang/invoke/LambdaForm$DMH
instanceKlass org/apache/spark/sql/execution/GeneratePredicateHelper$$Lambda$2243
instanceKlass java/lang/invoke/LambdaForm$MH
instanceKlass java/lang/invoke/LambdaForm$DMH
instanceKlass org/apache/spark/sql/execution/GeneratePredicateHelper$$Lambda$2242
instanceKlass org/apache/spark/sql/catalyst/expressions/codegen/CodegenContext$$Lambda$2241
instanceKlass org/apache/spark/sql/catalyst/expressions/codegen/CodeGenerator$$$Lambda$2240
instanceKlass org/apache/spark/sql/execution/CodegenSupport$$Lambda$2239
instanceKlass org/apache/spark/sql/execution/CodegenSupport$$Lambda$2238
instanceKlass org/apache/spark/sql/catalyst/expressions/Expression$$Lambda$2237
instanceKlass org/apache/spark/sql/catalyst/expressions/codegen/Block$BlockHelper$$$Lambda$2236
instanceKlass org/apache/spark/sql/catalyst/expressions/codegen/Block$
instanceKlass org/apache/spark/sql/catalyst/expressions/codegen/Block$BlockHelper$
instanceKlass org/apache/spark/sql/catalyst/expressions/codegen/Inline
instanceKlass org/apache/spark/sql/catalyst/expressions/BoundReference$$Lambda$2235
instanceKlass org/apache/spark/sql/catalyst/expressions/codegen/VariableValue
instanceKlass org/apache/spark/sql/catalyst/expressions/codegen/LiteralValue
instanceKlass org/apache/spark/sql/catalyst/expressions/codegen/JavaCode$
instanceKlass org/apache/spark/sql/catalyst/expressions/codegen/ExprCode$
instanceKlass org/apache/spark/sql/catalyst/expressions/Expression$$Lambda$2234
instanceKlass org/apache/spark/sql/catalyst/expressions/Expression$$Lambda$2233
instanceKlass org/apache/spark/sql/catalyst/expressions/codegen/SubExprEliminationState
instanceKlass org/apache/spark/sql/catalyst/expressions/ExpressionEquals
instanceKlass org/apache/spark/sql/execution/CodegenSupport$$Lambda$2232
instanceKlass org/apache/spark/sql/catalyst/expressions/codegen/ExprCode
instanceKlass org/apache/spark/sql/execution/CodegenSupport$$Lambda$2231
instanceKlass org/apache/spark/sql/catalyst/expressions/codegen/CodegenContext$$Lambda$2230
instanceKlass org/apache/spark/sql/catalyst/expressions/codegen/CodeGenerator$
instanceKlass org/apache/spark/sql/execution/InputRDDCodegen$$Lambda$2229
instanceKlass org/apache/spark/sql/execution/CodegenSupport$$Lambda$2228
instanceKlass org/apache/spark/sql/execution/aggregate/AggregateCodegenSupport
instanceKlass java/util/AbstractMap$SimpleEntry
instanceKlass com/fasterxml/jackson/databind/deser/impl/PropertyValue
instanceKlass com/fasterxml/jackson/databind/deser/impl/PropertyValueBuffer
instanceKlass com/fasterxml/jackson/databind/deser/impl/PropertyBasedCreator
instanceKlass com/fasterxml/jackson/module/scala/deser/OptionDeserializer$$Lambda$2227
instanceKlass com/fasterxml/jackson/module/scala/deser/OptionDeserializer$$Lambda$2226
instanceKlass com/fasterxml/jackson/databind/jsontype/TypeDeserializer
instanceKlass com/fasterxml/jackson/databind/util/LinkedNode
instanceKlass com/fasterxml/jackson/module/scala/deser/OptionDeserializer$
instanceKlass com/fasterxml/jackson/module/scala/deser/OptionDeserializerResolver$$$Lambda$2225
instanceKlass com/fasterxml/jackson/module/scala/deser/OptionDeserializerResolver$$$Lambda$2224
instanceKlass com/fasterxml/jackson/databind/deser/impl/ReadableObjectId$Referring
instanceKlass com/fasterxml/jackson/databind/deser/impl/BeanPropertyMap
instanceKlass com/fasterxml/jackson/annotation/JsonAlias
instanceKlass com/fasterxml/jackson/databind/introspect/POJOPropertyBuilder$4
instanceKlass com/fasterxml/jackson/databind/deser/impl/NullsConstantProvider
instanceKlass com/fasterxml/jackson/databind/util/IgnorePropertiesUtil
instanceKlass com/fasterxml/jackson/databind/deser/BeanDeserializerBuilder
instanceKlass com/fasterxml/jackson/module/scala/introspect/ScalaAnnotationIntrospector$$$Lambda$2223
instanceKlass com/fasterxml/jackson/module/scala/introspect/ScalaAnnotationIntrospector$ScalaValueInstantiator$$anon$1
instanceKlass com/fasterxml/jackson/module/scala/introspect/ScalaAnnotationIntrospector$ScalaValueInstantiator$$Lambda$2222
instanceKlass com/fasterxml/jackson/module/scala/introspect/ScalaAnnotationIntrospector$ScalaValueInstantiator$$Lambda$2221
instanceKlass com/fasterxml/jackson/module/scala/introspect/ScalaAnnotationIntrospector$ScalaValueInstantiator$$Lambda$2220
instanceKlass com/fasterxml/jackson/module/scala/introspect/ScalaAnnotationIntrospector$ScalaValueInstantiator$$Lambda$2219
instanceKlass com/fasterxml/jackson/module/scala/introspect/ScalaAnnotationIntrospector$ScalaValueInstantiator$$Lambda$2218
instanceKlass com/fasterxml/jackson/module/scala/introspect/ClassOverrides
instanceKlass com/fasterxml/jackson/module/scala/introspect/ScalaAnnotationIntrospector$$$Lambda$2217
instanceKlass com/fasterxml/jackson/module/scala/introspect/ScalaAnnotationIntrospector$$$Lambda$2216
instanceKlass com/fasterxml/jackson/module/scala/introspect/ScalaAnnotationIntrospector$$$Lambda$2215
instanceKlass com/fasterxml/jackson/databind/deser/impl/CreatorCandidate$Param
instanceKlass com/fasterxml/jackson/databind/deser/impl/CreatorCandidate
instanceKlass com/fasterxml/jackson/databind/deser/BasicDeserializerFactory$1
instanceKlass com/fasterxml/jackson/databind/deser/BasicDeserializerFactory$CreatorCollectionState
instanceKlass com/fasterxml/jackson/databind/introspect/POJOPropertyBuilder$MemberIterator
instanceKlass com/fasterxml/jackson/databind/deser/impl/CreatorCollector
instanceKlass com/fasterxml/jackson/databind/cfg/ConstructorDetector
instanceKlass com/fasterxml/jackson/core/JsonLocation
instanceKlass com/fasterxml/jackson/databind/deser/impl/JDKValueInstantiators
instanceKlass com/fasterxml/jackson/databind/annotation/JsonValueInstantiator
instanceKlass com/fasterxml/jackson/databind/jsontype/impl/SubTypeValidator
instanceKlass com/fasterxml/jackson/databind/deser/std/JdkDeserializers
instanceKlass org/apache/spark/sql/execution/CodegenSupport$$Lambda$2214
instanceKlass org/apache/spark/sql/catalyst/expressions/EquivalentExpressions
instanceKlass org/apache/spark/sql/catalyst/expressions/codegen/CodegenContext
instanceKlass org/apache/spark/sql/execution/SparkPlan$$Lambda$2213
instanceKlass org/apache/spark/sql/execution/SparkPlan$$Lambda$2212
instanceKlass org/apache/spark/sql/execution/SparkPlan$$Lambda$2211
instanceKlass com/fasterxml/jackson/databind/ser/impl/PropertySerializerMap$SerializerAndMapResult
instanceKlass com/fasterxml/jackson/annotation/JsonFilter
instanceKlass com/fasterxml/jackson/annotation/JsonIncludeProperties
instanceKlass com/fasterxml/jackson/annotation/JsonIncludeProperties$Value
instanceKlass com/fasterxml/jackson/annotation/JsonIgnoreProperties
instanceKlass com/fasterxml/jackson/annotation/JsonIgnoreProperties$Value
instanceKlass com/fasterxml/jackson/databind/annotation/JsonAppend
instanceKlass com/fasterxml/jackson/databind/ser/impl/PropertySerializerMap
instanceKlass com/fasterxml/jackson/databind/introspect/POJOPropertyBuilder$1
instanceKlass com/fasterxml/jackson/databind/ser/PropertyBuilder$1
instanceKlass com/fasterxml/jackson/databind/annotation/JsonTypeResolver
instanceKlass com/fasterxml/jackson/databind/BeanProperty$Std
instanceKlass com/fasterxml/jackson/databind/introspect/POJOPropertyBuilder$2
instanceKlass com/fasterxml/jackson/annotation/JsonTypeId
instanceKlass com/fasterxml/jackson/databind/introspect/POJOPropertyBuilder$3
instanceKlass com/fasterxml/jackson/databind/ser/PropertyBuilder
instanceKlass com/fasterxml/jackson/databind/introspect/AnnotationCollector$OneAnnotation
instanceKlass com/fasterxml/jackson/annotation/JsonIgnoreType
instanceKlass com/fasterxml/jackson/databind/ser/BeanSerializerBuilder
instanceKlass com/fasterxml/jackson/databind/ObjectWriter
instanceKlass com/fasterxml/jackson/databind/util/BeanUtil
instanceKlass com/fasterxml/jackson/databind/ext/Java7Handlers
instanceKlass org/w3c/dom/Document
instanceKlass com/fasterxml/jackson/databind/ext/OptionalHandlerFactory
instanceKlass com/fasterxml/jackson/databind/PropertyMetadata
instanceKlass com/fasterxml/jackson/annotation/JsonPropertyDescription
instanceKlass com/fasterxml/jackson/databind/annotation/JsonNaming
instanceKlass com/fasterxml/jackson/annotation/JacksonInject
instanceKlass com/fasterxml/jackson/databind/introspect/POJOPropertyBuilder$6
instanceKlass com/fasterxml/jackson/databind/introspect/POJOPropertyBuilder$5
instanceKlass com/fasterxml/jackson/module/scala/introspect/ScalaAnnotationIntrospector$$$Lambda$2210
instanceKlass com/fasterxml/jackson/module/scala/introspect/ScalaAnnotationIntrospector$$$Lambda$2209
instanceKlass com/fasterxml/jackson/module/scala/introspect/ScalaAnnotationIntrospector$$$Lambda$2208
instanceKlass com/fasterxml/jackson/module/scala/introspect/ScalaAnnotationIntrospector$$$Lambda$2207
instanceKlass com/fasterxml/jackson/module/scala/introspect/JavaParameterIntrospector$$$Lambda$2206
instanceKlass com/fasterxml/jackson/module/scala/introspect/JavaParameterIntrospector$$$Lambda$2205
instanceKlass com/fasterxml/jackson/databind/type/TypeBindings$AsKey
instanceKlass com/fasterxml/jackson/databind/type/TypeBindings$TypeParamStash
instanceKlass com/fasterxml/jackson/module/scala/introspect/ScalaAnnotationIntrospector$$$Lambda$2204
instanceKlass com/fasterxml/jackson/module/scala/introspect/ScalaAnnotationIntrospector$$$Lambda$2203
instanceKlass com/fasterxml/jackson/module/scala/introspect/ScalaAnnotationIntrospector$$$Lambda$2202
instanceKlass com/fasterxml/jackson/module/scala/introspect/ScalaAnnotationIntrospector$$$Lambda$2201
instanceKlass com/fasterxml/jackson/module/scala/introspect/ScalaAnnotationIntrospector$$$Lambda$2200
instanceKlass com/fasterxml/jackson/module/scala/introspect/ScalaAnnotationIntrospector$$$Lambda$2199
instanceKlass com/fasterxml/jackson/module/scala/introspect/ScalaAnnotationIntrospector$$$Lambda$2198
instanceKlass com/fasterxml/jackson/module/scala/introspect/ScalaAnnotationIntrospector$$$Lambda$2197
instanceKlass com/fasterxml/jackson/module/scala/introspect/ScalaAnnotationIntrospector$$$Lambda$2196
instanceKlass com/fasterxml/jackson/module/scala/introspect/ScalaAnnotationIntrospector$$$Lambda$2195
instanceKlass com/fasterxml/jackson/module/scala/introspect/ScalaAnnotationIntrospector$$$Lambda$2194
instanceKlass com/fasterxml/jackson/module/scala/introspect/ScalaAnnotationIntrospector$$$Lambda$2193
instanceKlass com/fasterxml/jackson/module/scala/introspect/ScalaAnnotationIntrospector$$$Lambda$2192
instanceKlass com/fasterxml/jackson/annotation/JsonCreator
instanceKlass com/fasterxml/jackson/databind/introspect/MethodGenericTypeResolver
instanceKlass com/fasterxml/jackson/module/scala/introspect/ScalaAnnotationIntrospector$$$Lambda$2191
instanceKlass com/fasterxml/jackson/module/scala/introspect/ScalaAnnotationIntrospector$$$Lambda$2190
instanceKlass com/fasterxml/jackson/annotation/JsonSetter
instanceKlass com/fasterxml/jackson/module/scala/introspect/ScalaAnnotationIntrospector$$$Lambda$2189
instanceKlass com/fasterxml/jackson/module/scala/introspect/ScalaAnnotationIntrospector$$$Lambda$2188
instanceKlass com/fasterxml/jackson/module/scala/introspect/ScalaAnnotationIntrospector$$$Lambda$2187
instanceKlass com/fasterxml/jackson/module/scala/introspect/ScalaAnnotationIntrospector$$$Lambda$2186
instanceKlass com/fasterxml/jackson/databind/introspect/AnnotatedMethodMap
instanceKlass com/fasterxml/jackson/databind/introspect/AnnotatedMethodCollector$MethodBuilder
instanceKlass com/fasterxml/jackson/databind/introspect/MemberKey
instanceKlass com/fasterxml/jackson/databind/introspect/POJOPropertyBuilder$Linked
instanceKlass com/fasterxml/jackson/databind/AnnotationIntrospector$ReferenceProperty
instanceKlass com/fasterxml/jackson/databind/introspect/POJOPropertyBuilder$WithMember
instanceKlass com/fasterxml/jackson/annotation/JsonAutoDetect$1
instanceKlass com/fasterxml/jackson/annotation/JsonGetter
instanceKlass com/fasterxml/jackson/module/scala/introspect/ScalaAnnotationIntrospector$$$Lambda$2185
instanceKlass com/fasterxml/jackson/module/scala/introspect/ScalaAnnotationIntrospector$$$Lambda$2184
instanceKlass com/fasterxml/jackson/module/scala/introspect/ScalaAnnotationIntrospector$$$Lambda$2183
instanceKlass com/fasterxml/jackson/module/scala/introspect/ScalaAnnotationIntrospector$$$Lambda$2182
instanceKlass com/fasterxml/jackson/module/scala/introspect/BeanDescriptor
instanceKlass com/fasterxml/jackson/module/scala/introspect/BeanIntrospector$$$Lambda$2181
instanceKlass com/fasterxml/jackson/module/scala/introspect/BeanIntrospector$$$Lambda$2180
instanceKlass com/fasterxml/jackson/module/scala/introspect/BeanIntrospector$$$Lambda$2179
instanceKlass com/fasterxml/jackson/module/scala/introspect/BeanIntrospector$$$Lambda$2178
instanceKlass com/fasterxml/jackson/module/scala/introspect/BeanIntrospector$$$Lambda$2177
instanceKlass com/fasterxml/jackson/module/scala/introspect/BeanIntrospector$$$Lambda$2176
instanceKlass com/fasterxml/jackson/module/scala/introspect/BeanIntrospector$$$Lambda$2175
instanceKlass com/fasterxml/jackson/module/scala/introspect/BeanIntrospector$$$Lambda$2174
instanceKlass com/fasterxml/jackson/module/scala/introspect/BeanIntrospector$$$Lambda$2173
instanceKlass com/fasterxml/jackson/module/scala/introspect/BeanIntrospector$$$Lambda$2172
instanceKlass com/fasterxml/jackson/module/scala/introspect/BeanIntrospector$$$Lambda$2171
instanceKlass com/fasterxml/jackson/module/scala/introspect/BeanIntrospector$$$Lambda$2170
instanceKlass com/fasterxml/jackson/module/scala/introspect/BeanIntrospector$$$Lambda$2169
instanceKlass com/fasterxml/jackson/annotation/JsonProperty
instanceKlass com/fasterxml/jackson/module/scala/introspect/BeanIntrospector$$$Lambda$2168
instanceKlass com/fasterxml/jackson/module/scala/introspect/BeanIntrospector$$$Lambda$2167
instanceKlass com/fasterxml/jackson/module/scala/introspect/BeanIntrospector$$$Lambda$2166
instanceKlass com/fasterxml/jackson/module/scala/introspect/BeanIntrospector$$$Lambda$2165
instanceKlass com/fasterxml/jackson/module/scala/introspect/BeanIntrospector$$$Lambda$2164
instanceKlass com/fasterxml/jackson/module/scala/introspect/BeanIntrospector$$$Lambda$2163
instanceKlass com/fasterxml/jackson/module/scala/introspect/BeanIntrospector$$$Lambda$2162
instanceKlass com/fasterxml/jackson/module/scala/introspect/BeanIntrospector$$$Lambda$2161
instanceKlass com/fasterxml/jackson/module/scala/introspect/BeanIntrospector$$$Lambda$2160
instanceKlass com/fasterxml/jackson/module/scala/introspect/BeanIntrospector$$$Lambda$2159
instanceKlass com/fasterxml/jackson/module/scala/introspect/BeanIntrospector$$$Lambda$2158
instanceKlass com/fasterxml/jackson/module/scala/introspect/BeanIntrospector$$anonfun$$nestedInanonfun$apply$3$1$$Lambda$2157
instanceKlass com/fasterxml/jackson/module/scala/introspect/PropertyDescriptor$$Lambda$2156
instanceKlass com/fasterxml/jackson/module/scala/introspect/BeanIntrospector$$$Lambda$2155
instanceKlass com/fasterxml/jackson/module/scala/introspect/BeanIntrospector$$$Lambda$2154
instanceKlass scala/collection/TraversableOnce$$Lambda$2153
instanceKlass com/fasterxml/jackson/module/scala/introspect/BeanIntrospector$$$Lambda$2152
instanceKlass com/fasterxml/jackson/module/scala/introspect/ConstructorParameter
instanceKlass scala/collection/GenSeqLike$$Lambda$2151
instanceKlass com/fasterxml/jackson/module/scala/introspect/BeanIntrospector$$$Lambda$2150
instanceKlass com/fasterxml/jackson/module/scala/introspect/JavaParameterIntrospector$$$Lambda$2149
instanceKlass com/thoughtworks/paranamer/BytecodeReadingParanamer$MethodCollector
instanceKlass com/thoughtworks/paranamer/BytecodeReadingParanamer$Type
instanceKlass com/thoughtworks/paranamer/BytecodeReadingParanamer$TypeCollector
instanceKlass com/thoughtworks/paranamer/BytecodeReadingParanamer$ClassReader
instanceKlass com/fasterxml/jackson/module/scala/introspect/JavaParameterIntrospector$$$Lambda$2148
instanceKlass com/fasterxml/jackson/module/scala/introspect/JavaParameterIntrospector$
instanceKlass com/fasterxml/jackson/module/scala/introspect/BeanIntrospector$$$Lambda$2147
instanceKlass com/fasterxml/jackson/module/scala/introspect/BeanIntrospector$$$Lambda$2146
instanceKlass com/fasterxml/jackson/module/scala/introspect/BeanIntrospector$$$Lambda$2145
instanceKlass com/fasterxml/jackson/module/scala/introspect/PropertyDescriptor
instanceKlass com/fasterxml/jackson/module/scala/introspect/BeanIntrospector$$$Lambda$2144
instanceKlass com/fasterxml/jackson/module/scala/introspect/BeanIntrospector$$$Lambda$2143
instanceKlass scala/collection/immutable/Stream$$Lambda$2142
instanceKlass com/fasterxml/jackson/module/scala/introspect/BeanIntrospector$$$Lambda$2141
instanceKlass scala/collection/immutable/Stream$$Lambda$2140
instanceKlass com/fasterxml/jackson/module/scala/introspect/BeanIntrospector$$$Lambda$2139
instanceKlass scala/collection/immutable/Stream$$Lambda$2138
instanceKlass scala/collection/immutable/Stream$ConsWrapper
instanceKlass com/fasterxml/jackson/module/scala/introspect/BeanIntrospector$$$Lambda$2137
instanceKlass com/fasterxml/jackson/module/scala/introspect/LazyListSupport$
instanceKlass scala/collection/TraversableLike$WithFilter$$Lambda$2136
instanceKlass com/fasterxml/jackson/module/scala/introspect/BeanIntrospector$$$Lambda$2135
instanceKlass com/fasterxml/jackson/module/scala/introspect/BeanIntrospector$$$Lambda$2134
instanceKlass java/lang/invoke/LambdaForm$DMH
instanceKlass com/fasterxml/jackson/module/scala/introspect/BeanIntrospector$$$Lambda$2133
instanceKlass com/fasterxml/jackson/module/scala/introspect/BeanIntrospector$$$Lambda$2132
instanceKlass com/fasterxml/jackson/module/scala/introspect/BeanIntrospector$$$Lambda$2131
instanceKlass com/fasterxml/jackson/module/scala/introspect/BeanIntrospector$$$Lambda$2130
instanceKlass com/fasterxml/jackson/module/scala/introspect/BeanIntrospector$$$Lambda$2129
instanceKlass com/fasterxml/jackson/module/scala/introspect/BeanIntrospector$$$Lambda$2128
instanceKlass com/fasterxml/jackson/module/scala/introspect/BeanIntrospector$$$Lambda$2127
instanceKlass com/fasterxml/jackson/module/scala/introspect/BeanIntrospector$
instanceKlass com/fasterxml/jackson/module/scala/introspect/ScalaAnnotationIntrospector$$$Lambda$2126
instanceKlass com/fasterxml/jackson/module/scala/util/TastyUtil$
instanceKlass com/fasterxml/jackson/module/scala/util/ClassW$$Lambda$2125
instanceKlass com/fasterxml/jackson/module/scala/util/ClassW$$anon$1
instanceKlass com/fasterxml/jackson/module/scala/util/ClassW
instanceKlass com/fasterxml/jackson/module/scala/util/PimpedType
instanceKlass com/fasterxml/jackson/module/scala/util/ClassW$
instanceKlass com/fasterxml/jackson/module/scala/introspect/ScalaAnnotationIntrospector$$$Lambda$2124
instanceKlass com/fasterxml/jackson/module/scala/util/Implicits$
instanceKlass com/fasterxml/jackson/module/scala/util/Strings
instanceKlass com/fasterxml/jackson/module/scala/util/Options
instanceKlass com/fasterxml/jackson/module/scala/util/Classes
instanceKlass com/fasterxml/jackson/module/scala/introspect/JavaAnnotationIntrospector$$$Lambda$2123
instanceKlass com/fasterxml/jackson/module/scala/introspect/JavaAnnotationIntrospector$$$Lambda$2122
instanceKlass com/fasterxml/jackson/annotation/JsonAnySetter
instanceKlass com/fasterxml/jackson/annotation/JsonAnyGetter
instanceKlass com/fasterxml/jackson/annotation/JsonValue
instanceKlass com/fasterxml/jackson/annotation/JsonKey
instanceKlass com/fasterxml/jackson/databind/introspect/AnnotatedFieldCollector$FieldBuilder
instanceKlass com/fasterxml/jackson/databind/introspect/TypeResolutionContext$Basic
instanceKlass com/fasterxml/jackson/databind/introspect/CollectorBase
instanceKlass com/fasterxml/jackson/databind/util/ArrayIterator
instanceKlass com/fasterxml/jackson/annotation/JsonIdentityInfo
instanceKlass com/fasterxml/jackson/annotation/JsonAutoDetect
instanceKlass com/fasterxml/jackson/databind/introspect/POJOPropertiesCollector
instanceKlass com/fasterxml/jackson/databind/introspect/AnnotationMap
instanceKlass com/fasterxml/jackson/annotation/JacksonAnnotationsInside
instanceKlass com/fasterxml/jackson/annotation/JsonPropertyOrder
instanceKlass com/fasterxml/jackson/annotation/JsonInclude
instanceKlass com/fasterxml/jackson/databind/util/internal/PrivateMaxEntriesMap$AddTask
instanceKlass com/fasterxml/jackson/databind/util/internal/PrivateMaxEntriesMap$WeightedValue
instanceKlass com/fasterxml/jackson/databind/type/ClassStack
instanceKlass com/fasterxml/jackson/databind/util/internal/PrivateMaxEntriesMap$EntryIterator
instanceKlass com/fasterxml/jackson/databind/ser/impl/ReadOnlyClassToSerializerMap$$Lambda$2121
instanceKlass com/fasterxml/jackson/databind/util/TypeKey
instanceKlass com/fasterxml/jackson/databind/ser/impl/ReadOnlyClassToSerializerMap$Bucket
instanceKlass com/fasterxml/jackson/databind/ser/impl/ReadOnlyClassToSerializerMap
instanceKlass com/fasterxml/jackson/core/util/JacksonFeatureSet
instanceKlass com/fasterxml/jackson/core/JsonStreamContext
instanceKlass com/fasterxml/jackson/core/io/IOContext
instanceKlass com/fasterxml/jackson/core/io/ContentReference
instanceKlass com/fasterxml/jackson/core/util/TextBuffer
instanceKlass com/fasterxml/jackson/core/util/BufferRecycler
instanceKlass com/fasterxml/jackson/core/util/BufferRecyclers
instanceKlass org/apache/spark/rdd/RDDOperationScope$$$Lambda$2120
instanceKlass org/apache/spark/rdd/RDDOperationScope
instanceKlass org/apache/spark/sql/execution/SparkPlan$$Lambda$2119
instanceKlass scala/collection/mutable/SortedMap
instanceKlass scala/collection/generic/SortedMapFactory
instanceKlass com/fasterxml/jackson/module/scala/deser/GenericMapFactoryDeserializerResolver$$Lambda$2118
instanceKlass com/fasterxml/jackson/module/scala/deser/GenericMapFactoryDeserializerResolver$$Lambda$2117
instanceKlass com/fasterxml/jackson/module/scala/deser/GenericMapFactoryDeserializerResolver$$Lambda$2116
instanceKlass com/fasterxml/jackson/module/scala/deser/GenericMapFactoryDeserializerResolver$$Lambda$2115
instanceKlass com/fasterxml/jackson/module/scala/deser/GenericMapFactoryDeserializerResolver$$Lambda$2114
instanceKlass com/fasterxml/jackson/module/scala/deser/GenericFactoryDeserializerResolver$$Lambda$2113
instanceKlass com/fasterxml/jackson/module/scala/deser/GenericFactoryDeserializerResolver$$Lambda$2112
instanceKlass java/lang/invoke/LambdaForm$DMH
instanceKlass com/fasterxml/jackson/module/scala/deser/GenericFactoryDeserializerResolver$$Lambda$2111
instanceKlass java/lang/invoke/LambdaForm$DMH
instanceKlass com/fasterxml/jackson/module/scala/deser/GenericFactoryDeserializerResolver$$Lambda$2110
instanceKlass com/fasterxml/jackson/module/scala/deser/GenericFactoryDeserializerResolver$$Lambda$2109
instanceKlass scala/collection/mutable/LinearSeq
instanceKlass scala/collection/generic/GenericClassTagTraversableTemplate
instanceKlass com/fasterxml/jackson/databind/deser/ValueInstantiator
instanceKlass com/fasterxml/jackson/databind/deser/ContextualKeyDeserializer
instanceKlass com/fasterxml/jackson/module/scala/deser/EnumerationKeyDeserializers$
instanceKlass com/fasterxml/jackson/module/scala/deser/ContextualEnumerationDeserializer
instanceKlass com/fasterxml/jackson/module/scala/JacksonModule$$Lambda$2108
instanceKlass com/fasterxml/jackson/module/scala/VersionExtractor$
instanceKlass com/fasterxml/jackson/databind/cfg/PackageVersion
instanceKlass com/fasterxml/jackson/core/util/VersionUtil
instanceKlass com/fasterxml/jackson/module/scala/JacksonModule$
instanceKlass com/fasterxml/jackson/module/scala/deser/SymbolDeserializerModule$$Lambda$2107
instanceKlass com/fasterxml/jackson/module/scala/ser/SymbolSerializerModule$$Lambda$2106
instanceKlass com/fasterxml/jackson/module/scala/ser/EitherSerializerModule$$Lambda$2105
instanceKlass com/fasterxml/jackson/module/scala/deser/UntypedObjectDeserializerModule$$Lambda$2104
instanceKlass com/fasterxml/jackson/module/scala/introspect/ScalaAnnotationIntrospectorModule$$Lambda$2103
instanceKlass com/fasterxml/jackson/module/scala/introspect/ScalaAnnotationIntrospectorModule$$Lambda$2102
instanceKlass com/fasterxml/jackson/module/scala/introspect/ScalaAnnotationIntrospectorModule$$Lambda$2101
instanceKlass com/fasterxml/jackson/module/scala/deser/SortedSetDeserializerModule$$Lambda$2100
instanceKlass com/fasterxml/jackson/module/scala/deser/UnsortedSetDeserializerModule$$Lambda$2099
instanceKlass com/fasterxml/jackson/module/scala/deser/SortedMapDeserializerModule$$Lambda$2098
instanceKlass com/fasterxml/jackson/module/scala/deser/UnsortedMapDeserializerModule$$Lambda$2097
instanceKlass com/fasterxml/jackson/databind/util/Converter
instanceKlass com/fasterxml/jackson/module/scala/ser/TupleSerializerModule$$Lambda$2096
instanceKlass com/fasterxml/jackson/module/scala/deser/SeqDeserializerModule$$Lambda$2095
instanceKlass com/fasterxml/jackson/module/scala/ser/IterableSerializer
instanceKlass com/fasterxml/jackson/module/scala/JacksonModule$$Lambda$2094
instanceKlass com/fasterxml/jackson/databind/deser/Deserializers$Base
instanceKlass com/fasterxml/jackson/module/scala/ser/OptionSerializerModule$$Lambda$2093
instanceKlass com/fasterxml/jackson/module/scala/deser/EnumerationDeserializerModule$$Lambda$2092
instanceKlass com/fasterxml/jackson/module/scala/ser/ContextualEnumerationSerializer
instanceKlass com/fasterxml/jackson/module/scala/JacksonModule$$Lambda$2091
instanceKlass com/fasterxml/jackson/module/scala/ser/IteratorSerializer
instanceKlass com/fasterxml/jackson/module/scala/JacksonModule$$Lambda$2090
instanceKlass org/apache/spark/sql/execution/ui/SQLAppStatusListener$$Lambda$2089
instanceKlass org/apache/spark/sql/execution/ui/SQLAppStatusListener$$Lambda$2088
instanceKlass org/apache/spark/sql/execution/ui/SparkPlanGraphClusterWrapper
instanceKlass org/apache/spark/sql/execution/ui/SQLAppStatusListener$$Lambda$2087
instanceKlass org/apache/spark/sql/execution/ui/SparkPlanGraphNodeWrapper
instanceKlass org/apache/spark/sql/execution/ui/SparkPlanGraphWrapper
instanceKlass org/apache/spark/sql/execution/ui/SQLAppStatusListener$$Lambda$2086
instanceKlass org/apache/spark/sql/execution/ui/SQLAppStatusListener$$Lambda$2085
instanceKlass org/apache/spark/sql/execution/ui/SparkPlanGraph$$Lambda$2084
instanceKlass org/apache/spark/sql/execution/ui/SparkPlanGraph
instanceKlass org/apache/spark/sql/execution/ui/SparkPlanGraphEdge
instanceKlass com/fasterxml/jackson/databind/type/TypeModifier
instanceKlass org/apache/spark/sql/execution/ui/SparkPlanGraph$$$Lambda$2083
instanceKlass org/apache/spark/sql/execution/ui/SparkPlanGraph$$$Lambda$2082
instanceKlass org/apache/spark/rdd/RDDOperationScope$
instanceKlass org/apache/spark/sql/execution/ui/SparkPlanGraphNode
instanceKlass org/apache/spark/sql/execution/SparkPlan$$Lambda$2081
instanceKlass org/apache/spark/sql/catalyst/encoders/ExpressionEncoder$Deserializer
instanceKlass org/apache/spark/sql/execution/ui/SparkPlanGraph$$$Lambda$2080
instanceKlass org/apache/spark/sql/execution/ui/SQLPlanMetric
instanceKlass org/apache/spark/sql/execution/ui/SparkPlanGraph$
instanceKlass org/apache/spark/sql/execution/SparkPlan$$Lambda$2079
instanceKlass org/apache/spark/sql/execution/SparkPlan$$Lambda$2078
instanceKlass org/apache/spark/scheduler/SparkListenerMiscellaneousProcessAdded
instanceKlass org/apache/spark/scheduler/SparkListenerLogStart
instanceKlass org/apache/spark/sql/Dataset$$Lambda$2077
instanceKlass org/apache/spark/sql/execution/DataSourceScanExec$$Lambda$2076
instanceKlass org/apache/spark/sql/execution/FileSourceScanLike$$Lambda$2075
instanceKlass org/apache/spark/sql/execution/SparkPlanInfo$$$Lambda$2074
instanceKlass org/apache/spark/sql/execution/SparkPlanInfo
instanceKlass org/apache/spark/sql/execution/SparkPlanInfo$$$Lambda$2073
instanceKlass org/apache/spark/util/AccumulatorV2$$Lambda$2072
instanceKlass org/apache/spark/sql/execution/SparkPlanInfo$$$Lambda$2071
instanceKlass org/apache/spark/sql/execution/metric/SQLMetricInfo
instanceKlass scala/collection/immutable/HashMap$$Lambda$2070
instanceKlass org/apache/spark/sql/execution/metric/SQLShuffleWriteMetricsReporter$
instanceKlass org/apache/spark/sql/execution/metric/SQLMetric$
instanceKlass org/apache/spark/sql/execution/metric/SQLMetrics$
instanceKlass org/apache/spark/sql/execution/metric/SQLShuffleReadMetricsReporter$
instanceKlass org/apache/spark/sql/execution/SparkPlanInfo$
instanceKlass org/apache/spark/sql/execution/ExplainUtils$$$Lambda$2069
instanceKlass org/apache/spark/sql/execution/ExplainUtils$$$Lambda$2068
instanceKlass org/apache/spark/sql/execution/ExplainUtils$$$Lambda$2067
instanceKlass org/apache/spark/sql/catalyst/plans/logical/TableSpec
instanceKlass org/apache/spark/sql/util/CaseInsensitiveStringMap
instanceKlass org/apache/spark/sql/catalyst/trees/TreeNode$$Lambda$2066
instanceKlass org/apache/spark/sql/execution/CollectLimitExec$$Lambda$2065
instanceKlass org/apache/spark/sql/execution/CollectLimitExec$$Lambda$2064
instanceKlass org/apache/spark/sql/catalyst/plans/QueryPlan$$Lambda$2063
instanceKlass org/apache/spark/sql/catalyst/plans/QueryPlan$$Lambda$2062
instanceKlass org/apache/spark/sql/catalyst/plans/QueryPlan$$Lambda$2061
instanceKlass org/apache/spark/sql/catalyst/plans/QueryPlan$$Lambda$2060
instanceKlass org/apache/spark/sql/execution/FileSourceScanLike$$Lambda$2059
instanceKlass org/apache/spark/sql/execution/FileSourceScanLike$$Lambda$2058
instanceKlass org/apache/spark/sql/execution/FileSourceScanLike$$Lambda$2057
instanceKlass org/apache/spark/sql/execution/FileSourceScanLike$$Lambda$2056
instanceKlass org/apache/spark/sql/catalyst/plans/logical/EventTimeWatermark$
instanceKlass org/apache/spark/sql/catalyst/expressions/Expression$$Lambda$2055
instanceKlass org/apache/spark/sql/catalyst/expressions/Expression$$Lambda$2054
instanceKlass org/apache/spark/sql/execution/FileSourceScanLike$$Lambda$2053
instanceKlass org/apache/spark/sql/catalyst/expressions/FileSourceConstantMetadataAttribute$
instanceKlass org/apache/spark/sql/execution/FileSourceScanLike$$Lambda$2052
instanceKlass org/apache/spark/sql/execution/FileSourceScanLike$$Lambda$2051
instanceKlass org/apache/spark/sql/catalyst/util/StringUtils$StringConcat$$Lambda$2050
instanceKlass org/apache/spark/sql/catalyst/util/StringUtils$StringConcat$
instanceKlass org/apache/spark/sql/execution/ExplainUtils$$$Lambda$2049
instanceKlass org/apache/spark/sql/execution/ExplainUtils$$$Lambda$2048
instanceKlass org/apache/spark/sql/execution/ExplainUtils$$$Lambda$2047
instanceKlass org/apache/spark/sql/execution/ExplainUtils$$$Lambda$2046
instanceKlass org/apache/spark/sql/catalyst/trees/TreeNode$$Lambda$2045
instanceKlass java/lang/invoke/LambdaForm$MH
instanceKlass java/lang/invoke/LambdaForm$DMH
instanceKlass java/lang/invoke/LambdaForm$DMH
instanceKlass org/apache/spark/sql/catalyst/trees/TreeNode$$Lambda$2044
instanceKlass java/lang/invoke/LambdaForm$DMH
instanceKlass org/apache/spark/sql/catalyst/plans/QueryPlan$$Lambda$2043
instanceKlass org/apache/spark/sql/catalyst/plans/QueryPlan$$Lambda$2042
instanceKlass scala/collection/immutable/StringLike$$Lambda$2041
instanceKlass org/apache/spark/sql/execution/ExplainUtils$$$Lambda$2040
instanceKlass org/apache/spark/sql/execution/ExplainUtils$$$Lambda$2039
instanceKlass org/apache/spark/sql/execution/ExplainUtils$$$Lambda$2038
instanceKlass scala/collection/mutable/BitSet$
instanceKlass org/apache/spark/sql/execution/ExplainUtils$$$Lambda$2037
instanceKlass org/apache/spark/sql/execution/ExplainUtils$$$Lambda$2036
instanceKlass org/apache/spark/sql/execution/ExplainUtils$$$Lambda$2035
instanceKlass org/apache/spark/sql/execution/ExplainUtils$$$Lambda$2034
instanceKlass org/apache/spark/sql/execution/ExplainUtils$$$Lambda$2033
instanceKlass org/apache/spark/sql/catalyst/plans/QueryPlan$$Lambda$2032
instanceKlass org/apache/spark/sql/catalyst/plans/QueryPlan$$Lambda$2031
instanceKlass org/apache/spark/sql/catalyst/plans/QueryPlan$
instanceKlass org/apache/spark/sql/execution/ExplainUtils$$$Lambda$2030
instanceKlass org/apache/spark/sql/execution/reuse/ReuseExchangeAndSubquery$$$Lambda$2029
instanceKlass org/apache/spark/sql/execution/CollapseCodegenStages$$Lambda$2028
instanceKlass org/apache/spark/sql/execution/CollapseCodegenStages$$Lambda$2027
instanceKlass org/apache/spark/sql/execution/CollapseCodegenStages$$Lambda$2026
instanceKlass org/apache/spark/sql/execution/CollapseCodegenStages$$Lambda$2025
instanceKlass org/apache/spark/sql/execution/CollapseCodegenStages$$Lambda$2024
instanceKlass org/apache/spark/sql/execution/ApplyColumnarRulesAndInsertTransitions$$Lambda$2023
instanceKlass org/apache/spark/sql/execution/WholeStageCodegenExec$$$Lambda$2022
instanceKlass org/apache/spark/sql/execution/WholeStageCodegenExec$
instanceKlass org/apache/spark/sql/execution/ApplyColumnarRulesAndInsertTransitions$$Lambda$2021
instanceKlass org/apache/spark/sql/execution/ApplyColumnarRulesAndInsertTransitions$$Lambda$2020
instanceKlass org/apache/spark/sql/execution/bucketing/DisableUnnecessaryBucketedScan$$$Lambda$2019
instanceKlass org/apache/spark/sql/catalyst/expressions/SortOrder$
instanceKlass org/apache/spark/sql/catalyst/plans/physical/ClusteredDistribution
instanceKlass org/apache/spark/sql/catalyst/plans/physical/Partitioning$$Lambda$2018
instanceKlass org/apache/spark/sql/catalyst/plans/physical/UnknownPartitioning
instanceKlass org/apache/spark/sql/execution/exchange/EnsureRequirements$$Lambda$2017
instanceKlass org/apache/spark/sql/execution/exchange/EnsureRequirements$$Lambda$2016
instanceKlass org/apache/spark/sql/execution/exchange/EnsureRequirements$$Lambda$2015
instanceKlass org/apache/spark/sql/execution/exchange/EnsureRequirements$$Lambda$2014
instanceKlass org/apache/spark/sql/execution/exchange/EnsureRequirements$$Lambda$2013
instanceKlass org/apache/spark/sql/execution/exchange/ENSURE_REQUIREMENTS$
instanceKlass org/apache/spark/sql/execution/SparkPlan$$Lambda$2012
instanceKlass org/apache/spark/sql/execution/RemoveRedundantProjects$$$Lambda$2011
instanceKlass org/apache/spark/sql/execution/window/WindowExecBase
instanceKlass org/apache/spark/sql/execution/aggregate/BaseAggregateExec
instanceKlass org/apache/spark/sql/execution/PlanSubqueries$$Lambda$2010
instanceKlass org/apache/spark/sql/execution/dynamicpruning/PlanDynamicPruningFilters$$Lambda$2009
instanceKlass org/apache/spark/sql/execution/adaptive/InsertAdaptiveSparkPlan$$Lambda$2008
instanceKlass org/apache/spark/sql/execution/adaptive/InsertAdaptiveSparkPlan$$Lambda$2007
instanceKlass org/apache/spark/sql/execution/adaptive/InsertAdaptiveSparkPlan$$Lambda$2006
instanceKlass org/apache/spark/sql/execution/SparkPlan$$Lambda$2005
instanceKlass org/apache/spark/sql/catalyst/plans/physical/UnspecifiedDistribution$
instanceKlass org/apache/spark/sql/execution/adaptive/InsertAdaptiveSparkPlan$$Lambda$2004
instanceKlass org/apache/spark/sql/execution/QueryExecution$$$Lambda$2003
instanceKlass org/apache/spark/sql/execution/SparkPlan$$Lambda$2002
instanceKlass org/apache/spark/sql/catalyst/planning/QueryPlanner$$Lambda$2001
instanceKlass org/apache/spark/sql/catalyst/planning/QueryPlanner$$Lambda$2000
instanceKlass org/apache/spark/sql/execution/SparkStrategies$$Lambda$1999
instanceKlass org/apache/spark/sql/catalyst/planning/QueryPlanner$$Lambda$1998
instanceKlass org/apache/spark/sql/catalyst/expressions/PredicateHelper$$Lambda$1997
instanceKlass org/apache/spark/sql/execution/FilterExec$$Lambda$1996
instanceKlass org/apache/spark/sql/execution/FilterExec$$Lambda$1995
instanceKlass org/apache/spark/sql/execution/FilterExec$$Lambda$1994
instanceKlass org/apache/spark/sql/execution/datasources/FileSourceStrategy$$$Lambda$1993
instanceKlass org/apache/spark/sql/execution/GeneratePredicateHelper
instanceKlass org/apache/spark/sql/execution/datasources/FileSourceStrategy$$$Lambda$1992
instanceKlass org/apache/spark/sql/execution/datasources/FileSourceStrategy$$$Lambda$1991
instanceKlass org/apache/spark/sql/execution/DataSourceScanExec$$Lambda$1990
instanceKlass org/apache/spark/sql/execution/DataSourceScanExec$$Lambda$1989
instanceKlass org/apache/spark/sql/execution/datasources/FileSourceStrategy$$$Lambda$1988
instanceKlass org/apache/spark/sql/catalyst/catalog/CatalogTable
instanceKlass org/apache/spark/sql/execution/datasources/FileSourceStrategy$$$Lambda$1987
instanceKlass org/apache/spark/sql/catalyst/expressions/package$AttributeSeq$$Lambda$1986
instanceKlass org/apache/spark/sql/execution/datasources/FileSourceStrategy$$$Lambda$1985
instanceKlass org/apache/spark/sql/catalyst/expressions/MetadataAttribute$
instanceKlass org/apache/spark/sql/execution/datasources/FileSourceStrategy$MetadataStructColumn$1$
instanceKlass org/apache/spark/sql/execution/datasources/FileSourceStrategy$$$Lambda$1984
instanceKlass org/apache/spark/sql/execution/datasources/FileSourceStrategy$$$Lambda$1983
instanceKlass org/apache/spark/sql/catalyst/expressions/AttributeSet$$Lambda$1982
instanceKlass scala/collection/mutable/SetLike$$Lambda$1981
instanceKlass org/apache/spark/sql/catalyst/expressions/AttributeSet$$Lambda$1980
instanceKlass org/apache/spark/sql/execution/datasources/FileSourceStrategy$$$Lambda$1979
instanceKlass org/apache/spark/sql/execution/datasources/FileSourceStrategy$$$Lambda$1978
instanceKlass org/apache/spark/sql/execution/datasources/FileSourceStrategy$$$Lambda$1977
instanceKlass org/apache/spark/sql/execution/datasources/PushableColumnBase
instanceKlass org/apache/spark/sql/execution/datasources/PushableColumn$
instanceKlass org/apache/spark/sql/execution/datasources/FileSourceStrategy$$$Lambda$1976
instanceKlass org/apache/spark/sql/execution/datasources/FileSourceStrategy$$$Lambda$1975
instanceKlass org/apache/spark/sql/execution/datasources/FileSourceStrategy$$$Lambda$1974
instanceKlass org/apache/spark/sql/catalyst/plans/logical/LogicalPlan$$Lambda$1973
instanceKlass org/apache/spark/sql/catalyst/plans/logical/LogicalPlan$$Lambda$1972
instanceKlass org/apache/spark/sql/catalyst/plans/logical/LogicalPlan$$Lambda$1971
instanceKlass org/apache/spark/sql/catalyst/expressions/SubqueryExpression$$$Lambda$1970
instanceKlass org/apache/spark/sql/execution/datasources/FileSourceStrategy$$$Lambda$1969
instanceKlass org/apache/spark/sql/catalyst/plans/logical/LogicalPlan$$Lambda$1968
instanceKlass org/apache/spark/sql/execution/datasources/DataSourceStrategy$$anonfun$$nestedInanonfun$normalizeExprs$1$1$$Lambda$1967
instanceKlass org/apache/spark/sql/execution/datasources/DataSourceStrategy$$anonfun$$nestedInanonfun$normalizeExprs$1$1$$Lambda$1966
instanceKlass org/apache/spark/sql/execution/datasources/DataSourceStrategy$$$Lambda$1965
instanceKlass org/apache/spark/sql/execution/datasources/FileSourceStrategy$$$Lambda$1964
instanceKlass org/apache/spark/sql/catalyst/planning/QueryPlanner$$Lambda$1963
instanceKlass org/apache/spark/sql/execution/UnsafeRowSerializer$
instanceKlass org/apache/spark/sql/execution/SparkPlan$
instanceKlass org/apache/spark/sql/catalyst/plans/physical/Partitioning
instanceKlass org/apache/spark/sql/execution/SparkStrategies$SpecialLimits$$$Lambda$1962
instanceKlass org/apache/spark/sql/catalyst/plans/logical/LeafCommand
instanceKlass org/apache/spark/sql/catalyst/planning/QueryPlanner$$Lambda$1961
instanceKlass org/apache/spark/sql/catalyst/planning/QueryPlanner$$Lambda$1960
instanceKlass org/apache/spark/sql/execution/exchange/ShuffleOrigin
instanceKlass org/apache/spark/sql/execution/LimitExec
instanceKlass org/apache/spark/sql/SparkSessionExtensions$$Lambda$1959
instanceKlass org/apache/spark/sql/execution/QueryExecution$$Lambda$1958
instanceKlass org/apache/spark/sql/execution/InputRDDCodegen
instanceKlass org/apache/spark/sql/execution/RowToColumnarTransition
instanceKlass org/apache/spark/sql/execution/ColumnarToRowTransition
instanceKlass org/apache/spark/sql/execution/FileSourceScanLike
instanceKlass org/apache/spark/sql/execution/DataSourceScanExec
instanceKlass org/apache/spark/sql/catalyst/plans/physical/Distribution
instanceKlass org/apache/spark/sql/execution/joins/HashJoin
instanceKlass org/apache/spark/sql/execution/BlockingOperatorWithCodegen
instanceKlass org/apache/spark/sql/execution/exchange/BroadcastExchangeLike
instanceKlass org/apache/spark/sql/execution/exchange/ShuffleExchangeLike
instanceKlass org/apache/spark/sql/catalyst/plans/physical/ShuffleSpec
instanceKlass org/apache/spark/sql/execution/datasources/v2/DataSourceV2ScanExecBase
instanceKlass org/apache/spark/sql/catalyst/plans/physical/BroadcastMode
instanceKlass org/apache/spark/sql/execution/joins/ShuffledJoin
instanceKlass org/apache/spark/sql/execution/joins/JoinCodegenSupport
instanceKlass org/apache/spark/sql/execution/joins/BaseJoinExec
instanceKlass org/apache/spark/sql/execution/BinaryExecNode
instanceKlass org/apache/spark/sql/execution/adaptive/AdaptiveExecutionContext
instanceKlass org/apache/spark/sql/execution/QueryExecution$$Lambda$1957
instanceKlass org/apache/spark/sql/execution/python/ExtractPythonUDFs$$$Lambda$1956
instanceKlass org/apache/spark/sql/execution/python/ExtractGroupingPythonUDFFromAggregate$$$Lambda$1955
instanceKlass org/apache/spark/sql/execution/python/ExtractPythonUDFFromAggregate$$$Lambda$1954
instanceKlass org/apache/spark/sql/catalyst/optimizer/ExtractPythonUDFFromJoinCondition$$$Lambda$1953
instanceKlass org/apache/spark/sql/execution/dynamicpruning/CleanupDynamicPruningFilters$$$Lambda$1952
instanceKlass org/apache/spark/sql/catalyst/optimizer/MergeScalarSubqueries$$$Lambda$1951
instanceKlass org/apache/spark/sql/catalyst/optimizer/MergeScalarSubqueries$$$Lambda$1950
instanceKlass org/apache/spark/sql/catalyst/optimizer/MergeScalarSubqueries$Header
instanceKlass org/apache/spark/sql/catalyst/optimizer/MergeScalarSubqueries$$anonfun$removeReferences$1$$Lambda$1949
instanceKlass org/apache/spark/sql/catalyst/optimizer/MergeScalarSubqueries$$$Lambda$1948
instanceKlass org/apache/spark/sql/catalyst/optimizer/MergeScalarSubqueries$$anonfun$insertReferences$1$$Lambda$1947
instanceKlass org/apache/spark/sql/catalyst/optimizer/ReplaceUpdateFieldsExpression$$$Lambda$1946
instanceKlass org/apache/spark/sql/catalyst/optimizer/NormalizeFloatingNumbers$$$Lambda$1945
instanceKlass org/apache/spark/sql/catalyst/optimizer/RewritePredicateSubquery$$$Lambda$1944
instanceKlass org/apache/spark/sql/catalyst/optimizer/OptimizeOneRowPlan$$$Lambda$1943
instanceKlass org/apache/spark/sql/catalyst/optimizer/ReassignLambdaVariableID$$$Lambda$1942
instanceKlass org/apache/spark/sql/catalyst/optimizer/ObjectSerializerPruning$$$Lambda$1941
instanceKlass org/apache/spark/sql/catalyst/optimizer/CombineTypedFilters$$$Lambda$1940
instanceKlass org/apache/spark/sql/catalyst/optimizer/EliminateMapObjects$$$Lambda$1939
instanceKlass org/apache/spark/sql/catalyst/optimizer/RewriteDistinctAggregates$$$Lambda$1938
instanceKlass org/apache/spark/sql/catalyst/optimizer/DecimalAggregates$$$Lambda$1937
instanceKlass org/apache/spark/sql/catalyst/optimizer/EliminateSorts$$$Lambda$1936
instanceKlass org/apache/spark/sql/execution/datasources/CatalogFileIndex
instanceKlass org/apache/spark/sql/connector/write/Write
instanceKlass org/apache/spark/sql/connector/write/BatchWrite
instanceKlass org/apache/spark/sql/execution/datasources/v2/V2ScanPartitioningAndOrdering$$$Lambda$1935
instanceKlass org/apache/spark/sql/execution/datasources/v2/V2ScanPartitioningAndOrdering$$$Lambda$1934
instanceKlass org/apache/spark/sql/execution/datasources/v2/V2ScanPartitioningAndOrdering$$$Lambda$1933
instanceKlass org/apache/spark/sql/catalyst/planning/PhysicalOperation$$$Lambda$1932
instanceKlass org/apache/spark/sql/catalyst/planning/PhysicalOperation$$$Lambda$1931
instanceKlass org/apache/spark/sql/catalyst/planning/PhysicalOperation$
instanceKlass org/apache/spark/sql/catalyst/plans/logical/OffsetAndLimit$
instanceKlass org/apache/spark/sql/execution/datasources/v2/V2ScanRelationPushDown$$$Lambda$1930
instanceKlass org/apache/spark/sql/execution/datasources/v2/V2ScanRelationPushDown$$$Lambda$1929
instanceKlass org/apache/spark/sql/execution/datasources/v2/V2ScanRelationPushDown$$$Lambda$1928
instanceKlass org/apache/spark/sql/execution/datasources/v2/V2ScanRelationPushDown$$$Lambda$1927
instanceKlass org/apache/spark/sql/execution/datasources/v2/V2ScanRelationPushDown$$$Lambda$1926
instanceKlass org/apache/spark/sql/execution/datasources/v2/V2ScanRelationPushDown$$$Lambda$1925
instanceKlass org/apache/spark/sql/execution/datasources/v2/V2ScanRelationPushDown$$$Lambda$1924
instanceKlass org/apache/spark/sql/execution/datasources/v2/V2ScanRelationPushDown$$$Lambda$1923
instanceKlass org/apache/spark/sql/catalyst/planning/GroupBasedRowLevelOperation$
instanceKlass org/apache/spark/sql/execution/datasources/SchemaPruning$$anonfun$apply$1$$Lambda$1922
instanceKlass org/apache/spark/sql/execution/datasources/SchemaPruning$$$Lambda$1921
instanceKlass org/apache/spark/sql/catalyst/expressions/SchemaPruning$$$Lambda$1920
instanceKlass org/apache/spark/sql/catalyst/expressions/SchemaPruning$$$Lambda$1919
instanceKlass org/apache/spark/sql/catalyst/expressions/SchemaPruning$$$Lambda$1918
instanceKlass org/apache/spark/sql/catalyst/expressions/SelectedField$
instanceKlass org/apache/spark/sql/catalyst/expressions/SchemaPruning$$$Lambda$1917
instanceKlass org/apache/spark/sql/catalyst/expressions/SchemaPruning$RootField
instanceKlass org/apache/spark/sql/catalyst/expressions/SchemaPruning$$$Lambda$1916
instanceKlass org/apache/spark/sql/catalyst/expressions/SchemaPruning$
instanceKlass org/apache/spark/sql/execution/datasources/SchemaPruning$$$Lambda$1915
instanceKlass org/apache/spark/sql/execution/datasources/SchemaPruning$$$Lambda$1914
instanceKlass org/apache/spark/sql/execution/datasources/SchemaPruning$$anonfun$apply$1$$Lambda$1913
instanceKlass org/apache/spark/sql/catalyst/planning/ScanOperation$$$Lambda$1912
instanceKlass org/apache/spark/sql/catalyst/planning/ScanOperation$$$Lambda$1911
instanceKlass org/apache/spark/sql/catalyst/planning/ScanOperation$$$Lambda$1910
instanceKlass org/apache/spark/sql/catalyst/planning/ScanOperation$$$Lambda$1909
instanceKlass scala/collection/MapLike$MappedValues$$Lambda$1908
instanceKlass scala/collection/MapLike$MappedValues$$Lambda$1907
instanceKlass org/apache/spark/sql/catalyst/optimizer/CollapseProject$$$Lambda$1906
instanceKlass org/apache/spark/sql/catalyst/optimizer/CollapseProject$$$Lambda$1905
instanceKlass org/apache/spark/sql/catalyst/optimizer/CollapseProject$$$Lambda$1904
instanceKlass org/apache/spark/sql/catalyst/optimizer/CollapseProject$$$Lambda$1903
instanceKlass org/apache/spark/sql/catalyst/expressions/AttributeSet$$Lambda$1902
instanceKlass org/apache/spark/sql/catalyst/optimizer/CollapseProject$$$Lambda$1901
instanceKlass org/apache/spark/sql/catalyst/optimizer/CollapseProject$$$Lambda$1900
instanceKlass org/apache/spark/sql/catalyst/planning/OperationHelper$$Lambda$1899
instanceKlass org/apache/spark/sql/catalyst/planning/ScanOperation$$$Lambda$1898
instanceKlass org/apache/spark/sql/catalyst/planning/ScanOperation$
instanceKlass org/apache/spark/sql/catalyst/planning/OperationHelper
instanceKlass org/apache/spark/sql/catalyst/plans/logical/RowLevelWrite
instanceKlass org/apache/spark/sql/execution/datasources/v2/OptimizeMetadataOnlyDeleteFromTable$RewrittenRowLevelCommand$
instanceKlass org/apache/spark/sql/catalyst/optimizer/CleanUpTempCTEInfo$$$Lambda$1897
instanceKlass org/apache/spark/sql/catalyst/optimizer/PushExtraPredicateThroughJoin$$$Lambda$1896
instanceKlass org/apache/spark/sql/catalyst/expressions/ExpressionSet$$Lambda$1895
instanceKlass org/apache/spark/sql/catalyst/plans/logical/ConstraintHelper$$Lambda$1894
instanceKlass org/apache/spark/sql/catalyst/plans/logical/ConstraintHelper$$Lambda$1893
instanceKlass org/apache/spark/sql/catalyst/expressions/ExpressionSet$$Lambda$1892
instanceKlass org/apache/spark/sql/catalyst/expressions/ExpressionSet$$$Lambda$1891
instanceKlass org/apache/spark/sql/catalyst/expressions/SubqueryExpression$$$Lambda$1890
instanceKlass org/apache/spark/sql/catalyst/expressions/SubqueryExpression$
instanceKlass org/apache/spark/sql/catalyst/plans/logical/Filter$$Lambda$1889
instanceKlass org/apache/spark/sql/catalyst/optimizer/InferFiltersFromConstraints$$$Lambda$1888
instanceKlass org/apache/spark/sql/catalyst/optimizer/InferFiltersFromGenerate$$$Lambda$1887
instanceKlass org/apache/spark/sql/catalyst/optimizer/CombineConcats$$$Lambda$1886
instanceKlass org/apache/spark/sql/catalyst/optimizer/OptimizeCsvJsonExprs$$$Lambda$1885
instanceKlass org/apache/spark/sql/catalyst/optimizer/SimplifyExtractValueOps$$$Lambda$1884
instanceKlass org/apache/spark/sql/catalyst/optimizer/UnwrapCastInBinaryComparison$$anonfun$apply$2$$Lambda$1883
instanceKlass org/apache/spark/sql/catalyst/optimizer/UnwrapCastInBinaryComparison$$$Lambda$1882
instanceKlass org/apache/spark/sql/catalyst/optimizer/RemoveRedundantAggregates$$$Lambda$1881
instanceKlass org/apache/spark/sql/catalyst/optimizer/RemoveRedundantAliases$$$Lambda$1880
instanceKlass org/apache/spark/sql/catalyst/optimizer/RemoveRedundantAliases$$anonfun$$nestedInanonfun$removeRedundantAliases$8$1$$Lambda$1879
instanceKlass org/apache/spark/sql/catalyst/optimizer/RemoveRedundantAliases$$anonfun$$nestedInanonfun$removeRedundantAliases$8$1$$Lambda$1878
instanceKlass org/apache/spark/sql/catalyst/optimizer/RemoveRedundantAliases$$$Lambda$1877
instanceKlass org/apache/spark/sql/catalyst/optimizer/RemoveRedundantAliases$$$Lambda$1876
instanceKlass org/apache/spark/sql/catalyst/optimizer/RemoveRedundantAliases$$$Lambda$1875
instanceKlass org/apache/spark/sql/catalyst/optimizer/RemoveRedundantAliases$$$Lambda$1874
instanceKlass org/apache/spark/sql/catalyst/optimizer/EliminateSerialization$$$Lambda$1873
instanceKlass org/apache/spark/sql/catalyst/optimizer/RewriteLateralSubquery$$$Lambda$1872
instanceKlass org/apache/spark/sql/catalyst/optimizer/RewriteCorrelatedScalarSubquery$$anonfun$apply$5$$Lambda$1871
instanceKlass org/apache/spark/sql/catalyst/optimizer/RewriteCorrelatedScalarSubquery$$$Lambda$1870
instanceKlass org/apache/spark/sql/catalyst/optimizer/SimplifyCaseConversionExpressions$$$Lambda$1869
instanceKlass org/apache/spark/sql/catalyst/trees/BinaryLike$$Lambda$1868
instanceKlass org/apache/spark/sql/catalyst/expressions/BinaryComparison$$Lambda$1867
instanceKlass org/apache/spark/sql/catalyst/expressions/ExpressionSet$$Lambda$1866
instanceKlass org/apache/spark/sql/catalyst/expressions/ExpressionSet$$Lambda$1865
instanceKlass org/apache/spark/sql/catalyst/plans/logical/QueryPlanConstraints$$Lambda$1864
instanceKlass org/apache/spark/sql/catalyst/plans/logical/ConstraintHelper$$Lambda$1863
instanceKlass org/apache/spark/sql/catalyst/expressions/ExpressionSet$$Lambda$1862
instanceKlass org/apache/spark/sql/catalyst/plans/logical/ConstraintHelper$$Lambda$1861
instanceKlass scala/collection/generic/Subtractable$$Lambda$1860
instanceKlass scala/collection/immutable/TreeMap
instanceKlass scala/collection/immutable/SortedMap
instanceKlass scala/collection/SortedMap
instanceKlass scala/collection/SortedMapLike
instanceKlass org/apache/spark/sql/catalyst/plans/logical/ConstraintHelper$$Lambda$1859
instanceKlass org/apache/spark/sql/catalyst/expressions/ExpressionSet$$Lambda$1858
instanceKlass org/apache/spark/sql/catalyst/expressions/ExpressionSet$$Lambda$1857
instanceKlass org/apache/spark/sql/catalyst/plans/logical/ConstraintHelper$$Lambda$1856
instanceKlass org/apache/spark/sql/catalyst/expressions/ExpressionSet$
instanceKlass org/apache/spark/sql/catalyst/optimizer/PruneFilters$$anonfun$apply$37$$Lambda$1855
instanceKlass org/apache/spark/sql/catalyst/optimizer/PruneFilters$$$Lambda$1854
instanceKlass org/apache/spark/sql/catalyst/optimizer/ReplaceNullWithFalseInPredicate$$$Lambda$1853
instanceKlass org/apache/spark/sql/catalyst/trees/UnaryLike$$Lambda$1852
instanceKlass org/apache/spark/sql/catalyst/expressions/Expression$$Lambda$1851
instanceKlass org/apache/spark/sql/catalyst/optimizer/SimplifyBinaryComparison$$anonfun$apply$11$$anonfun$applyOrElse$29$$Lambda$1850
instanceKlass org/apache/spark/sql/catalyst/expressions/ExpressionSet
instanceKlass org/apache/spark/sql/catalyst/optimizer/SimplifyBinaryComparison$$anonfun$apply$11$$Lambda$1849
instanceKlass org/apache/spark/sql/catalyst/optimizer/SimplifyBinaryComparison$$$Lambda$1848
instanceKlass org/apache/spark/sql/catalyst/optimizer/RemoveDispensableExpressions$$$Lambda$1847
instanceKlass org/apache/spark/sql/catalyst/optimizer/PushFoldableIntoBranches$$$Lambda$1846
instanceKlass org/apache/spark/sql/catalyst/optimizer/SimplifyConditionals$$$Lambda$1845
instanceKlass org/apache/spark/sql/catalyst/optimizer/BooleanSimplification$$$Lambda$1844
instanceKlass org/apache/spark/sql/catalyst/optimizer/LikeSimplification$$$Lambda$1843
instanceKlass org/apache/spark/sql/catalyst/optimizer/ReorderAssociativeOperator$$$Lambda$1842
instanceKlass org/apache/spark/sql/catalyst/optimizer/EliminateAggregateFilter$$$Lambda$1841
instanceKlass org/apache/spark/sql/catalyst/expressions/String2TrimExpression$$Lambda$1840
instanceKlass org/apache/spark/sql/catalyst/optimizer/ConstantFolding$$$Lambda$1839
instanceKlass org/apache/spark/sql/catalyst/optimizer/ConstantFolding$$anonfun$apply$1$$Lambda$1838
instanceKlass org/apache/spark/sql/catalyst/optimizer/OptimizeRand$$$Lambda$1837
instanceKlass org/apache/spark/sql/catalyst/optimizer/OptimizeIn$$$Lambda$1836
instanceKlass org/apache/spark/sql/catalyst/optimizer/FoldablePropagation$$$Lambda$1835
instanceKlass org/apache/spark/sql/catalyst/optimizer/ConstantPropagation$$$Lambda$1834
instanceKlass org/apache/spark/sql/catalyst/optimizer/NullDownPropagation$$$Lambda$1833
instanceKlass org/apache/spark/sql/catalyst/optimizer/NullPropagation$$$Lambda$1832
instanceKlass org/apache/spark/sql/catalyst/optimizer/TransposeWindow$$$Lambda$1831
instanceKlass org/apache/spark/sql/catalyst/optimizer/OptimizeRepartition$$$Lambda$1830
instanceKlass org/apache/spark/sql/catalyst/optimizer/EliminateLimits$$$Lambda$1829
instanceKlass org/apache/spark/sql/catalyst/optimizer/EliminateLimits$$$Lambda$1828
instanceKlass org/apache/spark/sql/catalyst/optimizer/CombineFilters$$$Lambda$1827
instanceKlass org/apache/spark/sql/catalyst/optimizer/CollapseWindow$$$Lambda$1826
instanceKlass org/apache/spark/sql/catalyst/optimizer/OptimizeWindowFunctions$$$Lambda$1825
instanceKlass org/apache/spark/sql/catalyst/optimizer/CollapseProject$$$Lambda$1824
instanceKlass org/apache/spark/sql/catalyst/optimizer/CollapseRepartition$$$Lambda$1823
instanceKlass org/apache/spark/sql/catalyst/optimizer/GenerateOptimization$$$Lambda$1822
instanceKlass org/apache/spark/sql/catalyst/optimizer/NestedColumnAliasing$
instanceKlass org/apache/spark/sql/catalyst/optimizer/GeneratorNestedColumnAliasing$
instanceKlass org/apache/spark/sql/catalyst/optimizer/LimitPushDownThroughWindow$$$Lambda$1821
instanceKlass org/apache/spark/sql/catalyst/expressions/IntegerLiteral$
instanceKlass org/apache/spark/sql/catalyst/optimizer/LimitPushDown$$$Lambda$1820
instanceKlass org/apache/spark/sql/catalyst/optimizer/PushLeftSemiLeftAntiThroughJoin$$$Lambda$1819
instanceKlass org/apache/spark/sql/catalyst/optimizer/PushDownLeftSemiAntiJoin$$$Lambda$1818
instanceKlass org/apache/spark/sql/catalyst/expressions/AttributeMap$$Lambda$1817
instanceKlass org/apache/spark/sql/catalyst/expressions/AliasHelper$$anonfun$replaceAlias$1$$Lambda$1816
instanceKlass org/apache/spark/sql/catalyst/optimizer/PushPredicateThroughNonJoin$$$Lambda$1815
instanceKlass org/apache/spark/sql/catalyst/optimizer/PushPredicateThroughNonJoin$$anonfun$6$$Lambda$1814
instanceKlass org/apache/spark/sql/catalyst/optimizer/PushDownPredicates$$$Lambda$1813
instanceKlass org/apache/spark/sql/catalyst/optimizer/EliminateOuterJoin$$$Lambda$1812
instanceKlass org/apache/spark/sql/catalyst/optimizer/ReorderJoin$$$Lambda$1811
instanceKlass org/apache/spark/sql/catalyst/optimizer/PushProjectionThroughLimit$$$Lambda$1810
instanceKlass org/apache/spark/sql/catalyst/optimizer/PushProjectionThroughUnion$$$Lambda$1809
instanceKlass org/apache/spark/sql/catalyst/optimizer/RemoveRepetitionFromGroupExpressions$$$Lambda$1808
instanceKlass org/apache/spark/sql/catalyst/optimizer/RemoveLiteralFromGroupExpressions$$$Lambda$1807
instanceKlass org/apache/spark/sql/catalyst/optimizer/ReplaceDistinctWithAggregate$$$Lambda$1806
instanceKlass org/apache/spark/sql/catalyst/optimizer/ReplaceExceptWithAntiJoin$$$Lambda$1805
instanceKlass org/apache/spark/sql/catalyst/optimizer/ReplaceExceptWithFilter$$$Lambda$1804
instanceKlass org/apache/spark/sql/catalyst/optimizer/ReplaceIntersectWithSemiJoin$$$Lambda$1803
instanceKlass org/apache/spark/sql/catalyst/optimizer/RewriteIntersectAll$$$Lambda$1802
instanceKlass org/apache/spark/sql/catalyst/optimizer/RewriteExceptAll$$$Lambda$1801
instanceKlass org/apache/spark/sql/catalyst/optimizer/Optimizer$OptimizeSubqueries$$$Lambda$1800
instanceKlass org/apache/spark/sql/catalyst/optimizer/PullupCorrelatedPredicates$$$Lambda$1799
instanceKlass org/apache/spark/sql/catalyst/optimizer/OptimizeOneRowRelationSubquery$$anonfun$rewrite$1$$Lambda$1798
instanceKlass org/apache/spark/sql/catalyst/plans/QueryPlan$$anonfun$transformUpWithSubqueries$1$$Lambda$1797
instanceKlass org/apache/spark/sql/catalyst/optimizer/PropagateEmptyRelation$$$Lambda$1796
instanceKlass org/apache/spark/sql/catalyst/optimizer/ConvertToLocalRelation$$$Lambda$1795
instanceKlass org/apache/spark/sql/catalyst/optimizer/RemoveNoopUnion$$$Lambda$1794
instanceKlass org/apache/spark/sql/catalyst/optimizer/CombineUnions$$$Lambda$1793
instanceKlass org/apache/spark/sql/catalyst/util/MapData
instanceKlass org/apache/spark/sql/catalyst/optimizer/RemoveNoopOperators$$anonfun$apply$10$$Lambda$1792
instanceKlass org/apache/spark/sql/catalyst/plans/logical/LogicalPlan$$Lambda$1791
instanceKlass org/apache/spark/sql/catalyst/optimizer/RemoveNoopOperators$$$Lambda$1790
instanceKlass org/apache/spark/sql/catalyst/optimizer/EliminateDistinct$$$Lambda$1789
instanceKlass org/apache/spark/sql/catalyst/optimizer/Optimizer$FinishAnalysis$$$Lambda$1788
instanceKlass org/apache/spark/sql/catalyst/plans/QueryPlan$$Lambda$1787
instanceKlass org/apache/spark/sql/catalyst/plans/QueryPlan$$Lambda$1786
instanceKlass org/apache/spark/sql/catalyst/optimizer/SpecialDatetimeValues$$$Lambda$1785
instanceKlass org/apache/spark/sql/catalyst/optimizer/ReplaceCurrentLike$$Lambda$1784
instanceKlass org/apache/spark/sql/catalyst/optimizer/ReplaceCurrentLike$$Lambda$1783
instanceKlass org/apache/spark/sql/catalyst/CurrentUserContext$
instanceKlass org/apache/spark/sql/connector/catalog/CatalogV2Implicits$NamespaceHelper$$Lambda$1782
instanceKlass org/apache/spark/sql/connector/catalog/CatalogV2Implicits$NamespaceHelper
instanceKlass org/apache/spark/sql/connector/catalog/CatalogManager$$Lambda$1781
instanceKlass org/apache/spark/sql/connector/catalog/CatalogManager$$Lambda$1780
instanceKlass org/apache/spark/sql/connector/catalog/CatalogManager$$Lambda$1779
instanceKlass org/apache/spark/sql/connector/catalog/CatalogManager$$Lambda$1778
instanceKlass org/apache/spark/sql/connector/catalog/CatalogV2Implicits$
instanceKlass org/apache/spark/sql/catalyst/plans/QueryPlan$$anon$1
instanceKlass org/apache/spark/sql/catalyst/optimizer/ComputeCurrentTime$$$Lambda$1777
instanceKlass org/apache/spark/sql/catalyst/optimizer/PullOutGroupingExpressions$$$Lambda$1776
instanceKlass org/apache/spark/sql/catalyst/optimizer/RewriteNonCorrelatedExists$$$Lambda$1775
instanceKlass org/apache/spark/sql/catalyst/optimizer/ReplaceExpressions$$$Lambda$1774
instanceKlass org/apache/spark/sql/catalyst/analysis/EliminateSubqueryAliases$$$Lambda$1773
instanceKlass org/apache/spark/sql/catalyst/optimizer/EliminateResolvedHint$$$Lambda$1772
instanceKlass org/apache/spark/sql/catalyst/optimizer/Optimizer$FinishAnalysis$$$Lambda$1771
instanceKlass org/apache/spark/sql/catalyst/plans/logical/BaseEvalPython
instanceKlass org/apache/spark/sql/catalyst/expressions/DynamicPruning
instanceKlass org/apache/spark/sql/catalyst/optimizer/Optimizer$$Lambda$1770
instanceKlass org/apache/spark/sql/catalyst/optimizer/NormalizeFloatingNumbers$$$Lambda$1769
instanceKlass org/apache/spark/sql/catalyst/optimizer/NormalizeFloatingNumbers$$$Lambda$1768
instanceKlass org/apache/spark/sql/connector/write/LogicalWriteInfo
instanceKlass org/apache/spark/sql/connector/read/Scan
instanceKlass org/apache/spark/sql/SparkSessionExtensions$$Lambda$1767
instanceKlass org/apache/spark/sql/catalyst/optimizer/SpecialDatetimeValues$$$Lambda$1766
instanceKlass org/apache/spark/sql/catalyst/optimizer/SpecialDatetimeValues$$$Lambda$1765
instanceKlass org/apache/spark/sql/catalyst/optimizer/SpecialDatetimeValues$$$Lambda$1764
instanceKlass org/apache/spark/sql/catalyst/analysis/HintErrorLogger$
instanceKlass org/apache/spark/sql/SparkSessionExtensions$$Lambda$1763
instanceKlass org/apache/spark/sql/catalyst/optimizer/BuildSide
instanceKlass org/apache/spark/sql/catalyst/optimizer/JoinSelectionHelper
instanceKlass org/apache/spark/sql/catalyst/optimizer/Optimizer$$Lambda$1762
instanceKlass org/apache/spark/sql/catalyst/optimizer/Optimizer$$Lambda$1761
instanceKlass org/apache/spark/sql/execution/CacheManager$$Lambda$1760
instanceKlass org/apache/spark/sql/execution/CacheManager$$anonfun$1$$Lambda$1759
instanceKlass org/apache/spark/sql/execution/CacheManager$$anonfun$1$$Lambda$1758
instanceKlass org/apache/spark/sql/execution/CacheManager$$Lambda$1757
instanceKlass org/apache/spark/sql/execution/CachedData
instanceKlass org/apache/spark/sql/catalyst/trees/TreeNode$$Lambda$1756
instanceKlass org/apache/spark/sql/catalyst/trees/TreeNode$$Lambda$1755
instanceKlass org/apache/spark/sql/catalyst/analysis/UnsupportedOperationChecker$$$Lambda$1754
instanceKlass org/apache/spark/sql/catalyst/analysis/UnsupportedOperationChecker$
instanceKlass org/apache/spark/sql/execution/QueryExecution$$Lambda$1753
instanceKlass org/apache/spark/sql/execution/QueryExecution$$Lambda$1752
instanceKlass org/apache/spark/sql/execution/LeafExecNode
instanceKlass org/apache/spark/sql/execution/ExplainUtils$
instanceKlass org/apache/spark/sql/execution/QueryExecution$$Lambda$1751
instanceKlass org/apache/spark/sql/catalyst/util/StringUtils$StringConcat
instanceKlass org/apache/spark/sql/execution/ui/SparkListenerSQLExecutionStart
instanceKlass java/lang/invoke/LambdaForm$MH
instanceKlass java/lang/invoke/LambdaForm$DMH
instanceKlass org/apache/spark/sql/execution/SQLExecution$$$Lambda$1750
instanceKlass java/lang/invoke/LambdaForm$DMH
instanceKlass org/apache/spark/util/Utils$$$Lambda$1749
instanceKlass org/apache/spark/sql/internal/SQLConf$$Lambda$1748
instanceKlass org/apache/spark/sql/execution/SQLExecution$$$Lambda$1747
instanceKlass org/apache/spark/sql/execution/FormattedMode$
instanceKlass org/apache/spark/sql/execution/CostMode$
instanceKlass org/apache/spark/sql/execution/CodegenMode$
instanceKlass org/apache/spark/sql/execution/ExtendedMode$
instanceKlass org/apache/spark/sql/execution/SimpleMode$
instanceKlass org/apache/spark/sql/execution/ExplainMode$
instanceKlass org/apache/spark/sql/execution/SQLExecution$$$Lambda$1746
instanceKlass org/apache/spark/sql/execution/SQLExecution$$$Lambda$1745
instanceKlass org/apache/spark/sql/execution/SQLExecution$$$Lambda$1744
instanceKlass org/apache/spark/SparkContext$$Lambda$1743
instanceKlass org/apache/spark/SparkContext$$Lambda$1742
instanceKlass org/apache/spark/util/CallSite$
instanceKlass org/apache/spark/SparkContext$$Lambda$1741
instanceKlass org/apache/spark/sql/execution/SQLExecution$$$Lambda$1740
instanceKlass org/apache/spark/sql/Dataset$$Lambda$1739
instanceKlass org/apache/spark/sql/execution/SQLExecution$
instanceKlass org/apache/spark/sql/Dataset$$Lambda$1738
instanceKlass org/apache/spark/sql/catalyst/analysis/PullOutNondeterministic$$anonfun$1$$Lambda$1737
instanceKlass org/apache/spark/sql/catalyst/plans/logical/Limit$
instanceKlass org/apache/spark/sql/catalyst/analysis/CleanupAliases$$anonfun$apply$65$$Lambda$1736
instanceKlass org/apache/spark/sql/execution/datasources/ApplyCharTypePadding$AttrOrOuterRef$
instanceKlass org/apache/spark/sql/execution/datasources/ApplyCharTypePadding$$anonfun$paddingForStringComparison$2$$Lambda$1735
instanceKlass org/apache/spark/sql/catalyst/analysis/TypeCoercionBase$ImplicitTypeCasts$$anonfun$11$$Lambda$1734
instanceKlass org/apache/spark/sql/catalyst/expressions/BinaryOperator$
instanceKlass org/apache/spark/sql/catalyst/expressions/DecimalLiteral$
instanceKlass org/apache/spark/sql/types/DecimalType$Expression$
instanceKlass org/apache/spark/sql/catalyst/expressions/BinaryComparison$
instanceKlass org/apache/spark/sql/catalyst/expressions/Equality$
instanceKlass org/apache/spark/sql/catalyst/analysis/TypeCoercionBase$ImplicitTypeCasts$$anonfun$11$$Lambda$1733
instanceKlass org/apache/spark/sql/catalyst/analysis/TypeCoercion$$$Lambda$1732
instanceKlass org/apache/spark/sql/catalyst/analysis/TypeCoercionBase$ImplicitTypeCasts$$anonfun$11$$Lambda$1731
instanceKlass org/apache/spark/sql/catalyst/expressions/BaseOrdering
instanceKlass org/apache/spark/sql/catalyst/expressions/CodeGeneratorWithInterpretedFallback
instanceKlass org/apache/spark/sql/catalyst/util/TypeUtils$
instanceKlass org/apache/spark/sql/types/TypeCollection$$Lambda$1730
instanceKlass org/apache/spark/sql/types/TypeCollection$$Lambda$1729
instanceKlass org/apache/spark/sql/types/TypeCollection$
instanceKlass org/apache/spark/sql/catalyst/expressions/String2TrimExpression$$Lambda$1728
instanceKlass org/apache/spark/sql/catalyst/analysis/ColumnResolutionHelper$$Lambda$1727
instanceKlass org/apache/spark/sql/catalyst/trees/BinaryLike$$Lambda$1726
instanceKlass org/apache/spark/sql/catalyst/expressions/LiteralTreeBits$
instanceKlass org/apache/spark/sql/catalyst/expressions/StringTrim$
instanceKlass scala/StringContext$$Lambda$1725
instanceKlass org/apache/spark/sql/SQLImplicits$StringToColumn
instanceKlass org/apache/spark/sql/functions$
instanceKlass org/apache/spark/sql/catalyst/expressions/AliasHelper$$Lambda$1724
instanceKlass org/apache/spark/sql/catalyst/expressions/Alias$$Lambda$1723
instanceKlass org/apache/spark/sql/catalyst/expressions/Alias$$Lambda$1722
instanceKlass org/apache/spark/sql/catalyst/analysis/CleanupAliases$$anonfun$apply$65$$Lambda$1721
instanceKlass org/apache/spark/sql/catalyst/plans/logical/Project$$Lambda$1720
instanceKlass org/apache/spark/sql/catalyst/plans/logical/Project$
instanceKlass org/apache/spark/sql/Dataset$$Lambda$1719
instanceKlass org/apache/spark/sql/Dataset$$Lambda$1718
instanceKlass org/apache/spark/sql/Dataset$$Lambda$1717
instanceKlass org/apache/spark/sql/execution/datasources/csv/CSVUtils$
instanceKlass org/apache/spark/sql/catalyst/InternalRow$$$Lambda$1716
instanceKlass org/apache/spark/sql/catalyst/expressions/package$AttributeSeq$$Lambda$1715
instanceKlass org/apache/spark/sql/catalyst/expressions/BindReferences$
instanceKlass org/apache/spark/sql/catalyst/optimizer/SimplifyCasts$$$Lambda$1714
instanceKlass org/apache/spark/sql/catalyst/expressions/objects/Invoke$$Lambda$1713
instanceKlass scala/collection/immutable/Stream$$Lambda$1712
instanceKlass org/apache/spark/sql/catalyst/plans/logical/LogicalPlan$$Lambda$1711
instanceKlass org/apache/spark/sql/catalyst/expressions/ExpectsInputTypes$$$Lambda$1710
instanceKlass org/apache/spark/sql/catalyst/expressions/ExpectsInputTypes$
instanceKlass org/apache/spark/sql/catalyst/plans/logical/AnalysisHelper$$Lambda$1709
instanceKlass org/apache/spark/sql/types/Metadata$$Lambda$1708
instanceKlass org/apache/spark/sql/catalyst/expressions/Cast$
instanceKlass org/apache/spark/sql/catalyst/analysis/Analyzer$ResolveUpCast$$anonfun$apply$57$$Lambda$1707
instanceKlass org/apache/spark/sql/catalyst/trees/TreeNode$$Lambda$1706
instanceKlass org/apache/spark/sql/catalyst/trees/TreeNode$$Lambda$1705
instanceKlass org/apache/commons/lang3/ArrayUtils
instanceKlass org/apache/commons/lang3/ClassUtils
instanceKlass org/apache/spark/sql/catalyst/trees/TreeNode$$Lambda$1704
instanceKlass org/apache/spark/sql/catalyst/trees/TreeNode$$Lambda$1703
instanceKlass org/apache/spark/sql/catalyst/trees/TreeNode$$Lambda$1702
instanceKlass scala/collection/MapLike$MappedValues$$Lambda$1701
instanceKlass scala/collection/MapLike$MappedValues$$Lambda$1700
instanceKlass org/apache/spark/sql/catalyst/analysis/Analyzer$ResolveDeserializer$$$Lambda$1699
instanceKlass org/apache/spark/sql/catalyst/analysis/Analyzer$ResolveDeserializer$$$Lambda$1698
instanceKlass org/apache/spark/sql/catalyst/analysis/Analyzer$ResolveDeserializer$$$Lambda$1697
instanceKlass org/apache/spark/sql/catalyst/analysis/ColumnResolutionHelper$$Lambda$1696
instanceKlass org/apache/spark/sql/catalyst/analysis/ColumnResolutionHelper$$Lambda$1695
instanceKlass org/apache/spark/sql/catalyst/analysis/ColumnResolutionHelper$$Lambda$1694
instanceKlass org/apache/spark/sql/catalyst/analysis/Analyzer$ResolveDeserializer$$anonfun$apply$53$$anonfun$applyOrElse$227$$Lambda$1693
instanceKlass org/apache/spark/sql/catalyst/analysis/Analyzer$ResolveDeserializer$$anonfun$apply$53$$Lambda$1692
instanceKlass org/apache/spark/sql/catalyst/analysis/UnresolvedDeserializer$$Lambda$1691
instanceKlass org/apache/spark/sql/catalyst/analysis/UnresolvedDeserializer$$Lambda$1690
instanceKlass org/apache/spark/sql/catalyst/plans/logical/LocalRelation$$Lambda$1689
instanceKlass org/apache/spark/sql/catalyst/plans/logical/LocalRelation$$Lambda$1688
instanceKlass org/apache/spark/sql/catalyst/plans/logical/LocalRelation$
instanceKlass org/apache/spark/sql/catalyst/plans/logical/CatalystSerde$
instanceKlass scala/collection/mutable/ArrayOps$ofBoolean$
instanceKlass org/apache/spark/sql/catalyst/expressions/objects/InvokeLike$$Lambda$1687
instanceKlass scala/collection/mutable/ArrayOps$ofBoolean
instanceKlass scala/reflect/internal/Types$$Lambda$1686
instanceKlass scala/reflect/runtime/SynchronizedTypes$$Lambda$1685
instanceKlass scala/reflect/internal/tpe/TypeConstraints$TypeConstraint$$Lambda$1684
instanceKlass scala/reflect/internal/tpe/TypeConstraints$TypeConstraint$$Lambda$1683
instanceKlass scala/reflect/internal/tpe/TypeConstraints$TypeConstraint
instanceKlass scala/reflect/internal/Types$ExistentialType$$Lambda$1682
instanceKlass scala/reflect/internal/Symbols$Symbol$$Lambda$1681
instanceKlass scala/reflect/internal/Symbols$$Lambda$1680
instanceKlass scala/reflect/internal/tpe/TypeComparers$$Lambda$1679
instanceKlass scala/reflect/internal/ReificationSupport$ReificationSupportImpl$FlagsRepr$
instanceKlass scala/reflect/internal/Mirrors$RootsBase$$Lambda$1678
instanceKlass org/apache/spark/sql/catalyst/package
instanceKlass org/apache/spark/sql/catalyst/planning/GenericStrategy
instanceKlass org/apache/spark/sql/execution/package
instanceKlass org/apache/spark/annotation/Unstable
instanceKlass org/apache/spark/annotation/package
instanceKlass org/apache/spark/sql/package
instanceKlass org/apache/spark/package
instanceKlass scala/reflect/internal/Mirrors$RootsBase$$Lambda$1677
instanceKlass scala/reflect/internal/Types$TypeApiImpl$$Lambda$1676
instanceKlass sun/reflect/generics/tree/BooleanSignature
instanceKlass scala/reflect/internal/util/TriState$
instanceKlass scala/reflect/runtime/SynchronizedTypes$$Lambda$1675
instanceKlass org/apache/spark/sql/catalyst/ScalaSubtypeLock$
instanceKlass scala/reflect/runtime/SynchronizedTypes$$Lambda$1674
instanceKlass scala/reflect/internal/tpe/TypeConstraints$UndoLog
instanceKlass org/apache/spark/sql/catalyst/ScalaReflection$$$Lambda$1673
instanceKlass scala/reflect/internal/Mirrors$RootsBase$$Lambda$1672
instanceKlass org/apache/spark/sql/catalyst/expressions/objects/SerializerSupport
instanceKlass org/apache/spark/sql/Encoders$
instanceKlass org/apache/spark/sql/catalyst/plans/logical/Project$$Lambda$1671
instanceKlass org/apache/spark/sql/catalyst/analysis/CheckAnalysis$$Lambda$1670
instanceKlass org/apache/spark/sql/catalyst/analysis/CheckAnalysis$$Lambda$1669
instanceKlass org/apache/spark/sql/catalyst/analysis/CheckAnalysis$$Lambda$1668
instanceKlass org/apache/spark/sql/catalyst/analysis/CheckAnalysis$$Lambda$1667
instanceKlass org/apache/spark/sql/catalyst/analysis/UpdateAttributeNullability$$anonfun$apply$1$$Lambda$1666
instanceKlass org/apache/spark/sql/catalyst/analysis/UpdateAttributeNullability$$anonfun$apply$1$$Lambda$1665
instanceKlass org/apache/spark/sql/catalyst/analysis/UpdateAttributeNullability$$anonfun$apply$1$$Lambda$1664
instanceKlass org/apache/spark/sql/catalyst/analysis/UpdateAttributeNullability$$anonfun$apply$1$$Lambda$1663
instanceKlass org/apache/spark/sql/catalyst/analysis/Analyzer$AddMetadataColumns$$$Lambda$1662
instanceKlass org/apache/spark/sql/catalyst/plans/logical/ExposesMetadataColumns$$Lambda$1661
instanceKlass org/apache/spark/sql/catalyst/plans/logical/ExposesMetadataColumns$$Lambda$1660
instanceKlass org/apache/spark/sql/types/Metadata$$$Lambda$1659
instanceKlass org/apache/spark/sql/catalyst/expressions/AttributeSet$$Lambda$1658
instanceKlass org/apache/spark/sql/catalyst/plans/logical/ExposesMetadataColumns$$Lambda$1657
instanceKlass org/apache/spark/sql/catalyst/plans/logical/ExposesMetadataColumns$$Lambda$1656
instanceKlass org/apache/spark/sql/types/MetadataBuilder
instanceKlass org/apache/spark/sql/catalyst/expressions/FileSourceMetadataAttribute$
instanceKlass org/apache/spark/sql/execution/datasources/FileFormat$
instanceKlass org/apache/spark/sql/catalyst/analysis/Analyzer$AddMetadataColumns$$$Lambda$1655
instanceKlass org/apache/spark/sql/catalyst/analysis/Analyzer$AddMetadataColumns$$$Lambda$1654
instanceKlass org/apache/spark/sql/catalyst/analysis/Analyzer$AddMetadataColumns$$$Lambda$1653
instanceKlass org/apache/spark/sql/catalyst/rules/PlanChangeLogger$$Lambda$1652
instanceKlass org/apache/spark/sql/catalyst/analysis/Analyzer$ResolveReferences$$anonfun$apply$16$$Lambda$1651
instanceKlass org/apache/spark/sql/catalyst/analysis/Analyzer$ResolveReferences$$anonfun$apply$16$$Lambda$1650
instanceKlass org/apache/spark/sql/catalyst/analysis/ColumnResolutionHelper$$Lambda$1649
instanceKlass org/apache/spark/sql/catalyst/analysis/ColumnResolutionHelper$$Lambda$1648
instanceKlass org/apache/spark/sql/catalyst/analysis/ColumnResolutionHelper$$Lambda$1647
instanceKlass org/apache/spark/sql/catalyst/analysis/ColumnResolutionHelper$$Lambda$1646
instanceKlass org/apache/spark/sql/catalyst/analysis/ColumnResolutionHelper$$Lambda$1645
instanceKlass org/apache/spark/sql/catalyst/analysis/ColumnResolutionHelper$$Lambda$1644
instanceKlass org/apache/spark/sql/catalyst/plans/logical/LogicalPlan$$Lambda$1643
instanceKlass org/apache/spark/sql/catalyst/expressions/package$AttributeSeq$$Lambda$1642
instanceKlass org/apache/spark/sql/catalyst/expressions/package$AttributeSeq$$Lambda$1641
instanceKlass scala/PartialFunction$$Lambda$1640
instanceKlass scala/collection/TraversableLike$$Lambda$1639
instanceKlass org/apache/spark/sql/catalyst/expressions/package$AttributeSeq$$Lambda$1638
instanceKlass org/apache/spark/sql/catalyst/expressions/package$AttributeSeq$$Lambda$1637
instanceKlass org/apache/spark/sql/catalyst/expressions/package$AttributeSeq$$Lambda$1636
instanceKlass org/apache/spark/sql/catalyst/expressions/package$AttributeSeq$$Lambda$1635
instanceKlass org/apache/spark/sql/catalyst/util/package$MetadataColumnHelper
instanceKlass org/apache/spark/sql/catalyst/expressions/package$AttributeSeq$$$Lambda$1634
instanceKlass org/apache/spark/sql/catalyst/expressions/package$AttributeSeq
instanceKlass org/apache/spark/sql/catalyst/plans/logical/LogicalPlan$$Lambda$1633
instanceKlass org/apache/spark/sql/catalyst/expressions/package$AttributeSeq$
instanceKlass java/lang/invoke/LambdaForm$MH
instanceKlass java/lang/invoke/LambdaForm$DMH
instanceKlass org/apache/spark/sql/catalyst/analysis/ColumnResolutionHelper$$Lambda$1632
instanceKlass org/apache/spark/sql/catalyst/analysis/Analyzer$ResolveReferences$$anonfun$apply$16$$Lambda$1631
instanceKlass org/apache/spark/sql/catalyst/analysis/Analyzer$ResolveReferences$$$Lambda$1630
instanceKlass org/apache/spark/sql/catalyst/trees/TreeNode$$Lambda$1629
instanceKlass org/apache/spark/sql/catalyst/analysis/DeduplicateRelations$$$Lambda$1628
instanceKlass org/apache/spark/sql/catalyst/plans/logical/LogicalPlan$$Lambda$1627
instanceKlass org/apache/spark/sql/catalyst/plans/logical/Project$$Lambda$1626
instanceKlass org/apache/spark/sql/catalyst/plans/logical/Project$$Lambda$1625
instanceKlass org/apache/spark/sql/Dataset$$Lambda$1624
instanceKlass org/apache/spark/sql/Dataset$$Lambda$1623
instanceKlass org/apache/spark/sql/Column$
instanceKlass org/apache/spark/sql/Dataset$$Lambda$1622
instanceKlass org/apache/spark/sql/catalyst/encoders/ExpressionEncoder$$Lambda$1621
instanceKlass org/apache/spark/sql/catalyst/encoders/ExpressionEncoder$$Lambda$1620
instanceKlass org/apache/spark/sql/catalyst/encoders/package$
instanceKlass org/apache/spark/sql/Dataset$$Lambda$1619
instanceKlass org/apache/spark/sql/catalyst/encoders/ExpressionEncoder$$Lambda$1618
instanceKlass org/apache/spark/sql/catalyst/encoders/ExpressionEncoder$$Lambda$1617
instanceKlass org/apache/spark/sql/catalyst/encoders/ExpressionEncoder$$Lambda$1616
instanceKlass org/apache/spark/sql/catalyst/encoders/ExpressionEncoder$$Lambda$1615
instanceKlass org/apache/spark/sql/catalyst/encoders/ExpressionEncoder$$Lambda$1614
instanceKlass org/apache/spark/sql/catalyst/encoders/ExpressionEncoder$$Lambda$1613
instanceKlass org/apache/spark/sql/catalyst/expressions/Expression$$Lambda$1612
instanceKlass org/apache/spark/sql/catalyst/encoders/ExpressionEncoder$$Lambda$1611
instanceKlass org/apache/spark/sql/catalyst/encoders/ExpressionEncoder$$Lambda$1610
instanceKlass org/apache/spark/sql/catalyst/trees/TreeNode$$Lambda$1609
instanceKlass org/apache/spark/sql/catalyst/expressions/Alias$
instanceKlass org/apache/spark/sql/catalyst/expressions/CreateNamedStruct$$Lambda$1608
instanceKlass org/apache/spark/sql/catalyst/trees/TernaryLike$$Lambda$1607
instanceKlass org/apache/spark/sql/catalyst/trees/TreeNode$$Lambda$1606
instanceKlass org/apache/spark/sql/catalyst/trees/TreeNode$$Lambda$1605
instanceKlass org/apache/spark/sql/catalyst/trees/TreeNode$$Lambda$1604
instanceKlass org/apache/spark/sql/catalyst/trees/TreeNode$$Lambda$1603
instanceKlass org/apache/spark/sql/catalyst/trees/UnaryLike$$Lambda$1602
instanceKlass org/apache/spark/sql/types/DataType$$$Lambda$1601
instanceKlass org/apache/spark/sql/catalyst/DeserializerBuildHelper$
instanceKlass org/apache/spark/sql/catalyst/ScalaReflection$$$Lambda$1600
instanceKlass org/apache/spark/sql/catalyst/WalkedTypePath
instanceKlass org/apache/spark/sql/catalyst/expressions/ComplexTypeMergingExpression$$Lambda$1599
instanceKlass org/apache/spark/sql/catalyst/expressions/ComplexTypeMergingExpression$$Lambda$1598
instanceKlass org/apache/spark/sql/types/DataType$$$Lambda$1597
instanceKlass org/apache/spark/sql/types/DataType$
instanceKlass org/apache/spark/sql/catalyst/analysis/TypeCoercionBase$$Lambda$1596
instanceKlass org/apache/spark/sql/catalyst/expressions/ComplexTypeMergingExpression$$Lambda$1595
instanceKlass org/apache/spark/sql/catalyst/expressions/CreateNamedStruct$$Lambda$1594
instanceKlass org/apache/spark/sql/catalyst/expressions/package$
instanceKlass org/apache/spark/sql/catalyst/expressions/CreateNamedStruct$$Lambda$1593
instanceKlass org/apache/spark/sql/catalyst/expressions/CreateNamedStruct$$Lambda$1592
instanceKlass scala/collection/IterableLike$$Lambda$1591
instanceKlass org/apache/spark/sql/catalyst/SerializerBuildHelper$$$Lambda$1590
instanceKlass org/apache/spark/sql/catalyst/CatalystTypeConverters$CatalystTypeConverter
instanceKlass org/apache/spark/sql/catalyst/CatalystTypeConverters$
instanceKlass org/apache/spark/sql/catalyst/expressions/Literal$$$Lambda$1589
instanceKlass org/apache/spark/sql/catalyst/expressions/Literal$
instanceKlass org/apache/spark/sql/catalyst/SerializerBuildHelper$
instanceKlass org/apache/spark/sql/catalyst/util/package$
instanceKlass org/apache/spark/sql/errors/QueryErrorsBase$$Lambda$1588
instanceKlass sun/security/util/ManifestEntryVerifier$SunProviderHolder
instanceKlass java/util/Base64$Encoder
instanceKlass java/util/Base64$Decoder
instanceKlass java/util/Base64
instanceKlass java/security/interfaces/RSAKey
instanceKlass javax/crypto/SecretKey
instanceKlass sun/security/util/Length
instanceKlass sun/security/util/KeyUtil
instanceKlass java/security/interfaces/XECKey
instanceKlass java/security/interfaces/ECKey
instanceKlass sun/security/util/JarConstraintsParameters
instanceKlass sun/security/util/ConstraintsParameters
instanceKlass java/security/cert/CertPath
instanceKlass java/security/spec/DSAParameterSpec
instanceKlass java/security/interfaces/DSAParams
instanceKlass java/security/interfaces/DSAPrivateKey
instanceKlass java/security/PrivateKey
instanceKlass javax/security/auth/Destroyable
instanceKlass sun/security/util/SignatureUtil
instanceKlass sun/security/jca/ServiceId
instanceKlass java/security/Signature$1
instanceKlass jdk/internal/access/JavaSecuritySignatureAccess
instanceKlass java/security/SignatureSpi
instanceKlass sun/security/x509/OIDMap$OIDInfo
instanceKlass sun/security/x509/OIDMap
instanceKlass sun/security/x509/PKIXExtensions
instanceKlass sun/text/normalizer/Trie2$UTrie2Header
instanceKlass sun/text/normalizer/Trie2$1
instanceKlass sun/text/normalizer/Trie2$ValueMapper
instanceKlass sun/text/normalizer/Trie2
instanceKlass sun/text/normalizer/VersionInfo
instanceKlass sun/text/normalizer/ICUBinary$1
instanceKlass sun/text/normalizer/ICUBinary
instanceKlass sun/text/normalizer/NormalizerImpl$IsAcceptable
instanceKlass sun/text/normalizer/ICUBinary$Authenticate
instanceKlass sun/text/normalizer/NormalizerImpl
instanceKlass sun/text/normalizer/Norm2AllModes$Norm2AllModesSingleton
instanceKlass sun/text/normalizer/Norm2AllModes$NFKCSingleton
instanceKlass sun/text/normalizer/Norm2AllModes
instanceKlass sun/text/normalizer/Normalizer2
instanceKlass sun/text/normalizer/NormalizerBase$ModeImpl
instanceKlass sun/text/normalizer/NormalizerBase$NFKDModeImpl
instanceKlass sun/text/normalizer/NormalizerBase$1
instanceKlass sun/text/normalizer/NormalizerBase$Mode
instanceKlass sun/text/normalizer/NormalizerBase
instanceKlass java/text/Normalizer
instanceKlass sun/security/x509/AVAKeyword
instanceKlass sun/security/pkcs/SignerInfo$AlgorithmInfo
instanceKlass sun/security/x509/CertificateExtensions
instanceKlass sun/security/pkcs/PKCS9Attribute
instanceKlass sun/security/pkcs/PKCS9Attributes
instanceKlass java/time/ZonedDateTime
instanceKlass java/time/chrono/ChronoZonedDateTime
instanceKlass sun/security/util/DisabledAlgorithmConstraints$Constraints$Holder
instanceKlass sun/security/util/DisabledAlgorithmConstraints$1
instanceKlass java/security/spec/ECFieldF2m
instanceKlass java/security/spec/ECParameterSpec
instanceKlass java/security/spec/AlgorithmParameterSpec
instanceKlass java/security/spec/ECPoint
instanceKlass java/security/spec/EllipticCurve
instanceKlass java/security/spec/ECFieldFp
instanceKlass java/security/spec/ECField
instanceKlass sun/security/util/CurveDB
instanceKlass sun/security/util/DisabledAlgorithmConstraints$Constraint
instanceKlass sun/security/util/DisabledAlgorithmConstraints$Constraints
instanceKlass sun/security/util/AbstractAlgorithmConstraints$1
instanceKlass sun/security/util/AlgorithmDecomposer
instanceKlass sun/security/util/DisabledAlgorithmConstraints$JarHolder
instanceKlass sun/security/util/AbstractAlgorithmConstraints
instanceKlass java/security/AlgorithmConstraints
instanceKlass sun/security/pkcs/SignerInfo
instanceKlass jdk/internal/event/EventHelper
instanceKlass sun/security/jca/JCAUtil
instanceKlass sun/security/util/MemoryCache$CacheEntry
instanceKlass sun/security/x509/X509AttributeName
instanceKlass java/security/interfaces/DSAPublicKey
instanceKlass java/security/interfaces/DSAKey
instanceKlass java/security/spec/DSAPublicKeySpec
instanceKlass java/security/KeyFactorySpi
instanceKlass sun/security/jca/ProviderList$ServiceList$1
instanceKlass java/security/KeyFactory
instanceKlass java/security/spec/EncodedKeySpec
instanceKlass java/security/spec/KeySpec
instanceKlass sun/security/util/BitArray
instanceKlass java/security/AlgorithmParametersSpi
instanceKlass java/security/AlgorithmParameters
instanceKlass sun/security/x509/X509Key
instanceKlass java/security/PublicKey
instanceKlass java/security/Key
instanceKlass sun/security/x509/CertificateX509Key
instanceKlass sun/security/x509/CertificateValidity
instanceKlass sun/security/x509/AVA
instanceKlass sun/security/x509/RDN
instanceKlass javax/security/auth/x500/X500Principal
instanceKlass sun/security/x509/X500Name$1
instanceKlass sun/security/x509/X500Name
instanceKlass sun/security/x509/GeneralNameInterface
instanceKlass sun/security/x509/CertificateAlgorithmId
instanceKlass sun/security/x509/SerialNumber
instanceKlass sun/security/x509/CertificateSerialNumber
instanceKlass sun/security/x509/CertificateVersion
instanceKlass sun/security/x509/X509CertInfo
instanceKlass sun/security/x509/CertAttrSet
instanceKlass sun/security/util/Cache$EqualByteArray
instanceKlass sun/security/util/Cache
instanceKlass java/security/cert/CertificateFactorySpi
instanceKlass java/security/cert/CertificateFactory
instanceKlass sun/security/x509/AlgorithmId
instanceKlass sun/security/util/ByteArrayTagOrder
instanceKlass sun/security/util/ByteArrayLexOrder
instanceKlass sun/security/util/DerEncoder
instanceKlass sun/security/util/IOUtils
instanceKlass sun/security/util/DerValue
instanceKlass sun/security/pkcs/ContentInfo
instanceKlass sun/security/util/DerIndefLenConverter
instanceKlass sun/security/util/DerInputStream
instanceKlass sun/security/pkcs/PKCS7
instanceKlass sun/security/util/ManifestDigester$$Lambda$1587
instanceKlass sun/security/util/ManifestDigester$Section
instanceKlass sun/security/util/ManifestDigester$Entry
instanceKlass sun/security/util/ManifestDigester$Position
instanceKlass sun/security/util/ManifestDigester
instanceKlass sun/security/util/ManifestEntryVerifier
instanceKlass org/apache/spark/sql/errors/QueryExecutionErrors$
instanceKlass org/apache/spark/sql/catalyst/ScalaReflection$$$Lambda$1586
instanceKlass org/apache/spark/sql/catalyst/encoders/AgnosticEncoders$ProductEncoder
instanceKlass org/apache/spark/sql/catalyst/encoders/AgnosticEncoders$MapEncoder
instanceKlass org/apache/spark/sql/catalyst/encoders/AgnosticEncoders$IterableEncoder
instanceKlass org/apache/spark/sql/catalyst/encoders/AgnosticEncoders$ArrayEncoder
instanceKlass org/apache/spark/sql/catalyst/encoders/AgnosticEncoders$OptionEncoder
instanceKlass org/apache/spark/sql/catalyst/encoders/AgnosticEncoders$UDTEncoder
instanceKlass org/apache/spark/sql/types/YearMonthIntervalType$$$Lambda$1585
instanceKlass org/apache/spark/sql/types/DayTimeIntervalType$$$Lambda$1584
instanceKlass org/apache/spark/sql/catalyst/encoders/AgnosticEncoders$EnumEncoder
instanceKlass org/apache/spark/sql/catalyst/InternalRow$$$Lambda$1583
instanceKlass org/apache/spark/sql/catalyst/InternalRow$$$Lambda$1582
instanceKlass org/apache/spark/sql/catalyst/InternalRow$
instanceKlass org/apache/spark/sql/Row
instanceKlass org/apache/spark/unsafe/types/CalendarInterval
instanceKlass scala/reflect/internal/transform/Erasure$GenericArray$
instanceKlass scala/reflect/internal/transform/UnCurry$DesugaredParameterType$
instanceKlass scala/collection/immutable/HashMap$HashMapValues$$Lambda$1581
instanceKlass scala/runtime/LazyDouble
instanceKlass scala/runtime/LazyFloat
instanceKlass scala/runtime/LazyLong
instanceKlass scala/runtime/LazyInt
instanceKlass scala/runtime/LazyChar
instanceKlass scala/runtime/LazyShort
instanceKlass scala/runtime/LazyByte
instanceKlass scala/runtime/LazyUnit
instanceKlass scala/reflect/internal/Definitions$ValueClassDefinitions$$Lambda$1580
instanceKlass scala/reflect/internal/Definitions$ValueClassDefinitions$$Lambda$1579
instanceKlass scala/reflect/internal/Definitions$ValueClassDefinitions$$Lambda$1578
instanceKlass scala/runtime/VolatileDoubleRef
instanceKlass scala/runtime/VolatileFloatRef
instanceKlass scala/runtime/VolatileLongRef
instanceKlass scala/runtime/VolatileIntRef
instanceKlass scala/runtime/VolatileCharRef
instanceKlass scala/runtime/VolatileShortRef
instanceKlass scala/runtime/VolatileByteRef
instanceKlass scala/runtime/VolatileBooleanRef
instanceKlass scala/reflect/internal/Definitions$ValueClassDefinitions$$Lambda$1577
instanceKlass scala/runtime/DoubleRef
instanceKlass scala/runtime/FloatRef
instanceKlass scala/runtime/CharRef
instanceKlass scala/runtime/ShortRef
instanceKlass scala/runtime/ByteRef
instanceKlass scala/reflect/internal/Definitions$ValueClassDefinitions$$Lambda$1576
instanceKlass scala/reflect/internal/Definitions$ValueClassDefinitions$$Lambda$1575
instanceKlass scala/reflect/internal/Definitions$ValueClassDefinitions$$Lambda$1574
instanceKlass scala/reflect/internal/Definitions$ValueClassDefinitions$$Lambda$1573
instanceKlass scala/reflect/internal/Definitions$ValueClassDefinitions$$Lambda$1572
instanceKlass scala/reflect/internal/Definitions$ValueClassDefinitions$$Lambda$1571
instanceKlass scala/reflect/internal/Definitions$ValueClassDefinitions$$Lambda$1570
instanceKlass scala/reflect/internal/Definitions$ValueClassDefinitions$$Lambda$1569
instanceKlass scala/reflect/internal/Definitions$ValueClassDefinitions$$Lambda$1568
instanceKlass scala/collection/immutable/Map$$Lambda$1567
instanceKlass scala/reflect/internal/Definitions$ValueClassDefinitions$$Lambda$1566
instanceKlass scala/reflect/internal/Definitions$ValueClassDefinitions$$Lambda$1565
instanceKlass scala/reflect/internal/Scopes$$Lambda$1564
instanceKlass scala/reflect/internal/Definitions$DefinitionsClass$$Lambda$1563
instanceKlass scala/languageFeature
instanceKlass scala/reflect/runtime/ReflectionUtils$$$Lambda$1562
instanceKlass scala/reflect/internal/util/ScalaClassLoader
instanceKlass scala/reflect/internal/MissingRequirementError$
instanceKlass scala/reflect/runtime/JavaMirrors$$Lambda$1561
instanceKlass scala/reflect/internal/Definitions$DefinitionsClass$$Lambda$1560
instanceKlass java/lang/FunctionalInterface
instanceKlass scala/reflect/internal/annotations/package
instanceKlass java/lang/annotation/Repeatable
instanceKlass scala/runtime/VolatileObjectRef
instanceKlass scala/reflect/internal/Types$$Lambda$1559
instanceKlass scala/reflect/internal/Types$$Lambda$1558
instanceKlass scala/reflect/internal/Definitions$DefinitionsClass$$Lambda$1557
instanceKlass scala/reflect/internal/Definitions$DefinitionsClass$MacroContextType$
instanceKlass scala/annotation/meta/package
instanceKlass scala/reflect/internal/pickling/UnPickler$Scan$$Lambda$1556
instanceKlass scala/reflect/internal/pickling/UnPickler$Scan$$Lambda$1555
instanceKlass scala/reflect/internal/pickling/UnPickler$Scan$$Lambda$1554
instanceKlass scala/concurrent/package
instanceKlass scala/runtime/AbstractFunction22
instanceKlass scala/runtime/AbstractFunction21
instanceKlass scala/runtime/AbstractFunction20
instanceKlass scala/runtime/AbstractFunction19
instanceKlass scala/runtime/AbstractFunction18
instanceKlass scala/runtime/AbstractFunction17
instanceKlass scala/runtime/AbstractFunction16
instanceKlass scala/runtime/AbstractFunction15
instanceKlass scala/runtime/AbstractFunction14
instanceKlass scala/runtime/AbstractFunction13
instanceKlass scala/runtime/AbstractFunction12
instanceKlass scala/runtime/AbstractFunction11
instanceKlass scala/runtime/AbstractFunction10
instanceKlass scala/runtime/AbstractFunction9
instanceKlass scala/runtime/AbstractFunction5
instanceKlass scala/Function22
instanceKlass scala/Function21
instanceKlass scala/Function20
instanceKlass scala/Function19
instanceKlass scala/Function18
instanceKlass scala/Function17
instanceKlass scala/Function16
instanceKlass scala/Function15
instanceKlass scala/Function14
instanceKlass scala/Function13
instanceKlass scala/Function12
instanceKlass scala/Function11
instanceKlass scala/Function10
instanceKlass scala/Function9
instanceKlass scala/Function5
instanceKlass scala/Tuple22
instanceKlass scala/Tuple21
instanceKlass scala/Tuple20
instanceKlass scala/Tuple19
instanceKlass scala/Tuple18
instanceKlass scala/Tuple17
instanceKlass scala/Tuple16
instanceKlass scala/Tuple15
instanceKlass scala/Tuple14
instanceKlass scala/Tuple13
instanceKlass scala/Tuple12
instanceKlass scala/Tuple11
instanceKlass scala/Tuple10
instanceKlass scala/Tuple9
instanceKlass scala/Tuple8
instanceKlass scala/Tuple6
instanceKlass scala/Tuple5
instanceKlass scala/Tuple1
instanceKlass scala/reflect/internal/Definitions$ValueClassDefinitions$SymbolSet$$Lambda$1553
instanceKlass scala/reflect/internal/Definitions$ValueClassDefinitions$SymbolSet
instanceKlass scala/collection/package$WrappedCanBuildFrom
instanceKlass scala/collection/package$
instanceKlass scala/Product22
instanceKlass scala/Product21
instanceKlass scala/Product20
instanceKlass scala/Product19
instanceKlass scala/Product18
instanceKlass scala/Product17
instanceKlass scala/Product16
instanceKlass scala/Product15
instanceKlass scala/Product14
instanceKlass scala/Product13
instanceKlass scala/Product12
instanceKlass scala/Product11
instanceKlass scala/Product10
instanceKlass scala/Product9
instanceKlass scala/Product8
instanceKlass scala/Product6
instanceKlass scala/Product5
instanceKlass scala/Product1
instanceKlass scala/reflect/internal/Definitions$DefinitionsClass$VarArityClass$$Lambda$1552
instanceKlass scala/reflect/internal/Definitions$DefinitionsClass$VarArityClass$
instanceKlass scala/Some$
instanceKlass scala/None
instanceKlass scala/reflect/ScalaLongSignature
instanceKlass scala/StringContext$
instanceKlass scala/reflect/macros/whitebox/Context
instanceKlass scala/reflect/macros/blackbox/Context
instanceKlass scala/reflect/macros/Internals
instanceKlass scala/reflect/macros/ExprUtils
instanceKlass scala/reflect/macros/Evals
instanceKlass scala/reflect/macros/Parsers
instanceKlass scala/reflect/macros/Typers
instanceKlass scala/reflect/macros/Infrastructure
instanceKlass scala/reflect/macros/FrontEnds
instanceKlass scala/reflect/macros/Reifiers
instanceKlass scala/reflect/macros/Names
instanceKlass scala/reflect/macros/Enclosures
instanceKlass scala/reflect/macros/Aliases
instanceKlass scala/reflect/macros/package
instanceKlass scala/reflect/api/TreeCreator
instanceKlass scala/reflect/NoManifest
instanceKlass scala/reflect/ManifestFactory
instanceKlass scala/reflect/runtime/package
instanceKlass scala/reflect/api/package
instanceKlass scala/reflect/runtime/SynchronizedOps$SynchronizedScope$$Lambda$1551
instanceKlass scala/reflect/runtime/SynchronizedOps$SynchronizedScope$$Lambda$1550
instanceKlass scala/reflect/internal/pickling/UnPickler$Scan$$Lambda$1549
instanceKlass scala/reflect/internal/pickling/UnPickler$Scan$$Lambda$1548
instanceKlass scala/annotation/ClassfileAnnotation
instanceKlass scala/reflect/ClassManifestFactory
instanceKlass scala/reflect/package
instanceKlass scala/xml/TopScope
instanceKlass scala/xml/package
instanceKlass scala/runtime/SymbolLiteral
instanceKlass scala/runtime/StructuralCallSite
instanceKlass scala/reflect/internal/Mirrors$RootsBase$$Lambda$1547
instanceKlass scala/runtime/MethodCache
instanceKlass scala/reflect/internal/tpe/TypeMaps$AsSeenFromMap$$Lambda$1546
instanceKlass scala/reflect/internal/tpe/TypeMaps$AsSeenFromMap$$Lambda$1545
instanceKlass scala/reflect/internal/Types$substTypeMapCache$
instanceKlass scala/reflect/internal/tpe/TypeMaps$KeepOnlyTypeConstraints
instanceKlass scala/reflect/internal/tpe/TypeMaps$AnnotationFilter
instanceKlass scala/collection/immutable/Nil
instanceKlass java/rmi/Remote
instanceKlass scala/annotation/TypeConstraint
instanceKlass scala/DelayedInit
instanceKlass scala/reflect/internal/pickling/UnPickler$Scan$$Lambda$1544
instanceKlass scala/math/package
instanceKlass scala/runtime/StringAdd
instanceKlass scala/UniquenessCache
instanceKlass scala/runtime/ScalaRunTime
instanceKlass scala/reflect/internal/Definitions$DefinitionsClass$$Lambda$1543
instanceKlass scala/reflect/internal/Mirrors$RootsBase$$Lambda$1542
instanceKlass scala/Predef
instanceKlass scala/reflect/internal/Mirrors$RootsBase$$Lambda$1541
instanceKlass scala/sys/package
instanceKlass scala/Dynamic
instanceKlass scala/Symbol
instanceKlass scala/reflect/internal/Types$TypeRef$$Lambda$1540
instanceKlass scala/reflect/internal/Types$TypeRef$$Lambda$1539
instanceKlass java/lang/Throwable$SentinelHolder
instanceKlass java/lang/Throwable$PrintStreamOrWriter
instanceKlass scala/reflect/internal/pickling/UnPickler$Scan$$Lambda$1538
instanceKlass scala/reflect/api/Exprs$Expr
instanceKlass scala/reflect/api/Exprs$Expr$
instanceKlass scala/reflect/api/Printers$BooleanFlag$
instanceKlass scala/reflect/api/Liftables$Unliftable
instanceKlass scala/reflect/api/Liftables$Unliftable$
instanceKlass scala/reflect/api/StandardLiftables$StandardUnliftableInstances
instanceKlass scala/reflect/api/Liftables$Liftable
instanceKlass scala/reflect/api/Liftables$Liftable$
instanceKlass scala/reflect/api/StandardLiftables$StandardLiftableInstances
instanceKlass scala/reflect/internal/tpe/TypeConstraints$TypeConstraint$
instanceKlass scala/reflect/internal/Types$TypeUnwrapper
instanceKlass scala/reflect/internal/Types$ErasedValueType$
instanceKlass scala/reflect/internal/Types$StaticallyAnnotatedType$
instanceKlass scala/reflect/internal/Types$UntouchableTypeVar
instanceKlass scala/reflect/internal/Types$TypeVar$
instanceKlass scala/reflect/internal/Types$ArrayTypeRef$
instanceKlass scala/reflect/internal/Types$HasTypeMember$
instanceKlass scala/reflect/internal/Types$CompoundType$
instanceKlass scala/reflect/internal/Kinds$inferKind$InferKind
instanceKlass scala/reflect/internal/Kinds$inferKind$
instanceKlass scala/reflect/internal/Kinds$TypeConKind$
instanceKlass scala/reflect/internal/Kinds$ProperTypeKind$
instanceKlass scala/reflect/internal/Kinds$Kind$
instanceKlass scala/reflect/internal/FlagSets$Flag$
instanceKlass scala/reflect/internal/Scopes$Scope$
instanceKlass scala/reflect/internal/Scopes$LookupNotFound$
instanceKlass scala/reflect/internal/Scopes$NameLookup
instanceKlass scala/reflect/runtime/SynchronizedOps$$Lambda$1537
instanceKlass scala/reflect/internal/StdNames$binarynme$
instanceKlass scala/reflect/internal/AnnotationInfos$ThrownException$
instanceKlass scala/reflect/api/Trees$Traverser
instanceKlass scala/reflect/internal/Trees$MethodValue$
instanceKlass scala/reflect/internal/Trees$ValOrDefDef$
instanceKlass java/io/Console$2
instanceKlass jdk/internal/access/JavaIOAccess
instanceKlass java/io/Console
instanceKlass scala/reflect/internal/TypeDebugging$typeDebug$
instanceKlass scala/reflect/internal/TypeDebugging$noPrint$
instanceKlass scala/reflect/internal/StdAttachments$KnownDirectSubclassesCalled$
instanceKlass scala/reflect/internal/StdAttachments$UseInvokeSpecial$
instanceKlass scala/reflect/internal/StdAttachments$OuterArgCanBeElided$
instanceKlass scala/reflect/internal/StdAttachments$InlineAnnotatedAttachment
instanceKlass scala/reflect/internal/StdAttachments$SyntheticUnitAttachment$
instanceKlass scala/reflect/internal/StdAttachments$ForAttachment$
instanceKlass scala/reflect/internal/StdAttachments$PatVarDefAttachment$
instanceKlass scala/reflect/internal/StdAttachments$NoWarnAttachment$
instanceKlass scala/reflect/internal/StdAttachments$AutoApplicationAttachment$
instanceKlass scala/reflect/internal/StdAttachments$InfixAttachment$
instanceKlass scala/reflect/internal/StdAttachments$PostfixAttachment$
instanceKlass scala/reflect/internal/StdAttachments$BackquotedIdentifierAttachment$
instanceKlass scala/reflect/internal/StdAttachments$DelambdafyTarget$
instanceKlass scala/reflect/internal/StdAttachments$PlainAttachment
instanceKlass scala/reflect/internal/StdAttachments$ImportableAttachment
instanceKlass scala/runtime/AbstractFunction2
instanceKlass scala/reflect/internal/FreshNames$FreshNameExtractor$
instanceKlass scala/reflect/internal/Internals$$anon$4
instanceKlass scala/reflect/api/Internals$CompatToken
instanceKlass scala/reflect/internal/Internals$$anon$2
instanceKlass scala/collection/mutable/Map$$Lambda$1536
instanceKlass scala/reflect/internal/SymbolTable$traceSymbols$
instanceKlass scala/reflect/internal/util/TraceSymbolActivity
instanceKlass scala/reflect/macros/Universe$MacroInternalApi$MacroDecoratorApi
instanceKlass scala/reflect/api/Internals$InternalApi$DecoratorApi
instanceKlass scala/reflect/runtime/JavaUniverse$$anon$4
instanceKlass scala/reflect/internal/Internals$SymbolTableInternal
instanceKlass scala/reflect/api/TypeTags$TypeTag$$$Lambda$1535
instanceKlass scala/reflect/api/TypeTags$TypeTag$$$Lambda$1534
instanceKlass scala/reflect/api/TypeTags$TypeTag$$$Lambda$1533
instanceKlass scala/reflect/api/TypeTags$TypeTag$$$Lambda$1532
instanceKlass scala/reflect/api/TypeTags$TypeTag$$$Lambda$1531
instanceKlass scala/reflect/api/TypeTags$TypeTag$$$Lambda$1530
instanceKlass scala/reflect/api/TypeTags$TypeTag$$$Lambda$1529
instanceKlass scala/reflect/api/TypeTags$TypeTag$$$Lambda$1528
instanceKlass scala/reflect/api/TypeTags$TypeTag$$$Lambda$1527
instanceKlass scala/reflect/api/TypeTags$TypeTag$$$Lambda$1526
instanceKlass scala/reflect/api/TypeTags$TypeTag$$$Lambda$1525
instanceKlass scala/reflect/api/TypeTags$TypeTag$$$Lambda$1524
instanceKlass scala/reflect/api/TypeTags$TypeTag$$$Lambda$1523
instanceKlass scala/reflect/api/TypeTags$TypeTag$$$Lambda$1522
instanceKlass scala/Short
instanceKlass scala/reflect/api/TypeTags$TypeTag$$$Lambda$1521
instanceKlass scala/reflect/api/TypeTags$WeakTypeTagImpl
instanceKlass scala/reflect/api/TypeTags$TypeTag$
instanceKlass scala/reflect/api/TypeTags$WeakTypeTag$
instanceKlass scala/reflect/internal/StdNames$compactify$
instanceKlass scala/reflect/api/Trees$Transformer
instanceKlass scala/reflect/internal/Definitions$DefinitionsClass$$Lambda$1520
instanceKlass scala/reflect/internal/Symbols$TypeSymbol$$Lambda$1519
instanceKlass scala/reflect/runtime/JavaMirrors$JavaMirror$$Lambda$1518
instanceKlass sun/reflect/generics/tree/IntSignature
instanceKlass scala/reflect/internal/Definitions$DefinitionsClass$$Lambda$1517
instanceKlass scala/collection/TraversableLike$$Lambda$1516
instanceKlass scala/reflect/runtime/JavaMirrors$JavaMirror$$Lambda$1515
instanceKlass scala/Double
instanceKlass scala/Float
instanceKlass scala/Char
instanceKlass jdk/internal/vm/annotation/Stable
instanceKlass scala/Byte
instanceKlass scala/reflect/runtime/JavaMirrors$JavaMirror$$Lambda$1514
instanceKlass scala/reflect/runtime/JavaMirrors$JavaMirror$$Lambda$1513
instanceKlass scala/reflect/runtime/JavaMirrors$JavaMirror$$Lambda$1512
instanceKlass scala/reflect/internal/StdNames$TermNames$raw$
instanceKlass scala/reflect/internal/Definitions$DefinitionsClass$$Lambda$1511
instanceKlass scala/reflect/internal/util/package$
instanceKlass scala/reflect/internal/Definitions$DefinitionsClass$$Lambda$1510
instanceKlass scala/reflect/internal/Definitions$DefinitionsClass$$Lambda$1509
instanceKlass scala/reflect/internal/Definitions$DefinitionsClass$$Lambda$1508
instanceKlass scala/reflect/internal/Definitions$DefinitionsClass$$Lambda$1507
instanceKlass scala/reflect/internal/Definitions$DefinitionsClass$$Lambda$1506
instanceKlass scala/reflect/internal/Symbols$Symbol$$Lambda$1505
instanceKlass scala/reflect/internal/Definitions$DefinitionsClass$$Lambda$1504
instanceKlass scala/reflect/internal/Definitions$DefinitionsClass$$Lambda$1503
instanceKlass scala/reflect/internal/Symbols$Symbol$$Lambda$1502
instanceKlass scala/reflect/internal/Symbols$Symbol$$Lambda$1501
instanceKlass scala/reflect/runtime/JavaMirrors$JavaMirror$$Lambda$1500
instanceKlass scala/reflect/runtime/JavaMirrors$JavaMirror$$Lambda$1499
instanceKlass scala/reflect/internal/Types$$Lambda$1498
instanceKlass scala/reflect/runtime/JavaMirrors$JavaMirror$$Lambda$1497
instanceKlass scala/reflect/runtime/JavaMirrors$JavaMirror$$Lambda$1496
instanceKlass scala/reflect/runtime/JavaMirrors$JavaMirror$$Lambda$1495
instanceKlass scala/reflect/runtime/JavaMirrors$JavaMirror$$Lambda$1494
instanceKlass scala/Boolean
instanceKlass scala/reflect/internal/pickling/UnPickler$Scan$$Lambda$1493
instanceKlass scala/reflect/internal/pickling/UnPickler$Scan$$Lambda$1492
instanceKlass java/lang/invoke/LambdaForm$MH
instanceKlass scala/Int
instanceKlass scala/Long
instanceKlass scala/annotation/Annotation
instanceKlass scala/reflect/internal/AnnotationInfos$AnnotationInfo$
instanceKlass scala/reflect/internal/AnnotationInfos$Annotatable$$Lambda$1491
instanceKlass scala/reflect/internal/PrivateWithin$$Lambda$1490
instanceKlass scala/Unit
instanceKlass scala/reflect/runtime/JavaMirrors$JavaMirror$$Lambda$1489
instanceKlass scala/reflect/runtime/JavaMirrors$JavaMirror$$Lambda$1488
instanceKlass scala/reflect/runtime/JavaMirrors$JavaMirror$jMemberOps
instanceKlass scala/reflect/runtime/JavaMirrors$JavaMirror$RichClass
instanceKlass scala/reflect/runtime/ReflectionUtils$EnclosedIn
instanceKlass scala/reflect/runtime/ReflectionUtils$PrimitiveOrArray$
instanceKlass scala/reflect/runtime/JavaMirrors$JavaMirror$$Lambda$1487
instanceKlass scala/reflect/runtime/JavaMirrors$JavaMirror$$Lambda$1486
instanceKlass scala/reflect/runtime/JavaMirrors$JavaMirror$$Lambda$1485
instanceKlass scala/reflect/runtime/JavaMirrors$JavaMirror$FromJavaClassCompleter$$Lambda$1484
instanceKlass scala/reflect/runtime/JavaMirrors$JavaMirror$FromJavaClassCompleter$$Lambda$1483
instanceKlass scala/reflect/runtime/JavaMirrors$JavaMirror$FromJavaClassCompleter$$Lambda$1482
instanceKlass scala/reflect/runtime/JavaMirrors$JavaMirror$FromJavaClassCompleter$$Lambda$1481
instanceKlass scala/reflect/internal/ClassfileConstants$FlagTranslation
instanceKlass scala/reflect/internal/JavaAccFlags$
instanceKlass scala/reflect/runtime/JavaMirrors$JavaMirror$jClassOps
instanceKlass scala/reflect/runtime/JavaMirrors$JavaMirror$$Lambda$1480
instanceKlass scala/reflect/internal/Mirrors$RootsBase$$Lambda$1479
instanceKlass scala/reflect/internal/Mirrors$RootsBase$$Lambda$1478
instanceKlass scala/AnyVal
instanceKlass scala/Array
instanceKlass scala/reflect/internal/Types$GenPolyType$
instanceKlass scala/reflect/internal/pickling/UnPickler$Scan$$Lambda$1477
instanceKlass scala/collection/package
instanceKlass scala/reflect/internal/Definitions$DefinitionsClass$$Lambda$1476
instanceKlass scala/runtime/package
instanceKlass scala/reflect/internal/Mirrors$RootsBase$$Lambda$1475
instanceKlass scala/reflect/internal/Mirrors$RootsBase$$Lambda$1474
instanceKlass scala/annotation/StaticAnnotation
instanceKlass scala/reflect/internal/SymbolTable$$Lambda$1473
instanceKlass scala/reflect/internal/Symbols$Symbol$$Lambda$1472
instanceKlass scala/reflect/internal/util/ThreeValues$
instanceKlass scala/reflect/internal/Types$TypeRef$$Lambda$1471
instanceKlass scala/reflect/internal/SymbolTable$$Lambda$1470
instanceKlass scala/reflect/internal/SymbolTable$$Lambda$1469
instanceKlass scala/reflect/runtime/SynchronizedOps$SynchronizedScope$$Lambda$1468
instanceKlass scala/reflect/runtime/TwoWayCaches$TwoWayCache$SomeRef$
instanceKlass scala/reflect/runtime/JavaMirrors$JavaMirror$$Lambda$1467
instanceKlass java/lang/ClassLoader$$Lambda$1466
instanceKlass jdk/internal/loader/BootLoader$PackageHelper$$Lambda$1465
instanceKlass jdk/internal/loader/BootLoader$PackageHelper
instanceKlass scala/ref/WeakReference$
instanceKlass scala/reflect/internal/pickling/UnPickler$Scan$LazyTypeRef$$Lambda$1464
instanceKlass scala/reflect/internal/pickling/UnPickler$Scan$LazyTypeRef$$Lambda$1463
instanceKlass java/lang/invoke/LambdaForm$MH
instanceKlass java/lang/invoke/LambdaForm$MH
instanceKlass scala/reflect/internal/pickling/UnPickler$Scan$$Lambda$1462
instanceKlass scala/reflect/runtime/SynchronizedSymbols$SynchronizedMethodSymbol
instanceKlass scala/reflect/internal/pickling/UnPickler$Scan$$Lambda$1461
instanceKlass scala/reflect/internal/pickling/UnPickler$Scan$$Lambda$1460
instanceKlass scala/reflect/internal/pickling/UnPickler$Scan$$Lambda$1459
instanceKlass scala/reflect/internal/Mirrors$RootsBase$$Lambda$1458
instanceKlass scala/reflect/internal/pickling/UnPickler$Scan$$Lambda$1457
instanceKlass sun/nio/cs/ThreadLocalCoders$Cache
instanceKlass sun/nio/cs/ThreadLocalCoders
instanceKlass scala/io/Codec$$Lambda$1456
instanceKlass scala/io/Codec
instanceKlass scala/io/Codec$
instanceKlass scala/io/LowPriorityCodecImplicits
instanceKlass scala/reflect/internal/pickling/UnPickler$Scan$$Lambda$1455
instanceKlass scala/reflect/internal/pickling/PickleFormat$
instanceKlass scala/reflect/internal/pickling/PickleBuffer
instanceKlass scala/collection/mutable/ArrayOps$ofByte
instanceKlass scala/reflect/internal/pickling/UnPickler
instanceKlass scala/reflect/runtime/ReflectionUtils$
instanceKlass scala/reflect/internal/pickling/ByteCodecs$
instanceKlass scala/reflect/runtime/JavaMirrors$JavaMirror$$Lambda$1454
instanceKlass scala/reflect/runtime/JavaMirrors$JavaMirror$$Lambda$1453
instanceKlass scala/reflect/runtime/JavaMirrors$JavaMirror$$Lambda$1452
instanceKlass scala/reflect/runtime/SymbolLoaders$TopClassCompleter$$Lambda$1451
instanceKlass scala/reflect/runtime/SymbolLoaders$TopClassCompleter$$Lambda$1450
instanceKlass scala/reflect/runtime/SymbolLoaders$PackageScope$$Lambda$1449
instanceKlass scala/reflect/runtime/SymbolLoaders$PackageScope$$Lambda$1448
instanceKlass scala/reflect/internal/Types$FlagAssigningCompleter
instanceKlass scala/package
instanceKlass scala/reflect/internal/Mirrors$RootsBase$$Lambda$1447
instanceKlass scala/reflect/internal/Symbols$ClassSymbol$$Lambda$1446
instanceKlass scala/reflect/runtime/SynchronizedOps$SynchronizedScope$$Lambda$1445
instanceKlass scala/reflect/internal/Mirrors$RootsBase$$Lambda$1444
instanceKlass scala/reflect/runtime/JavaMirrors$JavaMirror$$Lambda$1443
instanceKlass scala/reflect/internal/Symbols$$Lambda$1442
instanceKlass scala/reflect/internal/Symbols$$Lambda$1441
instanceKlass scala/reflect/internal/Mirrors$RootsBase$$Lambda$1440
instanceKlass scala/reflect/internal/Mirrors$RootsBase$$Lambda$1439
instanceKlass scala/reflect/internal/Mirrors$RootsBase$$Lambda$1438
instanceKlass scala/reflect/internal/Mirrors$RootsBase$$Lambda$1437
instanceKlass scala/reflect/runtime/SynchronizedOps$SynchronizedScope$$Lambda$1436
instanceKlass scala/reflect/runtime/SynchronizedOps$SynchronizedScope$$Lambda$1435
instanceKlass scala/reflect/internal/Symbols$$Lambda$1434
instanceKlass scala/reflect/internal/Symbols$$Lambda$1433
instanceKlass scala/reflect/runtime/SymbolLoaders$PackageScope$$Lambda$1432
instanceKlass scala/reflect/runtime/SynchronizedOps$SynchronizedScope$$Lambda$1431
instanceKlass scala/reflect/runtime/SymbolLoaders$PackageScope$$Lambda$1430
instanceKlass scala/reflect/internal/Scopes$ScopeEntry
instanceKlass scala/reflect/runtime/ThreadLocalStorage$MyThreadLocalStorage
instanceKlass scala/reflect/runtime/SynchronizedTypes$$Lambda$1429
instanceKlass scala/reflect/internal/Types$$Lambda$1428
instanceKlass scala/reflect/internal/Types$$Lambda$1427
instanceKlass scala/reflect/runtime/SymbolLoaders$LazyPackageType$$Lambda$1426
instanceKlass scala/reflect/internal/Types$AbstractTypeRef
instanceKlass scala/reflect/internal/Types$AliasTypeRef
instanceKlass scala/reflect/internal/Types$NonClassTypeRef
instanceKlass scala/reflect/runtime/SynchronizedSymbols$SynchronizedTermSymbol
instanceKlass java/lang/invoke/LambdaForm$MH
instanceKlass java/lang/invoke/LambdaForm$MH
instanceKlass java/lang/invoke/LambdaForm$MH
instanceKlass sun/invoke/util/ValueConversions$WrapperCache
instanceKlass scala/reflect/internal/util/AlmostFinalValue
instanceKlass scala/reflect/internal/util/StatisticsStatics
instanceKlass scala/reflect/internal/settings/MutableSettings$
instanceKlass scala/reflect/internal/settings/MutableSettings$SettingsOps$
instanceKlass scala/reflect/runtime/SynchronizedSymbols$SynchronizedModuleClassSymbol
instanceKlass scala/reflect/runtime/SynchronizedSymbols$SynchronizedClassSymbol
instanceKlass scala/reflect/runtime/SynchronizedSymbols$SynchronizedTypeSymbol
instanceKlass scala/ref/ReferenceWithWrapper
instanceKlass scala/ref/WeakReference
instanceKlass scala/ref/ReferenceWrapper
instanceKlass scala/ref/Reference
instanceKlass scala/reflect/runtime/JavaMirrors$JavaMirror$$Lambda$1425
instanceKlass scala/reflect/runtime/JavaMirrors$JavaMirror$$Lambda$1424
instanceKlass scala/reflect/runtime/JavaMirrors$JavaMirror$$Lambda$1423
instanceKlass scala/reflect/runtime/JavaMirrors$JavaMirror$$Lambda$1422
instanceKlass scala/reflect/runtime/JavaMirrors$JavaMirror$$Lambda$1421
instanceKlass scala/reflect/runtime/HasJavaClass
instanceKlass scala/reflect/runtime/TwoWayCaches$TwoWayCache
instanceKlass scala/reflect/api/Mirrors$ModuleMirror
instanceKlass scala/reflect/runtime/JavaMirrors$JavaClassCompleter
instanceKlass scala/reflect/api/Mirrors$ClassMirror
instanceKlass scala/reflect/api/Mirrors$TemplateMirror
instanceKlass scala/reflect/api/Mirrors$InstanceMirror
instanceKlass scala/reflect/api/Mirrors$MethodMirror
instanceKlass scala/reflect/internal/Types$FlagAgnosticCompleter
instanceKlass scala/reflect/internal/Flags$$Lambda$1420
instanceKlass java/lang/invoke/LambdaForm$DMH
instanceKlass scala/reflect/internal/Flags$$Lambda$1419
instanceKlass scala/runtime/java8/JFunction1$mcJJ$sp
instanceKlass scala/reflect/internal/Flags$$Lambda$1418
instanceKlass scala/collection/mutable/ArrayOps$ofLong$
instanceKlass scala/reflect/internal/Flags$MapFlags$$Lambda$1417
instanceKlass scala/runtime/java8/JFunction2$mcJJJ$sp
instanceKlass scala/collection/mutable/ArrayOps$ofLong
instanceKlass scala/reflect/internal/Flags$MapFlags
instanceKlass scala/Function1$mcJJ$sp
instanceKlass scala/reflect/internal/Flags$$Lambda$1416
instanceKlass scala/reflect/internal/Flags$$Lambda$1415
instanceKlass scala/reflect/internal/ModifierFlags
instanceKlass scala/reflect/internal/Symbols$TypeHistory
instanceKlass scala/reflect/io/AbstractFile
instanceKlass scala/reflect/api/StandardDefinitions$DefinitionsApi$VarArityClassApi
instanceKlass scala/reflect/internal/Definitions$DefinitionsClass
instanceKlass scala/reflect/internal/Definitions$ValueClassDefinitions
instanceKlass scala/reflect/internal/ScopeStats$$Lambda$1414
instanceKlass scala/reflect/internal/SymbolsStats$$Lambda$1413
instanceKlass scala/collection/mutable/SynchronizedMap
instanceKlass scala/reflect/internal/TreesStats$$Lambda$1412
instanceKlass scala/reflect/internal/TreesStats$$Lambda$1411
instanceKlass scala/reflect/internal/util/Statistics$TimerStack
instanceKlass scala/reflect/internal/util/Statistics$View
instanceKlass scala/reflect/internal/TypesStats$$Lambda$1410
instanceKlass scala/reflect/internal/util/Statistics$Timer
instanceKlass scala/reflect/internal/SymbolTable$$Lambda$1409
instanceKlass scala/reflect/internal/util/package$StringContextStripMarginOps
instanceKlass scala/reflect/internal/util/StripMarginInterpolator
instanceKlass scala/StringContext
instanceKlass scala/reflect/internal/util/FreshNameCreator$
instanceKlass scala/reflect/internal/util/FreshNameCreator
instanceKlass scala/reflect/api/Internals$ReificationSupportApi$SyntacticExistentialTypeExtractor
instanceKlass scala/reflect/api/Internals$ReificationSupportApi$SyntacticAnnotatedTypeExtractor
instanceKlass scala/reflect/api/Internals$ReificationSupportApi$SyntacticTypeProjectionExtractor
instanceKlass scala/reflect/api/Internals$ReificationSupportApi$SyntacticSelectTypeExtractor
instanceKlass scala/reflect/api/Internals$ReificationSupportApi$SyntacticEmptyTypeTreeExtractor
instanceKlass scala/reflect/api/Internals$ReificationSupportApi$UnliftListElementwise
instanceKlass scala/reflect/api/Internals$ReificationSupportApi$SyntacticPartialFunctionExtractor
instanceKlass scala/reflect/api/Internals$ReificationSupportApi$SyntacticFunctionTypeExtractor
instanceKlass scala/reflect/api/Internals$ReificationSupportApi$SyntacticPackageObjectDefExtractor
instanceKlass scala/reflect/api/Internals$ReificationSupportApi$UnliftListOfListsElementwise
instanceKlass scala/reflect/api/Internals$ReificationSupportApi$SyntacticTypeAppliedExtractor
instanceKlass scala/reflect/api/Internals$ReificationSupportApi$SyntacticSelectTermExtractor
instanceKlass scala/reflect/api/Internals$ReificationSupportApi$SyntacticCompoundTypeExtractor
instanceKlass scala/reflect/api/Internals$ReificationSupportApi$SyntacitcSingletonTypeExtractor
instanceKlass scala/reflect/api/Internals$ReificationSupportApi$FlagsReprExtractor
instanceKlass scala/reflect/api/Internals$ReificationSupportApi$SyntacticImportExtractor
instanceKlass scala/reflect/api/Internals$ReificationSupportApi$SyntacticFunctionExtractor
instanceKlass scala/reflect/api/Internals$ReificationSupportApi$SyntacticTryExtractor
instanceKlass scala/reflect/api/Internals$ReificationSupportApi$SyntacticTypeIdentExtractor
instanceKlass scala/reflect/api/Internals$ReificationSupportApi$SyntacticFilterExtractor
instanceKlass scala/reflect/api/Internals$ReificationSupportApi$SyntacticForExtractor
instanceKlass scala/reflect/api/Internals$ReificationSupportApi$ImplicitParamsExtractor
instanceKlass scala/reflect/api/Internals$ReificationSupportApi$SyntacticValEqExtractor
instanceKlass scala/reflect/api/Internals$ReificationSupportApi$SyntacticAppliedExtractor
instanceKlass scala/reflect/api/Internals$ReificationSupportApi$SyntacticNewExtractor
instanceKlass scala/reflect/api/Internals$ReificationSupportApi$SyntacticPatDefExtractor
instanceKlass scala/reflect/api/Internals$ReificationSupportApi$SyntacticTupleExtractor
instanceKlass scala/reflect/api/Internals$ReificationSupportApi$SyntacticTermIdentExtractor
instanceKlass scala/reflect/api/Internals$ReificationSupportApi$ScalaDotExtractor
instanceKlass scala/reflect/api/Internals$ReificationSupportApi$SyntacticObjectDefExtractor
instanceKlass scala/reflect/api/Internals$ReificationSupportApi$SyntacticAssignExtractor
instanceKlass scala/reflect/api/Internals$ReificationSupportApi$SyntacticValDefExtractor
instanceKlass scala/reflect/api/Internals$ReificationSupportApi$SyntacticMatchExtractor
instanceKlass scala/reflect/api/Internals$ReificationSupportApi$SyntacticDefDefExtractor
instanceKlass scala/reflect/api/Internals$ReificationSupportApi$SyntacticValFromExtractor
instanceKlass scala/reflect/api/Internals$ReificationSupportApi$SyntacticClassDefExtractor
instanceKlass scala/reflect/api/Internals$ReificationSupportApi$SyntacticTraitDefExtractor
instanceKlass scala/reflect/api/Internals$ReificationSupportApi$SyntacticBlockExtractor
instanceKlass scala/reflect/internal/ReificationSupport$ReificationSupportImpl
instanceKlass scala/reflect/internal/Positions$WrappingPosAccumulator
instanceKlass scala/reflect/internal/Positions$$Lambda$1408
instanceKlass scala/reflect/internal/Positions$SetChildrenPosAccumulator
instanceKlass scala/reflect/internal/Positions$$anon$1
instanceKlass scala/reflect/internal/util/SourceFile
instanceKlass scala/reflect/internal/Trees$ImportSelector
instanceKlass scala/reflect/internal/Trees$$Lambda$1407
instanceKlass scala/reflect/internal/Trees$OnlyChildAccumulator
instanceKlass scala/reflect/internal/StdNames$TermNames$$Lambda$1406
instanceKlass scala/reflect/internal/Names$NameOps
instanceKlass scala/reflect/NameTransformer$OpCodes
instanceKlass scala/reflect/NameTransformer$
instanceKlass scala/reflect/internal/StdNames$JavaKeywords
instanceKlass scala/reflect/internal/StdNames$KeywordSetBuilder
instanceKlass scala/reflect/internal/StdNames$CommonNames
instanceKlass scala/reflect/internal/transform/Transforms$$Lambda$1405
instanceKlass scala/reflect/internal/transform/Transforms$$anon$3
instanceKlass scala/reflect/internal/transform/PostErasure
instanceKlass scala/reflect/internal/transform/Transforms$$Lambda$1404
instanceKlass scala/reflect/internal/transform/Transforms$$anon$2
instanceKlass scala/reflect/internal/transform/Erasure
instanceKlass scala/reflect/internal/transform/Transforms$$Lambda$1403
instanceKlass scala/reflect/internal/transform/Transforms$$anon$1
instanceKlass scala/reflect/internal/transform/UnCurry
instanceKlass scala/reflect/internal/transform/Transforms$Lazy
instanceKlass scala/reflect/internal/Scopes$$Lambda$1402
instanceKlass scala/reflect/internal/Kinds$KindErrors
instanceKlass scala/reflect/internal/Variances$varianceInType$$Lambda$1401
instanceKlass scala/reflect/internal/Variance$Extractor
instanceKlass scala/reflect/internal/Variances$$Lambda$1400
instanceKlass scala/reflect/internal/Variances$varianceInType
instanceKlass scala/reflect/api/Types$ThisTypeApi
instanceKlass scala/reflect/api/Types$SuperTypeApi
instanceKlass scala/reflect/api/Types$SingleTypeApi
instanceKlass scala/reflect/internal/Types$$Lambda$1399
instanceKlass scala/reflect/internal/Types$$Lambda$1398
instanceKlass scala/reflect/internal/Variance$
instanceKlass scala/reflect/internal/Types$$Lambda$1397
instanceKlass scala/reflect/internal/AnnotationInfos$AnnotationInfo
instanceKlass scala/reflect/api/Types$BoundedWildcardTypeApi
instanceKlass scala/reflect/internal/Types$$Lambda$1396
instanceKlass scala/reflect/internal/tpe/FindMembers$$Lambda$1395
instanceKlass scala/reflect/internal/tpe/FindMembers$FindMemberBase
instanceKlass scala/reflect/internal/util/ReusableInstance
instanceKlass scala/reflect/internal/Depth$
instanceKlass scala/reflect/runtime/Settings$IntSetting
instanceKlass scala/reflect/runtime/Settings$BooleanSetting
instanceKlass scala/reflect/runtime/Settings$Setting
instanceKlass scala/reflect/internal/settings/MutableSettings$SettingValue
instanceKlass scala/reflect/internal/settings/AbsSettings$AbsSettingValue
instanceKlass scala/reflect/internal/Symbols$SymbolOps
instanceKlass scala/reflect/internal/Symbols$$Lambda$1394
instanceKlass scala/reflect/api/Internals$FreeTypeSymbolApi
instanceKlass scala/reflect/api/Internals$FreeTermSymbolApi
instanceKlass scala/reflect/internal/Symbols$FreeSymbol
instanceKlass scala/reflect/internal/util/JavaClearable
instanceKlass scala/collection/mutable/AnyRefMap$$$Lambda$1393
instanceKlass scala/collection/mutable/AnyRefMap$$anon$2
instanceKlass scala/collection/mutable/AnyRefMap$ExceptionDefault
instanceKlass scala/collection/mutable/AnyRefMap$
instanceKlass scala/reflect/internal/SymbolTable$perRunCaches$
instanceKlass scala/reflect/api/Trees$SelectFromTypeTreeApi
instanceKlass scala/reflect/api/Trees$SingletonTypeTreeApi
instanceKlass scala/reflect/api/Trees$StarApi
instanceKlass scala/reflect/api/Trees$AlternativeApi
instanceKlass scala/reflect/api/Trees$AssignApi
instanceKlass scala/reflect/api/Trees$FunctionApi
instanceKlass scala/reflect/api/Trees$LabelDefApi
instanceKlass scala/reflect/api/Trees$ReturnApi
instanceKlass scala/reflect/api/Trees$AnnotatedApi
instanceKlass scala/reflect/api/Trees$ThisApi
instanceKlass scala/reflect/api/Trees$TypeApplyApi
instanceKlass scala/reflect/api/Trees$CompoundTypeTreeApi
instanceKlass scala/reflect/api/Trees$AssignOrNamedArgApi
instanceKlass scala/reflect/api/Trees$UnApplyApi
instanceKlass scala/reflect/api/Trees$AppliedTypeTreeApi
instanceKlass scala/reflect/api/Trees$ImportApi
instanceKlass scala/reflect/api/Trees$ClassDefApi
instanceKlass scala/reflect/api/Trees$PackageDefApi
instanceKlass scala/reflect/api/Trees$IfApi
instanceKlass scala/reflect/api/Trees$TypedApi
instanceKlass scala/reflect/api/Trees$ExistentialTypeTreeApi
instanceKlass scala/reflect/api/Trees$MatchApi
instanceKlass scala/reflect/internal/Reporting$RunReporting
instanceKlass scala/reflect/internal/TreeInfo
instanceKlass scala/reflect/api/Mirror
instanceKlass scala/reflect/internal/Reporting$PerRunReportingBase
instanceKlass scala/reflect/api/JavaUniverse$JavaMirror
instanceKlass scala/reflect/api/Mirrors$RuntimeMirror
instanceKlass scala/reflect/api/Mirrors$ReflectiveMirror
instanceKlass scala/reflect/internal/Reporter
instanceKlass scala/reflect/api/Trees$TreeCopierOps
instanceKlass scala/reflect/internal/settings/MutableSettings
instanceKlass scala/reflect/internal/settings/AbsSettings
instanceKlass scala/reflect/internal/SymbolTable$ReflectStats
instanceKlass scala/reflect/internal/ScopeStats
instanceKlass scala/reflect/internal/SymbolsStats
instanceKlass scala/reflect/internal/TreesStats
instanceKlass scala/reflect/internal/SymbolTableStats
instanceKlass scala/reflect/internal/TypesStats
instanceKlass scala/reflect/internal/BaseTypeSeqsStats
instanceKlass scala/reflect/internal/util/Statistics
instanceKlass scala/reflect/runtime/SynchronizedOps$SynchronizedBaseTypeSeq
instanceKlass scala/reflect/internal/BaseTypeSeqs$BaseTypeSeq
instanceKlass scala/reflect/runtime/SynchronizedOps$SynchronizedScope
instanceKlass scala/reflect/runtime/SynchronizedSymbols$SynchronizedSymbol
instanceKlass scala/reflect/runtime/ThreadLocalStorage$ThreadLocalStorage
instanceKlass scala/reflect/internal/Mirrors$Roots$RootSymbol
instanceKlass scala/reflect/internal/Mirrors$RootSymbol
instanceKlass scala/reflect/internal/Mirrors$Roots$WellKnownSymbol
instanceKlass scala/reflect/api/Types$PolyTypeExtractor
instanceKlass scala/reflect/api/Types$RefinedTypeExtractor
instanceKlass scala/reflect/api/Types$MethodTypeExtractor
instanceKlass scala/reflect/api/Types$ConstantTypeExtractor
instanceKlass scala/reflect/api/Types$SuperTypeExtractor
instanceKlass scala/reflect/api/Types$NullaryMethodTypeExtractor
instanceKlass scala/reflect/api/Types$AnnotatedTypeExtractor
instanceKlass scala/reflect/api/Trees$DefDefExtractor
instanceKlass scala/reflect/api/Annotations$AnnotationExtractor
instanceKlass scala/reflect/api/Trees$TypeBoundsTreeExtractor
instanceKlass scala/reflect/api/Trees$SelectFromTypeTreeExtractor
instanceKlass scala/reflect/api/Trees$SingletonTypeTreeExtractor
instanceKlass scala/reflect/api/Trees$TemplateExtractor
instanceKlass scala/reflect/api/Trees$StarExtractor
instanceKlass scala/reflect/api/Trees$ValDefExtractor
instanceKlass scala/reflect/api/Trees$AlternativeExtractor
instanceKlass scala/reflect/api/Trees$BlockExtractor
instanceKlass scala/reflect/api/Trees$BlockApi
instanceKlass scala/reflect/api/Trees$ModifiersExtractor
instanceKlass scala/reflect/api/Trees$IdentExtractor
instanceKlass scala/reflect/api/Trees$BindExtractor
instanceKlass scala/reflect/api/Trees$BindApi
instanceKlass scala/reflect/api/Trees$AssignExtractor
instanceKlass scala/reflect/api/Trees$FunctionExtractor
instanceKlass scala/reflect/api/Trees$TryExtractor
instanceKlass scala/reflect/api/Trees$TryApi
instanceKlass scala/reflect/api/Trees$LabelDefExtractor
instanceKlass scala/reflect/api/FlagSets$FlagValues
instanceKlass scala/reflect/api/Trees$ReturnExtractor
instanceKlass scala/reflect/api/Trees$SuperExtractor
instanceKlass scala/reflect/api/Trees$AnnotatedExtractor
instanceKlass scala/reflect/api/Trees$ThrowExtractor
instanceKlass scala/reflect/api/Trees$ThrowApi
instanceKlass scala/reflect/api/Trees$NewExtractor
instanceKlass scala/reflect/api/Trees$ApplyExtractor
instanceKlass scala/reflect/api/Trees$ThisExtractor
instanceKlass scala/reflect/api/Trees$TypeApplyExtractor
instanceKlass scala/reflect/api/Trees$CompoundTypeTreeExtractor
instanceKlass scala/reflect/api/Trees$ImportSelectorExtractor
instanceKlass scala/reflect/api/Trees$TypeDefExtractor
instanceKlass scala/reflect/api/Trees$TypeTreeExtractor
instanceKlass scala/reflect/api/Trees$CaseDefExtractor
instanceKlass scala/reflect/api/Trees$CaseDefApi
instanceKlass scala/reflect/api/Trees$AssignOrNamedArgExtractor
instanceKlass scala/reflect/api/Trees$UnApplyExtractor
instanceKlass scala/reflect/api/Internals$ReferenceToBoxedExtractor
instanceKlass scala/reflect/api/Trees$AppliedTypeTreeExtractor
instanceKlass scala/reflect/api/StandardNames$TypeNamesApi
instanceKlass scala/reflect/api/Trees$ImportExtractor
instanceKlass scala/reflect/api/Trees$ModuleDefExtractor
instanceKlass scala/reflect/api/Trees$ClassDefExtractor
instanceKlass scala/reflect/api/Trees$PackageDefExtractor
instanceKlass scala/reflect/api/Trees$RefTreeExtractor
instanceKlass scala/reflect/api/Constants$ConstantExtractor
instanceKlass scala/reflect/api/Types$ClassInfoTypeExtractor
instanceKlass scala/reflect/api/Types$SingleTypeExtractor
instanceKlass scala/reflect/api/Types$ExistentialTypeExtractor
instanceKlass scala/reflect/api/Types$TypeBoundsExtractor
instanceKlass scala/reflect/api/Names$TypeNameExtractor
instanceKlass scala/reflect/api/StandardNames$TermNamesApi
instanceKlass scala/reflect/api/StandardNames$NamesApi
instanceKlass scala/reflect/api/Names$TermNameExtractor
instanceKlass scala/reflect/api/Annotations$NestedArgumentExtractor
instanceKlass scala/reflect/api/Annotations$LiteralArgumentExtractor
instanceKlass scala/reflect/api/Annotations$ArrayArgumentExtractor
instanceKlass scala/reflect/api/Trees$IfExtractor
instanceKlass scala/reflect/api/Trees$LiteralExtractor
instanceKlass scala/reflect/api/Trees$TypedExtractor
instanceKlass scala/reflect/api/Trees$SelectExtractor
instanceKlass scala/reflect/api/StandardDefinitions$DefinitionsApi
instanceKlass scala/reflect/api/StandardDefinitions$StandardTypes
instanceKlass scala/reflect/api/Types$TypeRefExtractor
instanceKlass scala/reflect/api/Types$ThisTypeExtractor
instanceKlass scala/reflect/api/Annotations$AnnotationApi
instanceKlass scala/reflect/api/Types$BoundedWildcardTypeExtractor
instanceKlass scala/reflect/api/Trees$ExistentialTypeTreeExtractor
instanceKlass scala/reflect/api/Trees$MatchExtractor
instanceKlass scala/reflect/api/Internals$ReificationSupportApi
instanceKlass scala/reflect/internal/InfoTransformers$InfoTransformer
instanceKlass scala/reflect/internal/Phase
instanceKlass scala/reflect/internal/TreeGen
instanceKlass scala/reflect/macros/Universe$TreeGen
instanceKlass scala/reflect/macros/Universe$MacroInternalApi
instanceKlass scala/reflect/api/Internals$InternalApi
instanceKlass scala/reflect/macros/Universe$MacroCompatApi
instanceKlass scala/reflect/api/Internals$CompatApi
instanceKlass scala/reflect/api/Internals$ReferenceToBoxedApi
instanceKlass scala/reflect/internal/Positions$PosAssigner
instanceKlass scala/reflect/internal/Printers$TreePrinter
instanceKlass scala/reflect/api/Printers$TreePrinter
instanceKlass scala/reflect/api/Trees$ImportSelectorApi
instanceKlass scala/reflect/api/Trees$TypeBoundsTreeApi
instanceKlass scala/reflect/api/Trees$LiteralApi
instanceKlass scala/reflect/api/Trees$SuperApi
instanceKlass scala/reflect/api/Trees$DefDefApi
instanceKlass scala/reflect/api/Constants$ConstantApi
instanceKlass scala/reflect/api/Trees$TemplateApi
instanceKlass scala/reflect/api/Trees$ModuleDefApi
instanceKlass scala/reflect/api/Trees$ImplDefApi
instanceKlass scala/reflect/api/Trees$ValDefApi
instanceKlass scala/reflect/api/Trees$ValOrDefDefApi
instanceKlass scala/reflect/api/Trees$TypeDefApi
instanceKlass scala/reflect/api/Trees$MemberDefApi
instanceKlass scala/reflect/api/Trees$DefTreeApi
instanceKlass scala/reflect/api/Trees$ModifiersApi
instanceKlass scala/reflect/internal/Trees$CannotHaveAttrs
instanceKlass scala/reflect/api/Trees$ApplyApi
instanceKlass scala/reflect/api/Trees$GenericApplyApi
instanceKlass scala/reflect/api/Trees$IdentApi
instanceKlass scala/reflect/api/Types$ConstantTypeApi
instanceKlass scala/reflect/api/Annotations$NestedArgumentApi
instanceKlass scala/reflect/api/Annotations$ArrayArgumentApi
instanceKlass scala/reflect/api/Annotations$LiteralArgumentApi
instanceKlass scala/reflect/internal/AnnotationInfos$ClassfileAnnotArg
instanceKlass scala/reflect/api/Annotations$JavaArgumentApi
instanceKlass scala/reflect/api/Trees$SelectApi
instanceKlass scala/reflect/internal/Trees$RefTree
instanceKlass scala/reflect/api/Trees$RefTreeApi
instanceKlass scala/reflect/api/Trees$SymTreeApi
instanceKlass scala/reflect/internal/Trees$NameTree
instanceKlass scala/reflect/api/Trees$NameTreeApi
instanceKlass scala/reflect/api/Trees$NewApi
instanceKlass scala/reflect/internal/Trees$TermTree
instanceKlass scala/reflect/api/Trees$TermTreeApi
instanceKlass scala/reflect/api/Trees$TypeTreeApi
instanceKlass scala/reflect/internal/Trees$TypTree
instanceKlass scala/reflect/api/Trees$TypTreeApi
instanceKlass scala/reflect/internal/Trees$TreeContextApiImpl
instanceKlass scala/reflect/api/Trees$TreeApi
instanceKlass scala/reflect/internal/StdNames$SymbolNames
instanceKlass scala/reflect/api/Types$ClassInfoTypeApi
instanceKlass scala/reflect/api/Symbols$MethodSymbolApi
instanceKlass scala/reflect/macros/Attachments
instanceKlass scala/reflect/internal/util/DeprecatedPosition
instanceKlass scala/reflect/internal/util/InternalPositionImpl
instanceKlass scala/reflect/api/Position
instanceKlass scala/reflect/internal/Scopes$Scope
instanceKlass scala/reflect/api/Scopes$MemberScopeApi
instanceKlass scala/reflect/api/Scopes$ScopeApi
instanceKlass scala/reflect/api/FlagSets$FlagOps
instanceKlass scala/reflect/api/Types$RefinedTypeApi
instanceKlass scala/reflect/api/Types$CompoundTypeApi
instanceKlass scala/reflect/internal/util/Statistics$SubQuantity
instanceKlass scala/reflect/internal/util/Statistics$Counter
instanceKlass scala/reflect/internal/util/Statistics$Quantity
instanceKlass scala/reflect/api/Types$ExistentialTypeApi
instanceKlass scala/reflect/api/Types$AnnotatedTypeApi
instanceKlass scala/reflect/internal/Types$RewrappingTypeProxy
instanceKlass scala/reflect/internal/tpe/TypeMaps$TypeMap
instanceKlass scala/reflect/api/Types$TypeBoundsApi
instanceKlass scala/reflect/api/Types$NullaryMethodTypeApi
instanceKlass scala/reflect/api/Types$MethodTypeApi
instanceKlass scala/reflect/api/Types$PolyTypeApi
instanceKlass scala/reflect/api/Types$TypeRefApi
instanceKlass scala/reflect/api/Types$SingletonTypeApi
instanceKlass scala/reflect/internal/Types$SimpleTypeProxy
instanceKlass scala/reflect/api/Types$TypeApi
instanceKlass scala/reflect/internal/Symbols$StubSymbol
instanceKlass scala/reflect/api/Symbols$ClassSymbolApi
instanceKlass scala/reflect/api/Symbols$TypeSymbolApi
instanceKlass scala/reflect/api/Symbols$ModuleSymbolApi
instanceKlass scala/reflect/api/Symbols$TermSymbolApi
instanceKlass scala/reflect/internal/Symbols$SymbolContextApiImpl
instanceKlass scala/reflect/api/Symbols$SymbolApi
instanceKlass scala/reflect/internal/StdAttachments$Attachable
instanceKlass scala/reflect/internal/AnnotationInfos$Annotatable
instanceKlass scala/reflect/internal/HasFlags
instanceKlass scala/reflect/api/Names$TypeNameApi
instanceKlass scala/reflect/api/Names$TermNameApi
instanceKlass scala/reflect/api/Names$NameApi
instanceKlass scala/reflect/internal/Names$NameHasIsEmpty
instanceKlass scala/reflect/api/Universe
instanceKlass scala/reflect/api/Quasiquotes
instanceKlass scala/reflect/api/Liftables
instanceKlass scala/reflect/api/StandardLiftables
instanceKlass scala/reflect/api/StandardNames
instanceKlass scala/reflect/api/ImplicitTags
instanceKlass scala/reflect/api/TypeTags
instanceKlass scala/reflect/api/Exprs
instanceKlass scala/reflect/internal/Reporting
instanceKlass scala/reflect/internal/Internals
instanceKlass scala/reflect/api/Internals
instanceKlass scala/reflect/internal/FreshNames
instanceKlass scala/reflect/internal/pickling/Translations
instanceKlass scala/reflect/internal/PrivateWithin
instanceKlass scala/reflect/internal/ReificationSupport
instanceKlass scala/reflect/internal/StdCreators
instanceKlass scala/reflect/internal/StdAttachments
instanceKlass scala/reflect/internal/CapturedVariables
instanceKlass scala/reflect/internal/Importers
instanceKlass scala/reflect/internal/TypeDebugging
instanceKlass scala/reflect/internal/Positions
instanceKlass scala/reflect/api/Positions
instanceKlass scala/reflect/internal/Printers
instanceKlass scala/reflect/api/Printers
instanceKlass scala/reflect/internal/Trees
instanceKlass scala/reflect/api/Trees
instanceKlass scala/reflect/internal/AnnotationCheckers
instanceKlass scala/reflect/internal/AnnotationInfos
instanceKlass scala/reflect/api/Annotations
instanceKlass scala/reflect/internal/StdNames
instanceKlass scala/reflect/internal/transform/Transforms
instanceKlass scala/reflect/internal/InfoTransformers
instanceKlass scala/reflect/internal/BaseTypeSeqs
instanceKlass scala/reflect/internal/Constants
instanceKlass scala/reflect/api/Constants
instanceKlass scala/reflect/internal/Definitions
instanceKlass scala/reflect/api/StandardDefinitions
instanceKlass scala/reflect/internal/Mirrors
instanceKlass scala/reflect/api/Mirrors
instanceKlass scala/reflect/internal/Scopes
instanceKlass scala/reflect/api/Scopes
instanceKlass scala/reflect/internal/FlagSets
instanceKlass scala/reflect/api/FlagSets
instanceKlass scala/reflect/internal/ExistentialsAndSkolems
instanceKlass scala/reflect/internal/Kinds
instanceKlass scala/reflect/internal/Variances
instanceKlass scala/reflect/internal/Names
instanceKlass scala/reflect/api/Names
instanceKlass scala/reflect/runtime/SymbolTable
instanceKlass scala/reflect/runtime/ThreadLocalStorage
instanceKlass scala/reflect/runtime/Gil
instanceKlass scala/reflect/runtime/SynchronizedOps
instanceKlass scala/reflect/runtime/SynchronizedTypes
instanceKlass scala/reflect/internal/Types
instanceKlass scala/reflect/internal/util/Collections
instanceKlass scala/reflect/internal/tpe/FindMembers
instanceKlass scala/reflect/internal/tpe/TypeConstraints
instanceKlass scala/reflect/internal/tpe/TypeMaps
instanceKlass scala/reflect/internal/tpe/GlbLubs
instanceKlass scala/reflect/internal/tpe/CommonOwners
instanceKlass scala/reflect/internal/tpe/TypeToStrings
instanceKlass scala/reflect/internal/tpe/TypeComparers
instanceKlass scala/reflect/api/Types
instanceKlass scala/reflect/runtime/SynchronizedSymbols
instanceKlass scala/reflect/internal/Symbols
instanceKlass scala/reflect/api/Symbols
instanceKlass scala/reflect/runtime/SymbolLoaders
instanceKlass scala/reflect/runtime/JavaMirrors
instanceKlass scala/reflect/runtime/TwoWayCaches
instanceKlass scala/reflect/runtime/ReflectSetup
instanceKlass scala/reflect/runtime/JavaUniverseForce
instanceKlass scala/reflect/api/JavaUniverse
instanceKlass scala/reflect/runtime/package$
instanceKlass org/apache/spark/sql/catalyst/ScalaReflection$
instanceKlass org/apache/spark/sql/catalyst/ScalaReflection
instanceKlass org/apache/spark/sql/catalyst/encoders/ExpressionEncoder
instanceKlass org/apache/spark/sql/catalyst/encoders/AgnosticEncoders$RowEncoder$$Lambda$1392
instanceKlass org/apache/spark/sql/catalyst/encoders/AgnosticEncoders$LeafEncoder
instanceKlass org/apache/spark/sql/catalyst/encoders/RowEncoder$$$Lambda$1391
instanceKlass org/apache/spark/sql/catalyst/encoders/AgnosticEncoders$EncoderField
instanceKlass org/apache/spark/sql/catalyst/encoders/AgnosticEncoders$BaseRowEncoder
instanceKlass org/apache/spark/sql/catalyst/encoders/ExpressionEncoder$
instanceKlass org/apache/spark/sql/types/StructType$$$Lambda$1390
instanceKlass org/apache/spark/sql/catalyst/encoders/AgnosticEncoder
instanceKlass org/apache/spark/sql/catalyst/encoders/RowEncoder$
instanceKlass org/apache/spark/sql/Column
instanceKlass org/apache/spark/sql/RelationalGroupedDataset$GroupType
instanceKlass org/apache/spark/sql/catalyst/QueryPlanningTracker$PhaseSummary
instanceKlass org/apache/spark/sql/catalyst/plans/logical/AnalysisHelper$$Lambda$1389
instanceKlass org/apache/spark/sql/catalyst/analysis/CheckAnalysis$$Lambda$1388
instanceKlass org/apache/spark/sql/execution/command/CommandCheck$$$Lambda$1387
instanceKlass org/apache/spark/sql/execution/datasources/v2/TableCapabilityCheck$$$Lambda$1386
instanceKlass org/apache/spark/sql/execution/datasources/HiveOnlyCheck$$$Lambda$1385
instanceKlass org/apache/spark/sql/execution/datasources/PreReadCheck$$$Lambda$1384
instanceKlass org/apache/spark/sql/execution/datasources/PreWriteCheck$$$Lambda$1383
instanceKlass org/apache/spark/sql/catalyst/analysis/CheckAnalysis$$Lambda$1382
instanceKlass org/apache/spark/sql/catalyst/analysis/CheckAnalysis$$Lambda$1381
instanceKlass org/apache/spark/sql/catalyst/analysis/CheckAnalysis$$Lambda$1380
instanceKlass org/apache/spark/sql/catalyst/analysis/CheckAnalysis$$Lambda$1379
instanceKlass org/apache/spark/sql/catalyst/trees/TreeNode$$Lambda$1378
instanceKlass org/apache/spark/sql/catalyst/trees/TreeNode$$Lambda$1377
instanceKlass org/apache/spark/sql/catalyst/trees/TreeNode$$Lambda$1376
instanceKlass org/apache/spark/sql/catalyst/plans/logical/PlanHelper$$$Lambda$1375
instanceKlass org/apache/spark/sql/catalyst/plans/logical/PlanHelper$
instanceKlass org/apache/spark/sql/catalyst/expressions/Expression$$Lambda$1374
instanceKlass org/apache/spark/sql/catalyst/analysis/CheckAnalysis$$Lambda$1373
instanceKlass org/apache/spark/sql/catalyst/analysis/CheckAnalysis$$Lambda$1372
instanceKlass org/apache/spark/sql/catalyst/analysis/CheckAnalysis$$Lambda$1371
instanceKlass org/apache/spark/sql/catalyst/analysis/CheckAnalysis$$Lambda$1370
instanceKlass org/apache/spark/sql/catalyst/analysis/ResolveReferencesInAggregate$
instanceKlass org/apache/spark/sql/catalyst/analysis/CheckAnalysis$$Lambda$1369
instanceKlass org/apache/spark/sql/catalyst/analysis/CheckAnalysis$$Lambda$1368
instanceKlass org/apache/spark/sql/catalyst/trees/TreeNode$$Lambda$1367
instanceKlass org/apache/spark/sql/catalyst/analysis/CheckAnalysis$$Lambda$1366
instanceKlass org/apache/spark/sql/catalyst/analysis/CheckAnalysis$$Lambda$1365
instanceKlass org/apache/spark/sql/catalyst/rules/PlanChangeLogger$$Lambda$1364
instanceKlass org/apache/spark/sql/catalyst/analysis/Analyzer$HandleSpecialCommand$$$Lambda$1363
instanceKlass org/apache/spark/sql/catalyst/analysis/CleanupAliases$$$Lambda$1362
instanceKlass org/apache/spark/sql/catalyst/analysis/UpdateOuterReferences$$$Lambda$1361
instanceKlass org/apache/spark/sql/catalyst/analysis/Analyzer$ResolveEncodersInUDF$$$Lambda$1360
instanceKlass org/apache/spark/sql/catalyst/analysis/Analyzer$HandleNullInputsForUDF$$$Lambda$1359
instanceKlass org/apache/spark/sql/catalyst/analysis/ResolveHints$RemoveAllHints$$Lambda$1358
instanceKlass org/apache/spark/sql/execution/datasources/ApplyCharTypePadding$$$Lambda$1357
instanceKlass org/apache/spark/sql/catalyst/util/CharVarcharUtils$$$Lambda$1356
instanceKlass org/apache/spark/sql/catalyst/util/CharVarcharUtils$$$Lambda$1355
instanceKlass org/apache/spark/sql/catalyst/util/CharVarcharUtils$$$Lambda$1354
instanceKlass org/apache/spark/sql/execution/datasources/ApplyCharTypePadding$$$Lambda$1353
instanceKlass org/apache/spark/sql/execution/datasources/ApplyCharTypePadding$$anonfun$1$$Lambda$1352
instanceKlass org/apache/spark/sql/catalyst/trees/TreeNode$$Lambda$1351
instanceKlass org/apache/spark/sql/catalyst/trees/TreeNode$$Lambda$1350
instanceKlass org/apache/spark/sql/catalyst/trees/TreeNode$$Lambda$1349
instanceKlass org/apache/spark/sql/catalyst/plans/QueryPlan$$Lambda$1348
instanceKlass org/apache/spark/sql/execution/analysis/DetectAmbiguousSelfJoin$$$Lambda$1347
instanceKlass org/apache/spark/sql/catalyst/analysis/ResolveCommandsWithIfExists$$$Lambda$1346
instanceKlass org/apache/spark/sql/catalyst/analysis/RemoveTempResolvedColumn$$$Lambda$1345
instanceKlass org/apache/spark/sql/catalyst/analysis/EvalSubqueriesForTimeTravel$$Lambda$1344
instanceKlass org/apache/spark/sql/catalyst/plans/logical/V2PartitionCommand
instanceKlass org/apache/spark/sql/catalyst/analysis/TypeCoercionBase$CombinedTypeCoercionRule$$Lambda$1343
instanceKlass org/apache/spark/sql/catalyst/analysis/TypeCoercionBase$CombinedTypeCoercionRule$$Lambda$1342
instanceKlass org/apache/spark/sql/catalyst/trees/TreeNode$$Lambda$1341
instanceKlass org/apache/spark/sql/catalyst/trees/TreeNode$$Lambda$1340
instanceKlass org/apache/spark/sql/catalyst/trees/TreeNode$$Lambda$1339
instanceKlass org/apache/spark/sql/catalyst/plans/QueryPlan$$Lambda$1338
instanceKlass org/apache/spark/sql/catalyst/trees/TreeNode$$Lambda$1337
instanceKlass org/apache/spark/sql/catalyst/trees/TreeNode$$Lambda$1336
instanceKlass org/apache/spark/sql/catalyst/trees/TreeNode$$Lambda$1335
instanceKlass org/apache/spark/sql/catalyst/analysis/TypeCoercionRule$$Lambda$1334
instanceKlass scala/PartialFunction$$anon$1$$Lambda$1333
instanceKlass scala/PartialFunction$$anon$1
instanceKlass scala/PartialFunction$$$Lambda$1332
instanceKlass scala/PartialFunction$
instanceKlass org/apache/spark/sql/catalyst/analysis/TypeCoercionBase$CombinedTypeCoercionRule$$Lambda$1331
instanceKlass scala/Function$
instanceKlass org/apache/spark/sql/catalyst/analysis/TypeCoercionBase$CombinedTypeCoercionRule$$Lambda$1330
instanceKlass org/apache/spark/sql/catalyst/plans/QueryPlan$$Lambda$1329
instanceKlass org/apache/spark/sql/catalyst/plans/QueryPlan$$Lambda$1328
instanceKlass org/apache/spark/sql/catalyst/plans/QueryPlan$$Lambda$1327
instanceKlass org/apache/spark/sql/catalyst/plans/QueryPlan$$Lambda$1326
instanceKlass org/apache/spark/sql/catalyst/plans/QueryPlan$$Lambda$1325
instanceKlass org/apache/spark/sql/catalyst/plans/QueryPlan$$Lambda$1324
instanceKlass org/apache/spark/sql/catalyst/plans/QueryPlan$$Lambda$1323
instanceKlass org/apache/spark/sql/catalyst/plans/QueryPlan$$Lambda$1322
instanceKlass org/apache/spark/sql/catalyst/plans/QueryPlan$$Lambda$1321
instanceKlass org/apache/spark/sql/catalyst/plans/logical/AnalysisHelper$$Lambda$1320
instanceKlass org/apache/spark/sql/catalyst/plans/logical/AnalysisHelper$$Lambda$1319
instanceKlass org/apache/spark/sql/catalyst/plans/logical/AnalysisHelper$$Lambda$1318
instanceKlass org/apache/spark/sql/catalyst/analysis/ResolveUnion$$$Lambda$1317
instanceKlass org/apache/spark/sql/catalyst/analysis/Analyzer$ResolveBinaryArithmetic$$$Lambda$1316
instanceKlass org/apache/spark/sql/catalyst/analysis/Analyzer$ResolveRandomSeed$$$Lambda$1315
instanceKlass org/apache/spark/sql/catalyst/analysis/ResolveTimeZone$$$Lambda$1314
instanceKlass org/apache/spark/sql/catalyst/analysis/ResolveLambdaVariables$$$Lambda$1313
instanceKlass org/apache/spark/sql/catalyst/analysis/ResolveDefaultColumns$$Lambda$1312
instanceKlass org/apache/spark/sql/catalyst/analysis/ResolveWindowTime$$$Lambda$1311
instanceKlass org/apache/spark/sql/catalyst/analysis/SessionWindowing$$$Lambda$1310
instanceKlass org/apache/spark/sql/catalyst/analysis/TimeWindowing$$$Lambda$1309
instanceKlass org/apache/spark/sql/catalyst/analysis/Analyzer$ResolveAggregateFunctions$$$Lambda$1308
instanceKlass org/apache/spark/sql/catalyst/analysis/Analyzer$GlobalAggregates$$$Lambda$1307
instanceKlass org/apache/spark/sql/catalyst/analysis/Analyzer$ExtractWindowExpressions$$$Lambda$1306
instanceKlass org/apache/spark/sql/catalyst/analysis/Analyzer$ResolveOutputRelation$$$Lambda$1305
instanceKlass org/apache/spark/sql/catalyst/analysis/Analyzer$ResolveNaturalAndUsingJoin$$$Lambda$1304
instanceKlass org/apache/spark/sql/catalyst/analysis/Analyzer$ResolveWindowFrame$$$Lambda$1303
instanceKlass org/apache/spark/sql/catalyst/analysis/Analyzer$ResolveWindowOrder$$$Lambda$1302
instanceKlass org/apache/spark/sql/catalyst/analysis/Analyzer$ResolveSubqueryColumnAliases$$$Lambda$1301
instanceKlass org/apache/spark/sql/catalyst/analysis/Analyzer$ResolveSubquery$$$Lambda$1300
instanceKlass org/apache/spark/sql/catalyst/analysis/Analyzer$ResolveAliases$$$Lambda$1299
instanceKlass org/apache/spark/sql/catalyst/analysis/Analyzer$ResolveFunctions$$$Lambda$1298
instanceKlass org/apache/spark/sql/catalyst/analysis/Analyzer$ResolveGenerate$$$Lambda$1297
instanceKlass org/apache/spark/sql/catalyst/analysis/Analyzer$ExtractGenerator$$$Lambda$1296
instanceKlass org/apache/spark/sql/catalyst/analysis/Analyzer$ResolveOrdinalInOrderByAndGroupBy$$$Lambda$1295
instanceKlass org/apache/spark/sql/catalyst/analysis/Analyzer$ResolveUnpivot$$$Lambda$1294
instanceKlass org/apache/spark/sql/catalyst/analysis/Analyzer$ResolvePivot$$$Lambda$1293
instanceKlass org/apache/spark/sql/catalyst/analysis/Analyzer$ResolveGroupingAnalytics$$$Lambda$1292
instanceKlass org/apache/spark/sql/catalyst/analysis/Analyzer$ResolveUpCast$$$Lambda$1291
instanceKlass org/apache/spark/sql/catalyst/analysis/Analyzer$ResolveNewInstance$$$Lambda$1290
instanceKlass org/apache/spark/sql/catalyst/analysis/Analyzer$ResolveDeserializer$$$Lambda$1289
instanceKlass org/apache/spark/sql/catalyst/analysis/ResolveExpressionsWithNamePlaceholders$$$Lambda$1288
instanceKlass org/apache/spark/sql/catalyst/analysis/ResolveLateralColumnAliasReference$$$Lambda$1287
instanceKlass java/lang/invoke/LambdaForm$MH
instanceKlass java/lang/invoke/LambdaForm$DMH
instanceKlass org/apache/spark/sql/catalyst/analysis/ColumnResolutionHelper$$Lambda$1286
instanceKlass java/lang/invoke/LambdaForm$DMH
instanceKlass org/apache/spark/sql/catalyst/analysis/ColumnResolutionHelper$$Lambda$1285
instanceKlass org/apache/spark/sql/catalyst/analysis/ColumnResolutionHelper$$Lambda$1284
instanceKlass org/apache/spark/sql/catalyst/trees/TreeNode$$Lambda$1283
instanceKlass org/apache/spark/sql/catalyst/plans/logical/LogicalPlan$
instanceKlass org/apache/spark/sql/catalyst/analysis/ColumnResolutionHelper$$Lambda$1282
instanceKlass org/apache/spark/sql/catalyst/plans/QueryPlan$$Lambda$1281
instanceKlass org/apache/spark/sql/catalyst/plans/QueryPlan$$Lambda$1280
instanceKlass org/apache/spark/sql/catalyst/plans/QueryPlan$$Lambda$1279
instanceKlass org/apache/spark/sql/catalyst/analysis/Analyzer$ResolveReferences$$anonfun$apply$16$$Lambda$1278
instanceKlass org/apache/spark/sql/catalyst/analysis/Analyzer$ResolveReferences$$anonfun$apply$16$$Lambda$1277
instanceKlass org/apache/spark/sql/catalyst/trees/TreeNode$$Lambda$1276
instanceKlass org/apache/spark/sql/catalyst/analysis/Analyzer$$Lambda$1275
instanceKlass org/apache/spark/sql/catalyst/analysis/Analyzer$$Lambda$1274
instanceKlass org/apache/spark/sql/catalyst/plans/logical/ObjectProducer
instanceKlass org/apache/spark/sql/catalyst/analysis/DeduplicateRelations$$$Lambda$1273
instanceKlass org/apache/spark/sql/catalyst/trees/TreeNode$$Lambda$1272
instanceKlass org/apache/spark/sql/catalyst/plans/QueryPlan$$Lambda$1271
instanceKlass scala/collection/generic/Shrinkable$$Lambda$1270
instanceKlass scala/collection/immutable/Stream$$Lambda$1269
instanceKlass org/apache/spark/sql/catalyst/expressions/AttributeEquals
instanceKlass scala/collection/mutable/LazyBuilder
instanceKlass org/apache/spark/sql/catalyst/plans/QueryPlan$$Lambda$1268
instanceKlass org/apache/spark/sql/catalyst/expressions/AttributeSet$$$Lambda$1267
instanceKlass org/apache/spark/sql/catalyst/expressions/AttributeSet$$$Lambda$1266
instanceKlass org/apache/spark/sql/catalyst/expressions/AttributeSet
instanceKlass org/apache/spark/sql/catalyst/expressions/AttributeSet$
instanceKlass org/apache/spark/sql/catalyst/plans/logical/LogicalPlan$$Lambda$1265
instanceKlass org/apache/spark/sql/catalyst/analysis/TypeCheckResult$TypeCheckSuccess$
instanceKlass org/apache/spark/sql/catalyst/expressions/Expression$$Lambda$1264
instanceKlass org/apache/spark/sql/catalyst/plans/logical/LogicalPlan$$Lambda$1263
instanceKlass org/apache/spark/sql/catalyst/analysis/DeduplicateRelations$$$Lambda$1262
instanceKlass org/apache/spark/sql/catalyst/analysis/ReferenceEqualPlanWrapper
instanceKlass org/apache/spark/sql/catalyst/analysis/FieldPosition
instanceKlass org/apache/spark/sql/catalyst/analysis/ResolvePartitionSpec$$$Lambda$1261
instanceKlass org/apache/spark/sql/catalyst/plans/logical/AnalysisHelper$$Lambda$1260
instanceKlass org/apache/spark/sql/catalyst/plans/logical/AnalysisHelper$$Lambda$1259
instanceKlass org/apache/spark/sql/catalyst/plans/logical/AnalysisHelper$$Lambda$1258
instanceKlass org/apache/spark/sql/catalyst/plans/logical/AnalysisHelper$$Lambda$1257
instanceKlass org/apache/spark/sql/catalyst/plans/logical/AnalysisHelper$$Lambda$1256
instanceKlass org/apache/spark/sql/catalyst/plans/logical/AnalysisHelper$$Lambda$1255
instanceKlass org/apache/spark/sql/catalyst/plans/logical/AnalysisHelper$$Lambda$1254
instanceKlass org/apache/spark/sql/catalyst/plans/logical/AnalysisHelper$$Lambda$1253
instanceKlass org/apache/spark/sql/catalyst/trees/AlwaysProcess$$$Lambda$1252
instanceKlass org/apache/spark/sql/catalyst/trees/AlwaysProcess$
instanceKlass org/apache/spark/sql/catalyst/analysis/Analyzer$LookupFunctions$$$Lambda$1251
instanceKlass org/apache/spark/sql/catalyst/analysis/ResolveHints$ResolveCoalesceHints$$$Lambda$1250
instanceKlass org/apache/spark/sql/catalyst/analysis/ResolveHints$ResolveJoinStrategyHints$$$Lambda$1249
instanceKlass org/apache/spark/sql/catalyst/rules/PlanChangeLogger$$Lambda$1248
instanceKlass org/apache/spark/sql/catalyst/rules/RuleExecutor$$Lambda$1247
instanceKlass org/apache/spark/sql/catalyst/analysis/SubstituteUnresolvedOrdinals$$$Lambda$1246
instanceKlass org/apache/spark/sql/catalyst/analysis/EliminateUnions$$$Lambda$1245
instanceKlass org/apache/spark/sql/catalyst/analysis/Analyzer$WindowsSubstitution$$$Lambda$1244
instanceKlass org/apache/spark/sql/catalyst/analysis/BindParameters$$$Lambda$1243
instanceKlass org/apache/spark/sql/catalyst/QueryPlanningTracker$RuleSummary
instanceKlass java/lang/invoke/LambdaForm$MH
instanceKlass java/lang/invoke/LambdaForm$DMH
instanceKlass java/lang/invoke/LambdaForm$DMH
instanceKlass org/apache/spark/sql/catalyst/rules/RuleExecutor$$Lambda$1242
instanceKlass java/lang/invoke/LambdaForm$DMH
instanceKlass org/apache/spark/sql/catalyst/expressions/AttributeReferenceTreeBits$
instanceKlass scala/collection/immutable/StreamIterator$$Lambda$1241
instanceKlass scala/collection/immutable/StreamIterator$$Lambda$1240
instanceKlass scala/collection/immutable/StreamIterator$LazyCell
instanceKlass scala/collection/immutable/StreamView
instanceKlass scala/collection/immutable/StreamViewLike
instanceKlass scala/collection/Iterator$$Lambda$1239
instanceKlass scala/collection/immutable/Stream$cons$
instanceKlass org/apache/spark/sql/catalyst/plans/QueryPlan$$Lambda$1238
instanceKlass org/apache/spark/sql/catalyst/plans/QueryPlan$$Lambda$1237
instanceKlass org/apache/spark/sql/catalyst/optimizer/OptimizeUpdateFields$$$Lambda$1236
instanceKlass java/lang/invoke/LambdaForm$MH
instanceKlass java/lang/invoke/LambdaForm$DMH
instanceKlass java/lang/invoke/LambdaForm$DMH
instanceKlass org/apache/spark/sql/catalyst/rules/RuleExecutor$$Lambda$1235
instanceKlass java/lang/invoke/LambdaForm$DMH
instanceKlass java/lang/invoke/LambdaForm$MH
instanceKlass java/lang/invoke/LambdaForm$DMH
instanceKlass java/lang/invoke/LambdaForm$DMH
instanceKlass org/apache/spark/sql/catalyst/rules/RuleExecutor$$Lambda$1234
instanceKlass java/lang/invoke/LambdaForm$DMH
instanceKlass org/apache/spark/sql/types/Decimal
instanceKlass org/apache/spark/sql/types/Decimal$$$Lambda$1233
instanceKlass scala/runtime/java8/JFunction1$mcJI$sp
instanceKlass java/lang/invoke/LambdaForm$DMH
instanceKlass java/lang/invoke/LambdaForm$DMH
instanceKlass org/apache/spark/sql/types/Decimal$
instanceKlass org/apache/spark/sql/catalyst/analysis/TypeCoercionRule
instanceKlass org/apache/spark/sql/catalyst/analysis/TypeCoercion$$$Lambda$1232
instanceKlass org/apache/spark/sql/catalyst/analysis/TypeCoercionBase
instanceKlass org/apache/spark/sql/connector/write/RowLevelOperation
instanceKlass org/apache/spark/sql/connector/write/RowLevelOperationInfo
instanceKlass org/apache/spark/sql/catalyst/analysis/RewriteRowLevelCommand
instanceKlass org/apache/spark/sql/catalyst/analysis/CastSupport
instanceKlass org/apache/spark/sql/catalyst/analysis/Analyzer$$Lambda$1231
instanceKlass org/apache/spark/sql/catalyst/plans/logical/SupportsSubquery
instanceKlass org/apache/spark/sql/catalyst/plans/logical/ObjectConsumer
instanceKlass org/apache/spark/sql/catalyst/plans/ReferenceAllColumns
instanceKlass org/apache/spark/sql/catalyst/analysis/ResolveHints$ResolveJoinStrategyHints$$$Lambda$1230
instanceKlass org/apache/spark/sql/catalyst/plans/logical/JoinStrategyHint
instanceKlass org/apache/spark/sql/catalyst/plans/logical/JoinStrategyHint$
instanceKlass org/apache/spark/sql/catalyst/rules/RuleExecutor$Batch
instanceKlass org/apache/spark/sql/catalyst/rules/QueryExecutionMetrics
instanceKlass org/apache/spark/sql/catalyst/rules/PlanChangeLogger$$Lambda$1229
instanceKlass org/apache/spark/sql/catalyst/rules/PlanChangeLogger$$Lambda$1228
instanceKlass org/apache/spark/sql/catalyst/rules/PlanChangeLogger
instanceKlass org/sparkproject/guava/util/concurrent/AtomicLongMap
instanceKlass org/apache/spark/sql/catalyst/rules/QueryExecutionMetering
instanceKlass org/apache/spark/sql/catalyst/rules/RuleExecutor$
instanceKlass org/apache/spark/sql/catalyst/analysis/AnalysisContext
instanceKlass org/apache/spark/sql/catalyst/analysis/Analyzer$$Lambda$1227
instanceKlass org/apache/spark/sql/catalyst/analysis/AnalysisContext$
instanceKlass org/apache/spark/sql/catalyst/rules/RuleExecutor$$Lambda$1226
instanceKlass org/apache/spark/sql/catalyst/analysis/Analyzer$$Lambda$1225
instanceKlass org/apache/spark/sql/catalyst/plans/logical/AnalysisHelper$
instanceKlass org/apache/spark/sql/SparkSessionExtensions$$Lambda$1224
instanceKlass org/apache/spark/sql/execution/command/CommandCheck$
instanceKlass org/apache/spark/sql/execution/datasources/v2/TableCapabilityCheck$
instanceKlass org/apache/spark/sql/execution/datasources/HiveOnlyCheck$
instanceKlass org/apache/spark/sql/execution/datasources/PreReadCheck$
instanceKlass org/apache/spark/sql/execution/datasources/PreWriteCheck$
instanceKlass org/apache/spark/sql/SparkSessionExtensions$$Lambda$1223
instanceKlass org/apache/spark/sql/SparkSessionExtensions$$Lambda$1222
instanceKlass org/apache/spark/sql/catalyst/analysis/ColumnResolutionHelper$$Lambda$1221
instanceKlass org/apache/spark/sql/catalyst/analysis/ColumnResolutionHelper$$Lambda$1220
instanceKlass org/apache/spark/sql/catalyst/parser/AstBuilder$$Lambda$1219
instanceKlass org/apache/spark/sql/catalyst/parser/AstBuilder$$Lambda$1218
instanceKlass org/apache/spark/sql/catalyst/parser/ParserUtils$$$Lambda$1217
instanceKlass org/apache/spark/sql/catalyst/parser/ParserUtils$$$Lambda$1216
instanceKlass org/apache/spark/sql/catalyst/parser/ParserUtils$$$Lambda$1215
instanceKlass org/apache/spark/sql/catalyst/parser/AstBuilder$$Lambda$1214
instanceKlass java/util/regex/Pattern$$Lambda$1213
instanceKlass org/apache/spark/sql/catalyst/parser/ParserUtils$
instanceKlass org/antlr/v4/runtime/tree/TerminalNodeImpl
instanceKlass org/antlr/v4/runtime/misc/DoubleKeyMap
instanceKlass org/antlr/v4/runtime/atn/LL1Analyzer
instanceKlass org/antlr/v4/runtime/CommonToken
instanceKlass org/antlr/v4/runtime/WritableToken
instanceKlass org/antlr/v4/runtime/misc/MurmurHash
instanceKlass org/apache/spark/sql/catalyst/parser/SqlBaseParserBaseListener
instanceKlass org/apache/spark/sql/catalyst/parser/SqlBaseParserListener
instanceKlass org/antlr/v4/runtime/atn/SemanticContext
instanceKlass org/antlr/v4/runtime/DefaultErrorStrategy
instanceKlass org/antlr/v4/runtime/tree/ErrorNode
instanceKlass org/antlr/v4/runtime/tree/TerminalNode
instanceKlass org/antlr/v4/runtime/BufferedTokenStream
instanceKlass org/antlr/v4/runtime/atn/LexerATNSimulator$SimState
instanceKlass org/antlr/v4/runtime/misc/AbstractEqualityComparator
instanceKlass org/antlr/v4/runtime/misc/EqualityComparator
instanceKlass org/antlr/v4/runtime/misc/Array2DHashSet
instanceKlass org/antlr/v4/runtime/dfa/DFAState
instanceKlass org/antlr/v4/runtime/atn/ATNConfigSet
instanceKlass org/antlr/v4/runtime/atn/ATNConfig
instanceKlass org/antlr/v4/runtime/misc/IntegerList
instanceKlass org/antlr/v4/runtime/Token
instanceKlass org/antlr/v4/runtime/CommonTokenFactory
instanceKlass org/antlr/v4/runtime/TokenFactory
instanceKlass org/antlr/v4/runtime/BaseErrorListener
instanceKlass org/antlr/v4/runtime/CodePointCharStream$1
instanceKlass org/antlr/v4/runtime/CodePointCharStream
instanceKlass org/antlr/v4/runtime/CodePointBuffer$1
instanceKlass org/antlr/v4/runtime/CodePointBuffer$Builder
instanceKlass org/antlr/v4/runtime/CodePointBuffer
instanceKlass org/antlr/v4/runtime/CharStreams
instanceKlass org/apache/spark/sql/catalyst/parser/UpperCaseCharStream
instanceKlass org/antlr/v4/runtime/dfa/DFASerializer
instanceKlass org/antlr/v4/runtime/dfa/DFA
instanceKlass org/antlr/v4/runtime/atn/LexerCustomAction
instanceKlass org/antlr/v4/runtime/atn/LexerChannelAction
instanceKlass org/antlr/v4/runtime/atn/ATNDeserializer$3
instanceKlass org/antlr/v4/runtime/atn/ATNDeserializer$2
instanceKlass org/antlr/v4/runtime/misc/Interval
instanceKlass org/antlr/v4/runtime/misc/IntervalSet
instanceKlass org/antlr/v4/runtime/atn/ATNDeserializer$1
instanceKlass org/antlr/v4/runtime/misc/Pair
instanceKlass org/antlr/v4/runtime/misc/IntSet
instanceKlass org/antlr/v4/runtime/atn/ATN
instanceKlass org/antlr/v4/runtime/atn/ATNDeserializationOptions
instanceKlass org/antlr/v4/runtime/atn/LexerAction
instanceKlass org/antlr/v4/runtime/atn/ATNDeserializer$UnicodeDeserializer
instanceKlass org/antlr/v4/runtime/atn/ATNState
instanceKlass org/antlr/v4/runtime/atn/Transition
instanceKlass org/antlr/v4/runtime/atn/ATNDeserializer
instanceKlass org/antlr/v4/runtime/misc/Utils
instanceKlass org/antlr/v4/runtime/VocabularyImpl
instanceKlass org/antlr/v4/runtime/atn/PredictionContext
instanceKlass org/antlr/v4/runtime/atn/PredictionContextCache
instanceKlass org/antlr/v4/runtime/RuntimeMetaData
instanceKlass org/antlr/v4/runtime/Vocabulary
instanceKlass org/antlr/v4/runtime/atn/ATNSimulator
instanceKlass org/apache/spark/sql/catalyst/parser/AbstractSqlParser$$Lambda$1212
instanceKlass org/apache/spark/sql/catalyst/parser/AbstractSqlParser$$Lambda$1211
instanceKlass org/antlr/v4/runtime/Recognizer
instanceKlass org/apache/spark/sql/catalyst/analysis/UnresolvedAttribute$
instanceKlass org/apache/spark/sql/catalyst/expressions/VirtualColumn$
instanceKlass org/apache/spark/sql/catalyst/analysis/ColumnResolutionHelper$$Lambda$1210
instanceKlass org/apache/spark/sql/catalyst/analysis/ColumnResolutionHelper$$Lambda$1209
instanceKlass org/apache/spark/sql/catalyst/analysis/ColumnResolutionHelper$$Lambda$1208
instanceKlass org/apache/spark/sql/catalyst/analysis/ColumnResolutionHelper$$Lambda$1207
instanceKlass org/apache/spark/sql/catalyst/analysis/ColumnResolutionHelper$$Lambda$1206
instanceKlass org/apache/spark/sql/catalyst/analysis/ColumnResolutionHelper$$Lambda$1205
instanceKlass org/apache/spark/sql/catalyst/analysis/ColumnResolutionHelper$$Lambda$1204
instanceKlass org/apache/spark/sql/catalyst/analysis/ColumnResolutionHelper$$Lambda$1203
instanceKlass org/apache/spark/sql/internal/BaseSessionStateBuilder$$Lambda$1202
instanceKlass org/apache/spark/sql/catalyst/catalog/SessionCatalog$
instanceKlass org/apache/spark/sql/internal/SparkUDFExpressionBuilder
instanceKlass org/apache/spark/sql/internal/BaseSessionStateBuilder$$Lambda$1201
instanceKlass org/apache/spark/sql/catalyst/catalog/GlobalTempViewManager
instanceKlass org/apache/spark/sql/internal/BaseSessionStateBuilder$$Lambda$1200
instanceKlass org/apache/spark/sql/catalyst/catalog/ExternalCatalogWithListener
instanceKlass org/apache/spark/sql/catalyst/catalog/ExternalCatalog
instanceKlass org/apache/spark/sql/connector/catalog/functions/UnboundFunction
instanceKlass org/apache/spark/sql/connector/catalog/functions/Function
instanceKlass org/apache/spark/sql/execution/datasources/v2/V2SessionCatalog
instanceKlass org/apache/spark/sql/connector/catalog/SupportsNamespaces
instanceKlass org/apache/spark/sql/connector/catalog/FunctionCatalog
instanceKlass org/apache/spark/sql/connector/catalog/TableCatalog
instanceKlass org/apache/spark/sql/connector/catalog/CatalogManager
instanceKlass org/apache/spark/sql/catalyst/rules/RuleExecutor$Strategy
instanceKlass org/apache/spark/sql/catalyst/analysis/LeafNodeWithoutStats
instanceKlass org/apache/spark/sql/catalyst/expressions/WindowSpec
instanceKlass org/apache/spark/sql/catalyst/expressions/UserDefinedExpression
instanceKlass org/apache/spark/sql/execution/QueryExecution$$Lambda$1199
instanceKlass org/apache/spark/sql/execution/QueryExecution$$Lambda$1198
instanceKlass org/apache/spark/sql/execution/QueryExecution$$Lambda$1197
instanceKlass org/apache/spark/sql/catalyst/QueryPlanningTracker$
instanceKlass org/apache/spark/sql/catalyst/QueryPlanningTracker
instanceKlass org/apache/spark/sql/execution/QueryExecution$
instanceKlass org/apache/spark/sql/Dataset$$$Lambda$1196
instanceKlass org/apache/spark/sql/catalyst/expressions/AttributeMap$$$Lambda$1195
instanceKlass org/apache/spark/sql/catalyst/expressions/AttributeMap
instanceKlass org/apache/spark/sql/execution/datasources/LogicalRelation$$Lambda$1194
instanceKlass org/apache/spark/sql/catalyst/expressions/AttributeMap$
instanceKlass org/apache/spark/sql/catalyst/rules/RuleIdCollection$$$Lambda$1193
instanceKlass org/apache/spark/sql/catalyst/rules/RuleIdCollection$
instanceKlass org/apache/spark/util/collection/BitSet
instanceKlass org/apache/spark/sql/catalyst/trees/Origin
instanceKlass org/apache/spark/sql/catalyst/trees/CurrentOrigin$
instanceKlass org/apache/spark/sql/catalyst/expressions/ExprId
instanceKlass org/apache/spark/sql/catalyst/expressions/NamedExpression$
instanceKlass org/apache/spark/sql/catalyst/expressions/AttributeReference$
instanceKlass org/apache/spark/sql/types/StructType$$Lambda$1192
instanceKlass org/apache/spark/sql/catalyst/util/CharVarcharUtils$$$Lambda$1191
instanceKlass org/apache/spark/sql/catalyst/util/CharVarcharUtils$$$Lambda$1190
instanceKlass org/apache/spark/sql/catalyst/util/CharVarcharUtils$
instanceKlass org/apache/spark/sql/execution/datasources/LogicalRelation$
instanceKlass org/apache/spark/sql/Dataset$
instanceKlass org/apache/spark/sql/execution/datasources/DataSourceUtils$$$Lambda$1189
instanceKlass org/json4s/DefaultFormats$$anon$3
instanceKlass org/json4s/DefaultFormats$$$Lambda$1188
instanceKlass org/json4s/DefaultFormats$$anon$2
instanceKlass org/json4s/prefs/EmptyValueStrategy$$anon$2
instanceKlass org/json4s/prefs/EmptyValueStrategy$$anon$1
instanceKlass org/json4s/prefs/EmptyValueStrategy
instanceKlass org/json4s/prefs/EmptyValueStrategy$
instanceKlass com/thoughtworks/paranamer/BytecodeReadingParanamer
instanceKlass com/thoughtworks/paranamer/CachingParanamer
instanceKlass com/thoughtworks/paranamer/Paranamer
instanceKlass org/json4s/reflect/ParanamerReader$
instanceKlass org/json4s/DefaultFormats$$Lambda$1187
instanceKlass org/json4s/DateFormat
instanceKlass org/json4s/DefaultFormats$
instanceKlass org/json4s/DefaultFormats
instanceKlass org/json4s/reflect/ParameterNameReader
instanceKlass org/json4s/prefs/ExtractionNullStrategy
instanceKlass org/json4s/Serialization$$anon$1
instanceKlass org/json4s/NoTypeHints$
instanceKlass org/json4s/jackson/JsonMethods$
instanceKlass org/json4s/jackson/JsonMethods
instanceKlass org/json4s/JsonMethods
instanceKlass org/json4s/JsonInput
instanceKlass org/json4s/jackson/JacksonSerialization
instanceKlass org/json4s/Serialization
instanceKlass org/json4s/TypeHints
instanceKlass org/apache/spark/sql/execution/datasources/DataSourceUtils$
instanceKlass org/apache/spark/sql/util/SchemaUtils$$$Lambda$1186
instanceKlass org/apache/spark/sql/util/SchemaUtils$$$Lambda$1185
instanceKlass org/apache/spark/sql/execution/datasources/PartitioningUtils$$$Lambda$1184
instanceKlass org/apache/spark/sql/execution/datasources/PartitioningUtils$$$Lambda$1183
instanceKlass org/apache/spark/sql/execution/datasources/PartitioningUtils$$$Lambda$1182
instanceKlass org/apache/spark/sql/execution/datasources/PartitioningUtils$$$Lambda$1181
instanceKlass java/lang/invoke/LambdaForm$DMH
instanceKlass org/apache/spark/sql/types/StructType$$Lambda$1180
instanceKlass org/apache/spark/sql/util/SchemaUtils$$$Lambda$1179
instanceKlass org/apache/spark/sql/execution/datasources/DataSource$$Lambda$1178
instanceKlass org/apache/spark/sql/util/SchemaUtils$
instanceKlass org/apache/spark/sql/execution/datasources/DataSource$$Lambda$1177
instanceKlass org/apache/spark/sql/execution/datasources/DataSource$$$Lambda$1176
instanceKlass org/apache/spark/sql/execution/datasources/DataSource$$$Lambda$1175
instanceKlass org/apache/spark/sql/catalyst/util/CaseInsensitiveMap$$Lambda$1174
instanceKlass org/apache/spark/sql/execution/datasources/csv/TextInputCSVDataSource$$$Lambda$1173
instanceKlass org/apache/spark/sql/execution/datasources/csv/CSVDataSource
instanceKlass org/apache/spark/sql/execution/datasources/csv/CSVDataSource$
instanceKlass org/apache/spark/sql/catalyst/csv/CSVOptions$$Lambda$1172
instanceKlass org/apache/spark/sql/internal/SQLConf$$Lambda$1171
instanceKlass org/apache/spark/sql/catalyst/csv/CSVOptions$$Lambda$1170
instanceKlass org/apache/spark/sql/catalyst/csv/CSVOptions$$Lambda$1169
instanceKlass org/apache/spark/sql/catalyst/csv/CSVOptions$$Lambda$1168
instanceKlass org/apache/spark/sql/catalyst/csv/CSVOptions$$Lambda$1167
instanceKlass org/apache/spark/sql/catalyst/csv/CSVOptions$$Lambda$1166
instanceKlass org/apache/spark/sql/catalyst/csv/CSVOptions$$Lambda$1165
instanceKlass org/apache/spark/sql/catalyst/csv/CSVOptions$$Lambda$1164
instanceKlass java/lang/invoke/LambdaForm$DMH
instanceKlass org/apache/spark/sql/catalyst/csv/CSVOptions$$Lambda$1163
instanceKlass org/apache/spark/sql/catalyst/csv/CSVOptions$$Lambda$1162
instanceKlass org/apache/spark/sql/catalyst/csv/CSVOptions$$Lambda$1161
instanceKlass org/apache/spark/sql/catalyst/csv/CSVOptions$$Lambda$1160
instanceKlass org/apache/spark/sql/catalyst/csv/CSVOptions$$Lambda$1159
instanceKlass org/apache/spark/sql/catalyst/csv/CSVOptions$$Lambda$1158
instanceKlass org/apache/spark/sql/catalyst/csv/CSVOptions$$Lambda$1157
instanceKlass org/apache/spark/sql/catalyst/csv/CSVOptions$$Lambda$1156
instanceKlass org/apache/spark/sql/catalyst/csv/CSVOptions$$Lambda$1155
instanceKlass org/apache/spark/sql/catalyst/csv/CSVOptions$$Lambda$1154
instanceKlass org/apache/spark/sql/catalyst/csv/CSVOptions$$Lambda$1153
instanceKlass org/apache/spark/sql/catalyst/csv/CSVOptions$$Lambda$1152
instanceKlass org/apache/spark/sql/catalyst/csv/CSVOptions$$Lambda$1151
instanceKlass org/apache/spark/sql/catalyst/csv/CSVOptions$$Lambda$1150
instanceKlass org/apache/spark/sql/catalyst/csv/CSVOptions$$Lambda$1149
instanceKlass org/apache/spark/sql/catalyst/csv/CSVOptions$$Lambda$1148
instanceKlass org/apache/spark/sql/catalyst/csv/CSVOptions$$Lambda$1147
instanceKlass org/apache/spark/sql/catalyst/csv/CSVOptions$$Lambda$1146
instanceKlass org/apache/spark/sql/catalyst/csv/CSVOptions$$Lambda$1145
instanceKlass org/apache/spark/sql/catalyst/csv/CSVOptions$$Lambda$1144
instanceKlass org/apache/spark/sql/catalyst/csv/CSVOptions$$Lambda$1143
instanceKlass org/apache/spark/sql/catalyst/csv/CSVOptions$$Lambda$1142
instanceKlass org/apache/spark/sql/catalyst/util/PermissiveMode$
instanceKlass org/apache/spark/sql/catalyst/csv/CSVOptions$$Lambda$1141
instanceKlass org/apache/spark/sql/catalyst/util/ParseMode
instanceKlass org/apache/spark/sql/catalyst/csv/CSVOptions$$Lambda$1140
instanceKlass org/apache/spark/sql/catalyst/csv/CSVOptions$$Lambda$1139
instanceKlass org/apache/spark/sql/catalyst/csv/CSVOptions$
instanceKlass org/apache/spark/sql/catalyst/csv/CSVExprUtils$
instanceKlass org/apache/spark/sql/execution/datasources/PartitioningAwareFileIndex$$Lambda$1138
instanceKlass org/apache/spark/sql/execution/datasources/PartitioningAwareFileIndex$$Lambda$1137
instanceKlass org/apache/spark/sql/execution/datasources/PartitioningAwareFileIndex$$Lambda$1136
instanceKlass org/apache/spark/sql/execution/datasources/PartitioningAwareFileIndex$$Lambda$1135
instanceKlass org/apache/spark/sql/execution/datasources/PartitioningAwareFileIndex$$Lambda$1134
instanceKlass org/apache/spark/sql/execution/datasources/PartitioningAwareFileIndex$$Lambda$1133
instanceKlass org/apache/spark/sql/catalyst/util/CaseInsensitiveMap$$Lambda$1132
instanceKlass org/apache/spark/sql/execution/datasources/DataSource$$Lambda$1131
instanceKlass org/apache/spark/sql/execution/datasources/DataSource$$Lambda$1130
instanceKlass org/apache/spark/sql/execution/datasources/InMemoryFileIndex$$Lambda$1129
instanceKlass org/apache/spark/sql/execution/datasources/PartitionSpec
instanceKlass org/apache/spark/sql/execution/datasources/PartitionSpec$
instanceKlass org/apache/spark/sql/execution/datasources/PartitioningUtils$$$Lambda$1128
instanceKlass org/apache/spark/sql/execution/datasources/PartitioningUtils$PartitionValues
instanceKlass org/apache/spark/sql/execution/datasources/PartitioningUtils$$$Lambda$1127
instanceKlass scala/collection/generic/GenericTraversableTemplate$$Lambda$1126
instanceKlass java/lang/invoke/LambdaForm$MH
instanceKlass java/lang/invoke/LambdaForm$DMH
instanceKlass java/lang/invoke/LambdaForm$DMH
instanceKlass org/apache/spark/sql/execution/datasources/PartitioningUtils$$$Lambda$1125
instanceKlass java/lang/invoke/LambdaForm$DMH
instanceKlass org/apache/spark/sql/catalyst/util/LegacySimpleTimestampFormatter
instanceKlass org/apache/spark/sql/catalyst/util/TimestampFormatter$$$Lambda$1124
instanceKlass org/apache/spark/sql/catalyst/util/TimestampFormatter
instanceKlass org/apache/spark/sql/catalyst/util/TimestampFormatter$
instanceKlass org/apache/spark/sql/catalyst/util/LegacySimpleDateFormatter
instanceKlass org/apache/spark/sql/catalyst/util/LegacyDateFormatter
instanceKlass org/apache/spark/sql/catalyst/util/DateFormatter$$$Lambda$1123
instanceKlass org/apache/spark/sql/catalyst/util/DateFormatter
instanceKlass org/apache/spark/sql/catalyst/util/DateFormatter$
instanceKlass java/time/zone/ZoneOffsetTransition
instanceKlass java/time/zone/ZoneOffsetTransitionRule
instanceKlass java/time/zone/ZoneRules
instanceKlass java/time/zone/Ser
instanceKlass java/time/zone/ZoneRulesProvider$1
instanceKlass java/time/zone/ZoneRulesProvider
instanceKlass org/apache/spark/sql/execution/datasources/PartitioningAwareFileIndex$$Lambda$1122
instanceKlass org/apache/spark/sql/execution/datasources/PartitioningAwareFileIndex$$Lambda$1121
instanceKlass org/apache/spark/sql/execution/datasources/PartitioningUtils$$$Lambda$1120
instanceKlass org/apache/spark/sql/execution/datasources/PartitioningUtils$
instanceKlass org/apache/spark/sql/execution/datasources/PartitioningAwareFileIndex$$Lambda$1119
instanceKlass org/apache/spark/sql/execution/datasources/PartitioningAwareFileIndex$$Lambda$1118
instanceKlass org/apache/spark/sql/execution/datasources/PartitioningAwareFileIndex$$Lambda$1117
instanceKlass org/apache/spark/sql/execution/datasources/PartitioningAwareFileIndex$$Lambda$1116
instanceKlass org/apache/spark/sql/execution/datasources/DataSource$$Lambda$1115
instanceKlass org/apache/spark/sql/execution/datasources/InMemoryFileIndex$$Lambda$1114
instanceKlass org/apache/spark/sql/execution/datasources/InMemoryFileIndex$$Lambda$1113
instanceKlass java/lang/invoke/LambdaForm$MH
instanceKlass java/lang/invoke/LambdaForm$DMH
instanceKlass org/apache/spark/sql/execution/datasources/InMemoryFileIndex$$Lambda$1112
instanceKlass scala/collection/mutable/LinkedHashSet$Entry
instanceKlass org/apache/spark/util/SizeEstimator$$$Lambda$1111
instanceKlass org/apache/spark/util/SizeEstimator$$$Lambda$1110
instanceKlass java/lang/invoke/LambdaForm$DMH
instanceKlass org/apache/spark/util/SizeEstimator$$$Lambda$1109
instanceKlass org/apache/spark/util/SizeEstimator$$$Lambda$1108
instanceKlass scala/runtime/LongRef
instanceKlass org/apache/spark/util/KnownSizeEstimation
instanceKlass scala/compat/Platform$
instanceKlass org/apache/spark/util/SizeEstimator$SearchState
instanceKlass org/sparkproject/guava/collect/MapMakerInternalMap$StrongValueReference
instanceKlass org/apache/spark/util/SizeEstimator$ClassInfo
instanceKlass java/lang/invoke/LambdaForm$MH
instanceKlass java/lang/invoke/LambdaForm$MH
instanceKlass java/lang/invoke/LambdaForm$MH
instanceKlass java/lang/invoke/LambdaForm$MH
instanceKlass java/lang/invoke/LambdaForm$MH
instanceKlass java/lang/invoke/LambdaForm$MH
instanceKlass java/lang/invoke/LambdaForm$MH
instanceKlass java/lang/invoke/LambdaForm$MH
instanceKlass java/lang/invoke/LambdaForm$MH
instanceKlass java/lang/invoke/LambdaForm$MH
instanceKlass java/lang/invoke/LambdaForm$MH
instanceKlass java/util/stream/MatchOps$$Lambda$1107
instanceKlass java/util/stream/MatchOps$BooleanTerminalSink
instanceKlass java/util/stream/MatchOps$MatchOp
instanceKlass java/util/stream/MatchOps
instanceKlass sun/management/LazyCompositeData$$Lambda$1106
instanceKlass java/util/TreeMap$TreeMapSpliterator
instanceKlass sun/management/MappedMXBeanType$CompositeDataMXBeanType$2
instanceKlass sun/management/MappedMXBeanType$CompositeDataMXBeanType$1
instanceKlass sun/management/MappedMXBeanType
instanceKlass sun/management/LazyCompositeData
instanceKlass javax/management/openmbean/CompositeDataSupport
instanceKlass sun/reflect/misc/Trampoline
instanceKlass sun/reflect/misc/MethodUtil$1
instanceKlass com/sun/jmx/mbeanserver/MXBeanProxy$Handler
instanceKlass com/sun/jmx/mbeanserver/DefaultMXBeanMappingFactory$CompositeBuilder
instanceKlass com/sun/jmx/mbeanserver/MXBeanProxy$Visitor
instanceKlass com/sun/jmx/mbeanserver/MXBeanProxy
instanceKlass org/apache/spark/util/SizeEstimator$
instanceKlass org/apache/spark/sql/execution/datasources/InMemoryFileIndex$$Lambda$1105
instanceKlass org/apache/spark/util/HadoopFSUtils$$$Lambda$1104
instanceKlass org/apache/hadoop/fs/BlockLocation
instanceKlass java/lang/invoke/LambdaForm$MH
instanceKlass java/lang/invoke/LambdaForm$DMH
instanceKlass java/lang/invoke/LambdaForm$DMH
instanceKlass org/apache/spark/util/HadoopFSUtils$$$Lambda$1103
instanceKlass java/lang/invoke/LambdaForm$DMH
instanceKlass org/apache/spark/util/HadoopFSUtils$$$Lambda$1102
instanceKlass java/lang/invoke/LambdaForm$MH
instanceKlass java/lang/invoke/LambdaForm$DMH
instanceKlass java/lang/invoke/LambdaForm$DMH
instanceKlass org/apache/spark/util/HadoopFSUtils$$$Lambda$1101
instanceKlass java/lang/invoke/LambdaForm$DMH
instanceKlass org/apache/spark/util/HadoopFSUtils$$$Lambda$1100
instanceKlass org/apache/spark/util/HadoopFSUtils$$$Lambda$1099
instanceKlass org/apache/spark/util/HadoopFSUtils$$$Lambda$1098
instanceKlass java/lang/invoke/LambdaForm$MH
instanceKlass java/lang/invoke/LambdaForm$DMH
instanceKlass java/lang/invoke/LambdaForm$DMH
instanceKlass org/apache/spark/util/HadoopFSUtils$$$Lambda$1097
instanceKlass java/lang/invoke/LambdaForm$DMH
instanceKlass org/apache/spark/sql/catalyst/FileSourceOptions$$Lambda$1096
instanceKlass org/apache/spark/sql/catalyst/FileSourceOptions$$Lambda$1095
instanceKlass org/apache/spark/sql/SparkSession$$Lambda$1094
instanceKlass org/apache/spark/sql/SparkSession$$Lambda$1093
instanceKlass org/apache/spark/sql/SparkSession$$Lambda$1092
instanceKlass org/apache/spark/sql/internal/SQLConf$$$Lambda$1091
instanceKlass org/apache/spark/sql/internal/SQLConf$$$Lambda$1090
instanceKlass org/apache/spark/sql/internal/SQLConf$$$Lambda$1089
instanceKlass org/apache/spark/sql/catalyst/FileSourceOptions$$Lambda$1088
instanceKlass org/apache/spark/sql/catalyst/FileSourceOptions$$Lambda$1087
instanceKlass org/apache/spark/sql/execution/datasources/PathFilterWrapper
instanceKlass org/apache/hadoop/mapred/FileInputFormat$1
instanceKlass org/apache/hadoop/net/Node
instanceKlass org/apache/hadoop/mapred/FileInputFormat
instanceKlass org/apache/hadoop/mapred/InputFormat
instanceKlass java/net/URLEncoder
instanceKlass java/net/URLDecoder
instanceKlass org/apache/hadoop/util/ClassUtil
instanceKlass org/apache/hadoop/security/Credentials
instanceKlass org/apache/spark/sql/execution/datasources/InMemoryFileIndex$$Lambda$1086
instanceKlass org/apache/spark/sql/execution/datasources/InMemoryFileIndex$$Lambda$1085
instanceKlass org/apache/spark/sql/execution/datasources/ModifiedAfterFilter$$$Lambda$1084
instanceKlass org/apache/spark/sql/execution/datasources/ModifiedBeforeFilter$$$Lambda$1083
instanceKlass org/apache/spark/sql/execution/datasources/ModifiedDateFilter
instanceKlass org/apache/spark/sql/execution/datasources/PathGlobFilter$$$Lambda$1082
instanceKlass org/apache/spark/sql/execution/datasources/PathGlobFilter
instanceKlass org/apache/spark/sql/execution/datasources/PathFilterStrategy
instanceKlass org/apache/spark/sql/catalyst/util/DateTimeUtils$$$Lambda$1081
instanceKlass org/apache/spark/sql/catalyst/util/DateTimeUtils$$$Lambda$1080
instanceKlass org/apache/spark/sql/catalyst/util/DateTimeUtils$$$Lambda$1079
instanceKlass org/apache/spark/sql/catalyst/util/DateTimeUtils$$$Lambda$1078
instanceKlass org/apache/spark/sql/catalyst/util/DateTimeUtils$$$Lambda$1077
instanceKlass org/apache/spark/sql/catalyst/util/DateTimeUtils$$$Lambda$1076
instanceKlass org/apache/spark/sql/catalyst/util/DateTimeUtils$$$Lambda$1075
instanceKlass org/apache/spark/sql/catalyst/util/DateTimeUtils$$$Lambda$1074
instanceKlass org/apache/spark/sql/catalyst/util/DateTimeUtils$$$Lambda$1073
instanceKlass org/apache/spark/sql/catalyst/util/DateTimeUtils$$$Lambda$1072
instanceKlass java/util/regex/CharPredicates$$Lambda$1071
instanceKlass org/apache/spark/sql/catalyst/util/DateTimeUtils$
instanceKlass org/apache/spark/sql/catalyst/FileSourceOptions$
instanceKlass org/apache/spark/sql/execution/datasources/FileIndexOptions$
instanceKlass org/apache/spark/sql/catalyst/DataSourceOptions
instanceKlass org/apache/spark/sql/execution/datasources/PathFilterFactory$$$Lambda$1070
instanceKlass org/apache/spark/sql/execution/datasources/ModifiedAfterFilter$
instanceKlass org/apache/spark/sql/execution/datasources/ModifiedBeforeFilter$
instanceKlass org/apache/spark/sql/execution/datasources/PathGlobFilter$
instanceKlass org/apache/spark/sql/execution/datasources/StrategyBuilder
instanceKlass org/apache/spark/sql/execution/datasources/PathFilterFactory$
instanceKlass org/apache/spark/sql/execution/datasources/InMemoryFileIndex$
instanceKlass org/apache/spark/sql/execution/datasources/PartitioningAwareFileIndex
instanceKlass org/apache/spark/sql/execution/datasources/SharedInMemoryCache$$anon$2
instanceKlass org/apache/spark/sql/execution/datasources/SharedInMemoryCache$$anon$1
instanceKlass org/apache/spark/sql/execution/datasources/SharedInMemoryCache
instanceKlass org/apache/spark/sql/execution/datasources/FileStatusCache
instanceKlass org/apache/spark/sql/execution/datasources/FileStatusCache$
instanceKlass org/apache/spark/sql/execution/datasources/DataSource$$$Lambda$1069
instanceKlass org/apache/spark/util/HadoopFSUtils$
instanceKlass java/util/IdentityHashMap$IdentityHashMapIterator
instanceKlass org/apache/spark/sql/execution/datasources/DataSource$$$Lambda$1068
instanceKlass scala/concurrent/Future$$Lambda$1067
instanceKlass scala/concurrent/Future$$Lambda$1066
instanceKlass scala/concurrent/Future$$$Lambda$1065
instanceKlass scala/concurrent/Future$$$Lambda$1064
instanceKlass org/apache/spark/util/ThreadUtils$$$Lambda$1063
instanceKlass org/apache/spark/sql/execution/datasources/DataSource$$$Lambda$1062
instanceKlass scala/concurrent/Future$$$Lambda$1061
instanceKlass scala/concurrent/Future$$$Lambda$1060
instanceKlass org/apache/spark/util/ThreadUtils$$$Lambda$1059
instanceKlass java/util/concurrent/ForkJoinPool$WorkQueue
instanceKlass java/util/concurrent/ForkJoinPool$1
instanceKlass java/util/concurrent/ForkJoinPool$DefaultForkJoinWorkerThreadFactory
instanceKlass java/util/concurrent/ForkJoinTask
instanceKlass org/apache/spark/util/ThreadUtils$$anon$3
instanceKlass java/lang/invoke/LambdaForm$MH
instanceKlass java/lang/invoke/LambdaForm$DMH
instanceKlass java/lang/invoke/LambdaForm$DMH
instanceKlass org/apache/spark/sql/execution/datasources/DataSource$$$Lambda$1058
instanceKlass java/lang/invoke/LambdaForm$DMH
instanceKlass org/apache/spark/deploy/SparkHadoopUtil$$Lambda$1057
instanceKlass org/apache/spark/sql/execution/datasources/DataSource$$$Lambda$1056
instanceKlass org/apache/spark/sql/execution/datasources/DataSource$$$Lambda$1055
instanceKlass org/apache/spark/sql/execution/datasources/DataSource$$Lambda$1054
instanceKlass org/apache/spark/sql/execution/datasources/DataSource$$Lambda$1053
instanceKlass org/apache/spark/sql/internal/SessionState$$Lambda$1052
instanceKlass org/apache/spark/sql/internal/SessionState$$$Lambda$1051
instanceKlass org/apache/spark/sql/internal/SessionState$
instanceKlass org/apache/spark/sql/execution/streaming/FileStreamSink$
instanceKlass org/apache/spark/sql/sources/SchemaRelationProvider
instanceKlass org/apache/spark/sql/execution/datasources/DataSource$$Lambda$1050
instanceKlass org/apache/spark/sql/catalyst/catalog/BucketSpec
instanceKlass org/apache/spark/sql/catalyst/analysis/package$$$Lambda$1049
instanceKlass org/apache/spark/sql/catalyst/analysis/package$$$Lambda$1048
instanceKlass org/apache/spark/sql/catalyst/analysis/package$
instanceKlass org/apache/spark/sql/execution/streaming/Sink
instanceKlass org/apache/spark/sql/execution/datasources/V1WriteCommand
instanceKlass org/apache/spark/sql/execution/command/DataWritingCommand
instanceKlass org/apache/spark/sql/execution/FileRelation
instanceKlass org/apache/spark/sql/execution/streaming/Source
instanceKlass org/apache/spark/sql/connector/read/streaming/SparkDataStream
instanceKlass org/apache/spark/sql/execution/datasources/DataSource
instanceKlass org/apache/spark/sql/DataFrameReader$$Lambda$1047
instanceKlass org/apache/spark/sql/DataFrameReader$$Lambda$1046
instanceKlass org/apache/spark/sql/execution/streaming/sources/RatePerMicroBatchProvider
instanceKlass org/apache/spark/sql/types/Metadata
instanceKlass org/apache/spark/sql/types/Metadata$
instanceKlass scala/runtime/AbstractFunction4
instanceKlass scala/Function4
instanceKlass org/apache/spark/sql/execution/datasources/binaryfile/BinaryFileFormat$
instanceKlass org/apache/spark/sql/execution/datasources/binaryfile/BinaryFileFormat
instanceKlass org/apache/spark/sql/execution/streaming/ConsoleSinkProvider
instanceKlass org/apache/spark/sql/execution/datasources/v2/text/TextDataSourceV2
instanceKlass org/apache/spark/sql/execution/datasources/v2/parquet/ParquetDataSourceV2
instanceKlass org/apache/hadoop/mapreduce/InputSplit
instanceKlass org/apache/spark/sql/execution/datasources/noop/NoopDataSource
instanceKlass org/apache/spark/sql/execution/datasources/v2/json/JsonDataSourceV2
instanceKlass org/apache/spark/sql/execution/datasources/jdbc/JDBCOptions
instanceKlass org/apache/spark/sql/connector/catalog/Table
instanceKlass org/apache/spark/sql/execution/datasources/v2/csv/CSVDataSourceV2
instanceKlass org/apache/spark/sql/execution/datasources/v2/FileDataSourceV2
instanceKlass org/apache/spark/ml/source/image/ImageFileFormat
instanceKlass org/apache/spark/sql/hive/HiveShim$ShimFileSinkDesc
instanceKlass org/apache/spark/sql/hive/execution/HiveFileFormat
instanceKlass org/apache/hadoop/mapreduce/RecordReader
instanceKlass org/apache/spark/sql/execution/datasources/OutputWriterFactory
instanceKlass org/apache/spark/sql/hive/orc/OrcFileFormat
instanceKlass org/apache/spark/sql/execution/datasources/DataSource$$$Lambda$1045
instanceKlass org/apache/spark/sql/execution/datasources/DataSource$$$Lambda$1044
instanceKlass org/apache/spark/sql/execution/datasources/DataSource$$$Lambda$1043
instanceKlass org/apache/spark/sql/execution/streaming/sources/RateStreamProvider
instanceKlass org/apache/spark/sql/execution/streaming/sources/TextSocketSourceProvider
instanceKlass org/apache/spark/sql/internal/connector/SimpleTableProvider
instanceKlass org/apache/spark/sql/execution/datasources/orc/OrcFileFormat
instanceKlass org/apache/spark/sql/execution/datasources/parquet/ParquetFileFormat
instanceKlass org/apache/spark/sql/execution/datasources/TextBasedFileFormat
instanceKlass org/apache/spark/sql/execution/datasources/FileFormat
instanceKlass org/apache/spark/sql/execution/datasources/jdbc/JdbcRelationProvider
instanceKlass org/apache/spark/sql/sources/DataSourceRegister
instanceKlass org/apache/spark/sql/sources/RelationProvider
instanceKlass org/apache/spark/sql/sources/CreatableRelationProvider
instanceKlass org/apache/spark/sql/execution/datasources/DataSource$
instanceKlass org/apache/spark/sql/execution/command/DDLUtils$
instanceKlass java/util/function/UnaryOperator
instanceKlass scala/collection/mutable/MapBuilder
instanceKlass org/apache/spark/sql/catalyst/util/CaseInsensitiveMap$$Lambda$1042
instanceKlass org/apache/spark/sql/catalyst/csv/UnivocityParser
instanceKlass org/apache/spark/sql/catalyst/json/JacksonParser
instanceKlass org/apache/spark/sql/catalyst/util/FailureSafeParser
instanceKlass org/apache/spark/unsafe/types/UTF8String
instanceKlass com/esotericsoftware/kryo/KryoSerializable
instanceKlass org/apache/spark/sql/connector/catalog/TableProvider
instanceKlass org/apache/spark/sql/catalyst/FileSourceOptions
instanceKlass org/apache/spark/sql/catalyst/util/CaseInsensitiveMap$$Lambda$1041
instanceKlass org/apache/spark/sql/catalyst/util/CaseInsensitiveMap
instanceKlass org/apache/spark/sql/catalyst/util/CaseInsensitiveMap$
instanceKlass org/apache/spark/sql/internal/SQLConf$$Lambda$1040
instanceKlass org/apache/spark/sql/SparkSessionExtensions$$Lambda$1039
instanceKlass org/apache/spark/sql/SparkSessionExtensions$$Lambda$1038
instanceKlass org/apache/spark/sql/SparkSessionExtensions$$Lambda$1037
instanceKlass org/apache/spark/sql/catalyst/rules/Rule
instanceKlass org/apache/spark/sql/execution/adaptive/AdaptiveRulesHolder
instanceKlass org/apache/spark/sql/SparkSessionExtensions$$Lambda$1036
instanceKlass org/apache/spark/sql/execution/ColumnarRule
instanceKlass org/apache/spark/sql/internal/BaseSessionStateBuilder$$Lambda$1035
instanceKlass org/apache/spark/sql/internal/SessionStateBuilder$$Lambda$1034
instanceKlass org/apache/spark/sql/internal/BaseSessionStateBuilder$$Lambda$1033
instanceKlass org/apache/spark/sql/execution/QueryExecution
instanceKlass org/apache/spark/sql/internal/BaseSessionStateBuilder$$Lambda$1032
instanceKlass org/apache/spark/sql/internal/SessionResourceLoader
instanceKlass org/apache/spark/sql/util/ExecutionListenerManager$$Lambda$1031
instanceKlass org/apache/spark/sql/internal/BaseSessionStateBuilder$$Lambda$1030
instanceKlass org/apache/spark/sql/internal/BaseSessionStateBuilder$$Lambda$1029
instanceKlass org/apache/spark/sql/internal/BaseSessionStateBuilder$$Lambda$1028
instanceKlass org/apache/spark/sql/execution/OrderPreservingUnaryExecNode
instanceKlass org/apache/spark/sql/execution/PartitioningPreservingUnaryExecNode
instanceKlass org/apache/spark/sql/execution/UnaryExecNode
instanceKlass org/apache/spark/sql/execution/CodegenSupport
instanceKlass org/apache/spark/sql/internal/BaseSessionStateBuilder$$Lambda$1027
instanceKlass org/apache/spark/sql/internal/BaseSessionStateBuilder$$Lambda$1026
instanceKlass org/apache/spark/sql/SparkSessionExtensions$$Lambda$1025
instanceKlass org/apache/spark/sql/internal/VariableSubstitution$$anon$1
instanceKlass org/apache/spark/sql/internal/VariableSubstitution
instanceKlass org/apache/spark/sql/catalyst/plans/logical/HasPartitionExpressions
instanceKlass org/apache/spark/sql/catalyst/plans/logical/IgnoreCachedData
instanceKlass org/apache/spark/sql/execution/ExplainMode
instanceKlass org/apache/spark/sql/catalyst/analysis/ViewType
instanceKlass org/apache/spark/sql/catalyst/plans/logical/AnalysisOnlyCommand
instanceKlass org/apache/spark/sql/catalyst/plans/logical/V2CreateTablePlan
instanceKlass org/apache/spark/sql/catalyst/plans/logical/BinaryCommand
instanceKlass org/apache/spark/sql/connector/expressions/Literal
instanceKlass org/apache/spark/sql/connector/expressions/Transform
instanceKlass org/apache/spark/sql/connector/expressions/NamedReference
instanceKlass org/apache/spark/sql/connector/expressions/Expression
instanceKlass org/apache/spark/sql/catalyst/expressions/NullOrdering
instanceKlass org/apache/spark/sql/catalyst/expressions/BaseGroupingSets
instanceKlass org/apache/spark/sql/catalyst/plans/logical/BinaryNode
instanceKlass org/apache/spark/sql/catalyst/plans/JoinType
instanceKlass org/apache/spark/sql/catalyst/plans/logical/V2WriteCommand
instanceKlass org/apache/spark/sql/catalyst/plans/logical/KeepAnalyzedQuery
instanceKlass org/apache/spark/sql/catalyst/plans/logical/UnaryParsedStatement
instanceKlass org/apache/spark/sql/catalyst/plans/logical/OrderPreservingUnaryNode
instanceKlass org/apache/spark/sql/catalyst/plans/AliasAwareQueryOutputOrdering
instanceKlass org/apache/spark/sql/catalyst/plans/AliasAwareOutputExpression
instanceKlass org/apache/spark/sql/catalyst/plans/logical/AlterTableCommand
instanceKlass org/apache/spark/sql/catalyst/analysis/FieldName
instanceKlass org/apache/spark/sql/catalyst/analysis/PartitionSpec
instanceKlass org/antlr/v4/runtime/tree/AbstractParseTreeVisitor
instanceKlass org/apache/spark/sql/catalyst/parser/SqlBaseParserVisitor
instanceKlass org/antlr/v4/runtime/tree/ParseTreeVisitor
instanceKlass org/antlr/v4/runtime/RuleContext
instanceKlass org/antlr/v4/runtime/tree/RuleNode
instanceKlass org/antlr/v4/runtime/tree/ParseTree
instanceKlass org/antlr/v4/runtime/tree/SyntaxTree
instanceKlass org/antlr/v4/runtime/tree/Tree
instanceKlass org/antlr/v4/runtime/ANTLRErrorStrategy
instanceKlass org/antlr/v4/runtime/tree/ParseTreeListener
instanceKlass org/antlr/v4/runtime/TokenStream
instanceKlass org/antlr/v4/runtime/TokenSource
instanceKlass org/antlr/v4/runtime/ANTLRErrorListener
instanceKlass org/antlr/v4/runtime/CharStream
instanceKlass org/antlr/v4/runtime/IntStream
instanceKlass org/apache/spark/sql/catalyst/parser/AbstractSqlParser
instanceKlass org/apache/spark/sql/internal/BaseSessionStateBuilder$$Lambda$1024
instanceKlass org/apache/spark/sql/catalyst/catalog/SessionCatalog
instanceKlass org/apache/spark/sql/expressions/UserDefinedFunction
instanceKlass org/apache/spark/sql/SparkSessionExtensions$$Lambda$1023
instanceKlass org/apache/spark/sql/SparkSessionExtensions$$Lambda$1022
instanceKlass org/apache/spark/sql/catalyst/analysis/SimpleTableFunctionRegistry$$Lambda$1021
instanceKlass org/apache/spark/sql/catalyst/analysis/TableFunctionRegistry$$$Lambda$1020
instanceKlass org/apache/spark/sql/catalyst/analysis/SimpleTableFunctionRegistry
instanceKlass org/apache/spark/sql/catalyst/analysis/TableFunctionRegistry$$$Lambda$1019
instanceKlass java/lang/invoke/LambdaForm$DMH
instanceKlass org/apache/spark/sql/catalyst/analysis/TableFunctionRegistry$$$Lambda$1018
instanceKlass org/apache/spark/sql/catalyst/expressions/SortDirection
instanceKlass org/apache/spark/sql/catalyst/analysis/TableFunctionRegistry$
instanceKlass org/apache/spark/sql/internal/BaseSessionStateBuilder$$Lambda$1017
instanceKlass org/apache/spark/sql/internal/BaseSessionStateBuilder$$Lambda$1016
instanceKlass org/apache/spark/sql/SparkSessionExtensions$$Lambda$1015
instanceKlass org/apache/spark/sql/SparkSessionExtensions$$Lambda$1014
instanceKlass org/apache/spark/sql/catalyst/analysis/SimpleFunctionRegistry$$Lambda$1013
instanceKlass org/apache/spark/sql/catalyst/analysis/SimpleFunctionRegistryBase$$Lambda$1012
instanceKlass scala/collection/mutable/HashMap$$Lambda$1011
instanceKlass org/apache/spark/sql/catalyst/FunctionIdentifier
instanceKlass org/apache/spark/sql/catalyst/FunctionIdentifier$
instanceKlass org/apache/spark/sql/catalyst/analysis/FunctionRegistry$$$Lambda$1010
instanceKlass org/apache/spark/sql/catalyst/analysis/SimpleFunctionRegistry
instanceKlass org/apache/spark/sql/catalyst/analysis/SimpleFunctionRegistryBase
instanceKlass scala/math/LowPriorityOrderingImplicits$$anon$2
instanceKlass org/apache/spark/sql/types/BinaryType$$anonfun$1
instanceKlass org/apache/spark/sql/types/Decimal$DecimalAsIfIntegral$
instanceKlass org/apache/spark/sql/types/Decimal$DecimalIsFractional$
instanceKlass org/apache/spark/sql/types/Decimal$DecimalIsConflicted
instanceKlass org/apache/spark/sql/types/DoubleType$DoubleAsIfIntegral$
instanceKlass org/apache/spark/sql/types/DoubleType$DoubleAsIfIntegral
instanceKlass org/apache/spark/sql/types/DoubleType$DoubleIsConflicted
instanceKlass org/apache/spark/sql/types/DoubleType$$anonfun$1
instanceKlass scala/math/Numeric$DoubleIsFractional$
instanceKlass scala/math/Ordering$DoubleOrdering
instanceKlass scala/math/Numeric$DoubleIsFractional
instanceKlass scala/math/Numeric$DoubleIsConflicted
instanceKlass org/apache/spark/sql/types/FloatType$FloatAsIfIntegral$
instanceKlass org/apache/spark/sql/types/FloatType$FloatAsIfIntegral
instanceKlass org/apache/spark/sql/types/FloatType$FloatIsConflicted
instanceKlass org/apache/spark/sql/types/FloatType$$anonfun$1
instanceKlass scala/math/Numeric$FloatIsFractional$
instanceKlass scala/math/Ordering$FloatOrdering
instanceKlass scala/math/Numeric$FloatIsFractional
instanceKlass scala/math/Fractional
instanceKlass scala/math/Numeric$FloatIsConflicted
instanceKlass org/apache/spark/sql/types/LongExactNumeric$
instanceKlass org/apache/spark/sql/types/IntegerExactNumeric$
instanceKlass scala/math/Numeric$IntIsIntegral$
instanceKlass scala/math/Numeric$IntIsIntegral
instanceKlass org/apache/spark/sql/types/ShortExactNumeric$
instanceKlass scala/math/Ordering$Short$
instanceKlass scala/math/Numeric$ShortIsIntegral$
instanceKlass scala/math/Ordering$ShortOrdering
instanceKlass scala/math/Numeric$ShortIsIntegral
instanceKlass org/apache/spark/sql/types/ByteExactNumeric$
instanceKlass scala/math/Ordering$Byte$
instanceKlass scala/math/Numeric$ByteIsIntegral$
instanceKlass scala/math/Ordering$ByteOrdering
instanceKlass scala/math/Numeric$ByteIsIntegral
instanceKlass org/apache/spark/sql/catalyst/analysis/FunctionRegistry$$$Lambda$1009
instanceKlass scala/math/Ordering$Boolean$
instanceKlass scala/math/Ordering$BooleanOrdering
instanceKlass scala/reflect/api/TypeCreator
instanceKlass org/apache/spark/sql/catalyst/types/PhysicalDataType
instanceKlass org/apache/spark/sql/catalyst/expressions/SizeBasedWindowFunction
instanceKlass org/apache/spark/sql/catalyst/expressions/SpecialFrameBoundary
instanceKlass org/apache/spark/sql/catalyst/expressions/FrameType
instanceKlass org/apache/spark/sql/catalyst/expressions/WindowFrame
instanceKlass org/apache/spark/sql/catalyst/expressions/OffsetWindowFunction
instanceKlass org/apache/spark/sql/catalyst/expressions/WindowFunction
instanceKlass org/apache/spark/sql/catalyst/expressions/CreateStruct$$$Lambda$1008
instanceKlass scala/collection/immutable/StringLike$$Lambda$1007
instanceKlass org/apache/spark/sql/catalyst/expressions/CreateStruct$
instanceKlass org/apache/spark/sql/catalyst/expressions/ExtractValue
instanceKlass org/apache/spark/sql/catalyst/expressions/MapBasedSimpleHigherOrderFunction
instanceKlass org/apache/spark/sql/catalyst/expressions/Sequence$InternalSequence
instanceKlass org/apache/spark/sql/catalyst/expressions/codegen/Block
instanceKlass org/apache/spark/sql/catalyst/expressions/ArraySortLike
instanceKlass org/apache/spark/sql/catalyst/expressions/ArrayBasedSimpleHigherOrderFunction
instanceKlass org/apache/spark/sql/catalyst/expressions/SimpleHigherOrderFunction
instanceKlass org/apache/spark/sql/catalyst/expressions/HigherOrderFunction
instanceKlass org/apache/spark/sql/catalyst/util/ArrayData
instanceKlass org/apache/spark/sql/catalyst/expressions/ArrayBinaryLike
instanceKlass org/apache/spark/sql/catalyst/expressions/ArraySetLike
instanceKlass org/apache/spark/sql/catalyst/expressions/BinaryArrayExpressionWithImplicitCast
instanceKlass org/apache/spark/sql/catalyst/expressions/NoThrow
instanceKlass org/apache/spark/sql/catalyst/expressions/DatePartExpressionBuilder$
instanceKlass org/apache/spark/sql/catalyst/expressions/MakeTimestampLTZExpressionBuilder$
instanceKlass org/apache/spark/sql/catalyst/expressions/MakeTimestampNTZExpressionBuilder$
instanceKlass org/apache/spark/sql/catalyst/expressions/TruncInstant
instanceKlass org/apache/spark/sql/catalyst/expressions/ParseToTimestampLTZExpressionBuilder$
instanceKlass org/apache/spark/sql/catalyst/expressions/ParseToTimestampNTZExpressionBuilder$
instanceKlass org/apache/spark/sql/catalyst/expressions/GetTimeField
instanceKlass org/apache/spark/sql/catalyst/expressions/UTCTimestamp
instanceKlass org/apache/spark/sql/catalyst/expressions/GetDateField
instanceKlass org/apache/spark/sql/catalyst/expressions/TimestampFormatterHelper
instanceKlass org/apache/spark/sql/catalyst/expressions/CurDateExpressionBuilder$
instanceKlass org/apache/spark/sql/catalyst/expressions/objects/InvokeLike
instanceKlass org/apache/spark/sql/catalyst/expressions/NonSQLExpression
instanceKlass org/apache/spark/sql/catalyst/expressions/RPadExpressionBuilder$
instanceKlass org/apache/spark/sql/catalyst/expressions/String2TrimExpression
instanceKlass org/apache/spark/sql/catalyst/expressions/LPadExpressionBuilder$
instanceKlass org/apache/spark/sql/catalyst/expressions/PadExpressionBuilderBase
instanceKlass org/apache/spark/sql/catalyst/expressions/String2StringExpression
instanceKlass org/apache/spark/sql/catalyst/expressions/WriteStyle
instanceKlass org/apache/spark/sql/catalyst/expressions/EndsWithExpressionBuilder$
instanceKlass org/apache/spark/sql/catalyst/expressions/StartsWithExpressionBuilder$
instanceKlass org/apache/spark/sql/catalyst/expressions/ContainsExpressionBuilder$
instanceKlass org/apache/spark/sql/catalyst/expressions/StringBinaryPredicateExpressionBuilderBase
instanceKlass org/apache/spark/sql/catalyst/expressions/TaggingExpression
instanceKlass org/apache/spark/util/collection/OpenHashMap
instanceKlass org/apache/spark/sql/catalyst/expressions/RuntimeReplaceableAggregate
instanceKlass org/apache/spark/sql/catalyst/expressions/IntervalDivide
instanceKlass org/apache/spark/sql/catalyst/expressions/aggregate/AggregateMode
instanceKlass org/apache/spark/sql/catalyst/expressions/TimeZoneAwareExpression
instanceKlass org/apache/spark/sql/catalyst/expressions/TryToTimestampExpressionBuilder$
instanceKlass org/apache/spark/sql/catalyst/expressions/aggregate/TrySumExpressionBuilder$
instanceKlass org/apache/spark/sql/catalyst/expressions/aggregate/TryAverageExpressionBuilder$
instanceKlass org/apache/spark/sql/catalyst/expressions/GetArrayItemUtil
instanceKlass org/apache/spark/sql/catalyst/expressions/GetMapValueUtil
instanceKlass org/apache/spark/sql/catalyst/trees/QuaternaryLike
instanceKlass org/apache/spark/sql/catalyst/expressions/DivModLike
instanceKlass org/apache/spark/sql/catalyst/expressions/FloorExpressionBuilder$
instanceKlass org/apache/spark/sql/catalyst/expressions/codegen/CodegenFallback
instanceKlass org/apache/spark/sql/catalyst/analysis/FunctionRegistry$$$Lambda$1006
instanceKlass java/lang/invoke/LambdaForm$DMH
instanceKlass org/apache/spark/sql/catalyst/expressions/CeilExpressionBuilder$
instanceKlass org/apache/spark/sql/catalyst/expressions/CeilFloorExpressionBuilderBase
instanceKlass org/apache/spark/sql/catalyst/expressions/SupportQueryContext
instanceKlass org/apache/spark/sql/catalyst/expressions/ExpressionWithRandomSeed
instanceKlass org/apache/spark/sql/catalyst/expressions/Nondeterministic
instanceKlass org/apache/spark/sql/catalyst/trees/BinaryLike
instanceKlass org/apache/spark/sql/catalyst/analysis/FunctionRegistryBase$$$Lambda$1005
instanceKlass scala/collection/TraversableOnce$$Lambda$1004
instanceKlass scala/collection/mutable/ArrayOps$ofInt$
instanceKlass org/apache/spark/sql/catalyst/analysis/FunctionRegistryBase$$$Lambda$1003
instanceKlass scala/collection/mutable/ArrayOps$ofInt
instanceKlass org/apache/spark/sql/catalyst/expressions/RuntimeReplaceable
instanceKlass org/apache/spark/sql/catalyst/expressions/Predicate
instanceKlass org/apache/spark/sql/catalyst/expressions/BaseGenericInternalRow
instanceKlass org/apache/spark/sql/catalyst/trees/TernaryLike
instanceKlass org/apache/spark/sql/catalyst/expressions/CommutativeExpression
instanceKlass org/apache/spark/sql/catalyst/analysis/FunctionRegistry$$$Lambda$1002
instanceKlass org/apache/spark/sql/catalyst/expressions/CollectionGenerator
instanceKlass org/apache/spark/sql/catalyst/expressions/Generator
instanceKlass org/apache/spark/sql/catalyst/expressions/ConditionalExpression
instanceKlass org/apache/spark/sql/catalyst/expressions/ComplexTypeMergingExpression
instanceKlass org/apache/spark/sql/catalyst/analysis/FunctionRegistry$$$Lambda$1001
instanceKlass java/lang/invoke/LambdaForm$DMH
instanceKlass org/apache/spark/sql/catalyst/analysis/FunctionRegistryBase$$$Lambda$1000
instanceKlass org/apache/spark/sql/catalyst/expressions/ExpressionInfo
instanceKlass scala/reflect/ScalaSignature
instanceKlass org/apache/spark/annotation/DeveloperApi
instanceKlass org/apache/spark/sql/catalyst/expressions/ExpressionDescription
instanceKlass org/apache/spark/sql/catalyst/analysis/FunctionRegistryBase$$$Lambda$999
instanceKlass org/apache/spark/sql/catalyst/analysis/FunctionRegistryBase$$$Lambda$998
instanceKlass org/apache/spark/sql/catalyst/expressions/codegen/ExprValue
instanceKlass org/apache/spark/sql/catalyst/expressions/codegen/JavaCode
instanceKlass org/apache/spark/sql/catalyst/analysis/TypeCheckResult
instanceKlass org/json4s/JsonAST$JNumber
instanceKlass org/apache/spark/sql/catalyst/rules/RuleId
instanceKlass org/apache/spark/sql/catalyst/expressions/InheritAnalysisRules
instanceKlass org/apache/spark/sql/catalyst/analysis/FunctionRegistryBase$
instanceKlass org/apache/spark/sql/catalyst/expressions/ImplicitCastInputTypes
instanceKlass org/apache/spark/sql/catalyst/expressions/ExpectsInputTypes
instanceKlass org/apache/spark/sql/catalyst/trees/TreeNodeTag
instanceKlass org/apache/spark/sql/catalyst/analysis/ExpressionBuilder
instanceKlass org/apache/spark/sql/catalyst/analysis/FunctionRegistry$
instanceKlass org/apache/spark/sql/internal/BaseSessionStateBuilder$$Lambda$997
instanceKlass org/apache/spark/sql/internal/BaseSessionStateBuilder$$Lambda$996
instanceKlass org/apache/spark/sql/internal/BaseSessionStateBuilder$$Lambda$995
instanceKlass org/apache/spark/sql/internal/BaseSessionStateBuilder$$Lambda$994
instanceKlass org/apache/spark/sql/internal/SQLConf$$$Lambda$993
instanceKlass org/apache/spark/sql/internal/SQLConf$$$Lambda$992
instanceKlass org/apache/spark/sql/internal/SQLConf$$$Lambda$991
instanceKlass org/apache/spark/sql/internal/SQLConf$$Lambda$990
instanceKlass org/apache/spark/sql/internal/SQLConf$$Lambda$989
instanceKlass org/apache/spark/sql/internal/SQLConf$$Lambda$988
instanceKlass org/apache/spark/sql/internal/SQLConf$$Lambda$987
instanceKlass org/apache/spark/sql/internal/SQLConf$$$Lambda$986
instanceKlass org/apache/spark/internal/config/MapProvider
instanceKlass org/apache/spark/sql/catalyst/plans/logical/HintErrorHandler
instanceKlass org/apache/spark/sql/internal/BaseSessionStateBuilder$$Lambda$985
instanceKlass org/apache/spark/sql/internal/BaseSessionStateBuilder$$Lambda$984
instanceKlass org/apache/spark/sql/catalyst/analysis/FunctionRegistry
instanceKlass org/apache/spark/sql/catalyst/parser/ParserInterface
instanceKlass org/apache/spark/sql/catalyst/analysis/TableFunctionRegistry
instanceKlass org/apache/spark/sql/catalyst/analysis/FunctionRegistryBase
instanceKlass org/apache/spark/sql/connector/catalog/CatalogPlugin
instanceKlass org/apache/spark/sql/catalyst/planning/QueryPlanner
instanceKlass org/apache/spark/sql/catalyst/rules/RuleExecutor
instanceKlass org/apache/spark/sql/catalyst/analysis/ColumnResolutionHelper
instanceKlass org/apache/spark/sql/catalyst/analysis/CheckAnalysis
instanceKlass org/apache/spark/sql/errors/QueryErrorsBase
instanceKlass org/apache/spark/sql/connector/catalog/LookupCatalog
instanceKlass org/apache/spark/sql/catalyst/expressions/PredicateHelper
instanceKlass org/apache/spark/sql/catalyst/expressions/AliasHelper
instanceKlass org/apache/spark/sql/catalyst/catalog/FunctionResourceLoader
instanceKlass org/apache/spark/sql/catalyst/catalog/FunctionExpressionBuilder
instanceKlass org/apache/spark/sql/internal/BaseSessionStateBuilder
instanceKlass org/apache/spark/sql/execution/ui/SQLTab$
instanceKlass org/apache/spark/sql/internal/SharedState$$Lambda$983
instanceKlass org/apache/spark/sql/execution/ui/SQLAppStatusStore
instanceKlass org/apache/spark/sql/execution/ui/SQLAppStatusListener$$Lambda$982
instanceKlass org/apache/spark/sql/execution/ui/SQLAppStatusListener$$Lambda$981
instanceKlass org/apache/spark/sql/execution/ui/SQLExecutionUIData
instanceKlass org/apache/spark/sql/execution/datasources/FileIndex
instanceKlass org/apache/spark/sql/execution/CacheManager
instanceKlass org/apache/spark/sql/execution/adaptive/AdaptiveSparkPlanHelper
instanceKlass org/apache/spark/sql/internal/SharedState$$$Lambda$980
instanceKlass org/apache/spark/sql/internal/SharedState$$Lambda$979
instanceKlass org/apache/spark/sql/internal/SharedState$$Lambda$978
instanceKlass org/apache/spark/sql/internal/SharedState$$Lambda$977
instanceKlass org/apache/spark/sql/internal/SharedState$$$Lambda$976
instanceKlass org/apache/spark/sql/internal/SharedState$$$Lambda$975
instanceKlass org/apache/spark/sql/internal/SharedState$$$Lambda$974
instanceKlass org/apache/hadoop/fs/FsUrlStreamHandlerFactory
instanceKlass org/apache/spark/sql/internal/SharedState$
instanceKlass org/apache/spark/sql/SparkSession$$Lambda$973
instanceKlass org/apache/spark/sql/SparkSession$$Lambda$972
instanceKlass org/apache/spark/sql/SparkSession$$Lambda$971
instanceKlass org/apache/spark/sql/sources/InsertableRelation
instanceKlass org/apache/spark/sql/sources/PrunedFilteredScan
instanceKlass org/apache/spark/Partition
instanceKlass org/apache/spark/SparkContext$$Lambda$970
instanceKlass org/apache/spark/sql/catalyst/plans/logical/UnaryCommand
instanceKlass org/apache/spark/sql/SparkSession$$Lambda$969
instanceKlass org/apache/spark/sql/SparkSession$$$Lambda$968
instanceKlass org/apache/spark/sql/internal/StaticSQLConf$$$Lambda$967
instanceKlass org/apache/spark/sql/internal/StaticSQLConf$$$Lambda$966
instanceKlass org/apache/spark/sql/internal/StaticSQLConf$$$Lambda$965
instanceKlass org/apache/spark/sql/internal/StaticSQLConf$$$Lambda$964
instanceKlass org/apache/spark/sql/internal/StaticSQLConf$$$Lambda$963
instanceKlass org/apache/spark/sql/internal/StaticSQLConf$$$Lambda$962
instanceKlass org/apache/spark/sql/internal/SQLConf$$$Lambda$961
instanceKlass org/apache/spark/sql/internal/SQLConf$$$Lambda$960
instanceKlass org/apache/spark/sql/internal/SQLConf$RemovedConfig
instanceKlass org/apache/spark/sql/internal/SQLConf$$$Lambda$959
instanceKlass org/apache/spark/sql/internal/SQLConf$DeprecatedConfig
instanceKlass org/apache/spark/sql/internal/SQLConf$$$Lambda$958
instanceKlass org/apache/spark/sql/internal/SQLConf$$$Lambda$957
instanceKlass org/apache/spark/sql/internal/SQLConf$$$Lambda$956
instanceKlass org/apache/spark/sql/internal/SQLConf$$$Lambda$955
instanceKlass org/apache/spark/sql/internal/SQLConf$$$Lambda$954
instanceKlass org/apache/spark/sql/internal/SQLConf$$$Lambda$953
instanceKlass org/apache/spark/sql/internal/SQLConf$$$Lambda$952
instanceKlass org/apache/spark/sql/internal/SQLConf$$$Lambda$951
instanceKlass org/apache/spark/sql/internal/SQLConf$$$Lambda$950
instanceKlass org/apache/spark/sql/internal/SQLConf$$$Lambda$949
instanceKlass org/apache/spark/sql/internal/SQLConf$$$Lambda$948
instanceKlass org/apache/spark/sql/internal/SQLConf$$$Lambda$947
instanceKlass org/apache/spark/sql/internal/SQLConf$$$Lambda$946
instanceKlass org/apache/spark/sql/internal/SQLConf$$$Lambda$945
instanceKlass org/apache/spark/sql/internal/SQLConf$$$Lambda$944
instanceKlass org/apache/spark/sql/internal/SQLConf$$$Lambda$943
instanceKlass org/apache/spark/sql/internal/SQLConf$$$Lambda$942
instanceKlass org/apache/spark/sql/internal/SQLConf$$$Lambda$941
instanceKlass org/apache/spark/sql/internal/SQLConf$$$Lambda$940
instanceKlass org/apache/spark/sql/internal/SQLConf$$$Lambda$939
instanceKlass org/apache/spark/sql/internal/SQLConf$$$Lambda$938
instanceKlass org/apache/spark/sql/internal/SQLConf$$$Lambda$937
instanceKlass org/apache/spark/sql/internal/SQLConf$$$Lambda$936
instanceKlass org/apache/spark/sql/internal/SQLConf$$$Lambda$935
instanceKlass org/apache/spark/sql/internal/SQLConf$$$Lambda$934
instanceKlass org/apache/spark/sql/connector/catalog/CatalogManager$
instanceKlass org/apache/spark/sql/internal/SQLConf$$$Lambda$933
instanceKlass org/apache/spark/sql/internal/SQLConf$$$Lambda$932
instanceKlass org/apache/spark/sql/internal/SQLConf$$$Lambda$931
instanceKlass org/apache/spark/sql/internal/SQLConf$$$Lambda$930
instanceKlass org/apache/spark/sql/internal/SQLConf$$$Lambda$929
instanceKlass org/apache/spark/sql/internal/SQLConf$$$Lambda$928
instanceKlass org/apache/spark/sql/internal/SQLConf$$$Lambda$927
instanceKlass org/apache/spark/sql/internal/SQLConf$$$Lambda$926
instanceKlass org/apache/spark/sql/internal/SQLConf$$$Lambda$925
instanceKlass org/apache/spark/sql/internal/SQLConf$$$Lambda$924
instanceKlass org/apache/spark/sql/internal/SQLConf$$$Lambda$923
instanceKlass org/apache/spark/sql/internal/SQLConf$$$Lambda$922
instanceKlass org/apache/spark/sql/internal/SQLConf$$$Lambda$921
instanceKlass org/apache/spark/sql/internal/SQLConf$$$Lambda$920
instanceKlass org/apache/spark/sql/internal/SQLConf$$$Lambda$919
instanceKlass org/apache/spark/sql/internal/SQLConf$$$Lambda$918
instanceKlass org/apache/spark/sql/internal/SQLConf$$$Lambda$917
instanceKlass org/apache/spark/sql/internal/SQLConf$$$Lambda$916
instanceKlass org/apache/spark/sql/internal/SQLConf$$$Lambda$915
instanceKlass org/apache/spark/sql/internal/SQLConf$$$Lambda$914
instanceKlass org/apache/spark/sql/internal/SQLConf$$$Lambda$913
instanceKlass org/apache/spark/sql/internal/SQLConf$$$Lambda$912
instanceKlass org/apache/spark/sql/internal/SQLConf$$$Lambda$911
instanceKlass org/apache/spark/sql/internal/SQLConf$$$Lambda$910
instanceKlass org/apache/spark/sql/internal/SQLConf$$$Lambda$909
instanceKlass org/apache/spark/sql/internal/SQLConf$$$Lambda$908
instanceKlass org/apache/spark/sql/internal/SQLConf$$$Lambda$907
instanceKlass org/apache/spark/sql/internal/SQLConf$$$Lambda$906
instanceKlass org/apache/spark/sql/internal/SQLConf$$$Lambda$905
instanceKlass org/apache/spark/sql/internal/SQLConf$$$Lambda$904
instanceKlass org/apache/spark/sql/internal/SQLConf$$$Lambda$903
instanceKlass org/apache/spark/sql/internal/SQLConf$$$Lambda$902
instanceKlass org/apache/spark/sql/internal/SQLConf$$$Lambda$901
instanceKlass org/apache/spark/sql/internal/SQLConf$$$Lambda$900
instanceKlass org/apache/spark/sql/internal/SQLConf$$$Lambda$899
instanceKlass org/apache/spark/sql/internal/SQLConf$$$Lambda$898
instanceKlass org/apache/spark/sql/internal/SQLConf$$$Lambda$897
instanceKlass org/apache/spark/sql/internal/SQLConf$$$Lambda$896
instanceKlass org/apache/spark/sql/internal/SQLConf$$$Lambda$895
instanceKlass org/apache/spark/sql/internal/SQLConf$$$Lambda$894
instanceKlass org/apache/spark/sql/internal/SQLConf$$$Lambda$893
instanceKlass org/apache/spark/sql/internal/SQLConf$$$Lambda$892
instanceKlass org/apache/spark/sql/internal/SQLConf$$$Lambda$891
instanceKlass org/apache/spark/sql/internal/SQLConf$$$Lambda$890
instanceKlass org/apache/spark/sql/internal/SQLConf$$$Lambda$889
instanceKlass org/apache/spark/sql/internal/SQLConf$$$Lambda$888
instanceKlass org/apache/spark/sql/internal/SQLConf$$$Lambda$887
instanceKlass org/apache/spark/sql/internal/SQLConf$$$Lambda$886
instanceKlass org/apache/spark/sql/internal/SQLConf$$$Lambda$885
instanceKlass org/apache/spark/sql/internal/SQLConf$$$Lambda$884
instanceKlass org/apache/spark/sql/internal/SQLConf$$$Lambda$883
instanceKlass org/apache/spark/sql/internal/SQLConf$$$Lambda$882
instanceKlass org/apache/spark/sql/internal/SQLConf$$$Lambda$881
instanceKlass org/apache/spark/sql/internal/SQLConf$$$Lambda$880
instanceKlass org/apache/spark/sql/internal/SQLConf$$$Lambda$879
instanceKlass org/apache/spark/sql/internal/SQLConf$$$Lambda$878
instanceKlass org/apache/spark/sql/internal/SQLConf$$$Lambda$877
instanceKlass org/apache/spark/sql/internal/SQLConf$$$Lambda$876
instanceKlass org/apache/spark/sql/internal/SQLConf$$$Lambda$875
instanceKlass org/apache/spark/sql/internal/SQLConf$$$Lambda$874
instanceKlass org/apache/spark/sql/internal/SQLConf$
instanceKlass org/apache/spark/sql/internal/StaticSQLConf$
instanceKlass org/apache/spark/sql/SparkSession$
instanceKlass org/apache/spark/sql/streaming/DataStreamReader
instanceKlass org/apache/spark/sql/catalyst/expressions/package$NullIntolerant
instanceKlass org/apache/spark/sql/catalyst/expressions/NamedExpression
instanceKlass org/apache/spark/sql/catalyst/expressions/Unevaluable
instanceKlass org/apache/spark/sql/types/StructField
instanceKlass org/apache/spark/sql/internal/SharedState
instanceKlass org/apache/spark/sql/sources/BaseRelation
instanceKlass org/apache/spark/sql/catalyst/InternalRow
instanceKlass org/apache/spark/sql/catalyst/expressions/SpecializedGetters
instanceKlass org/apache/spark/sql/catalyst/encoders/ExpressionEncoder$Serializer
instanceKlass org/apache/spark/sql/streaming/StreamingQueryManager
instanceKlass scala/reflect/api/TypeTags$TypeTag
instanceKlass scala/reflect/api/TypeTags$WeakTypeTag
instanceKlass org/apache/spark/sql/internal/SessionState
instanceKlass org/apache/spark/sql/UDFRegistration
instanceKlass org/apache/spark/sql/ExperimentalMethods
instanceKlass org/apache/spark/sql/util/ExecutionListenerManager
instanceKlass org/apache/spark/sql/Encoder
instanceKlass org/apache/spark/sql/SQLContext
instanceKlass org/apache/spark/sql/SQLImplicits
instanceKlass org/apache/spark/sql/LowPrioritySQLImplicits
instanceKlass org/apache/spark/sql/internal/SQLConf
instanceKlass org/apache/spark/sql/RuntimeConfig
instanceKlass org/apache/spark/sql/SparkSessionExtensions
instanceKlass org/apache/spark/sql/Dataset
instanceKlass org/apache/spark/sql/catalyst/TableIdentifier
instanceKlass org/apache/spark/sql/catalyst/CatalystIdentifier
instanceKlass org/apache/spark/sql/DataFrameReader
instanceKlass org/apache/spark/sql/SparkSession$Builder
instanceKlass org/apache/spark/sql/catalyst/plans/logical/ExposesMetadataColumns
instanceKlass org/apache/spark/sql/execution/command/LeafRunnableCommand
instanceKlass org/apache/spark/sql/execution/command/RunnableCommand
instanceKlass org/apache/spark/sql/catalyst/plans/logical/Command
instanceKlass org/apache/spark/sql/catalog/Catalog
instanceKlass org/apache/spark/sql/catalyst/plans/logical/UnaryNode
instanceKlass org/apache/spark/sql/catalyst/trees/UnaryLike
instanceKlass org/apache/spark/sql/types/AbstractDataType
instanceKlass org/apache/spark/sql/catalyst/analysis/MultiInstanceRelation
instanceKlass org/apache/spark/sql/catalyst/analysis/NamedRelation
instanceKlass org/apache/spark/sql/catalyst/plans/logical/LeafNode
instanceKlass org/apache/spark/sql/catalyst/trees/LeafLike
instanceKlass org/apache/spark/sql/catalyst/trees/TreeNode
instanceKlass org/apache/spark/sql/catalyst/trees/TreePatternBits
instanceKlass org/apache/spark/sql/catalyst/SQLConfHelper
instanceKlass org/apache/spark/sql/catalyst/plans/logical/QueryPlanConstraints
instanceKlass org/apache/spark/sql/catalyst/plans/logical/ConstraintHelper
instanceKlass org/apache/spark/sql/catalyst/plans/logical/LogicalPlanDistinctKeys
instanceKlass org/apache/spark/sql/catalyst/plans/logical/statsEstimation/LogicalPlanStats
instanceKlass org/apache/spark/sql/catalyst/plans/logical/AnalysisHelper
instanceKlass org/apache/spark/sql/SparkSession
instanceKlass java/io/FileFilter
instanceKlass java/io/ObjectOutput
instanceKlass java/io/FilenameFilter
instanceKlass org/apache/spark/status/api/v1/ThreadStackTrace
instanceKlass org/apache/hadoop/io/compress/CompressionCodecFactory
instanceKlass org/apache/spark/util/Utils
instanceKlass org/apache/spark/SparkFiles
instanceKlass org/apache/spark/api/java/JavaSparkContext$
instanceKlass org/apache/spark/api/python/PythonUtils$
instanceKlass org/apache/spark/api/python/PythonUtils
instanceKlass org/apache/spark/CleanAccum
instanceKlass org/apache/spark/ContextCleaner$$Lambda$873
instanceKlass org/apache/spark/ContextCleaner$$Lambda$872
instanceKlass org/apache/spark/util/AccumulatorV2$$Lambda$871
instanceKlass org/apache/spark/util/AccumulatorContext$
instanceKlass org/apache/spark/util/AccumulatorMetadata
instanceKlass org/apache/spark/partial/PartialResult
instanceKlass org/apache/spark/partial/ApproximateEvaluator
instanceKlass org/apache/spark/SimpleFutureAction
instanceKlass org/apache/spark/FutureAction
instanceKlass org/apache/spark/Dependency
instanceKlass org/apache/spark/WritableConverter
instanceKlass org/apache/spark/status/api/v1/RDDStorageInfo
instanceKlass org/apache/spark/MapOutputStatistics
instanceKlass org/apache/spark/TaskContext
instanceKlass org/apache/spark/storage/RDDInfo
instanceKlass org/apache/spark/api/java/JavaSparkStatusTracker
instanceKlass org/apache/spark/api/java/Optional
instanceKlass org/apache/spark/SparkContext$$Lambda$870
instanceKlass org/apache/spark/internal/plugin/PluginContainer
instanceKlass org/apache/spark/SparkContext$$Lambda$869
instanceKlass org/apache/spark/SparkContext$$Lambda$868
instanceKlass org/apache/spark/executor/ExecutorMetricsSource$$Lambda$867
instanceKlass org/apache/spark/executor/ExecutorMetricsSource$$Lambda$866
instanceKlass org/apache/spark/executor/ExecutorMetricsSource$ExecutorMetricGauge
instanceKlass org/apache/spark/SparkContext$$Lambda$865
instanceKlass org/apache/spark/metrics/source/JVMCPUSource$$anon$1
instanceKlass org/apache/spark/metrics/source/JVMCPUSource
instanceKlass org/apache/spark/storage/BlockManagerSource$$Lambda$864
instanceKlass org/apache/spark/storage/BlockManagerSource$$Lambda$863
instanceKlass org/apache/spark/storage/BlockManagerSource$$Lambda$862
instanceKlass org/apache/spark/storage/BlockManagerSource$$Lambda$861
instanceKlass org/apache/spark/storage/BlockManagerSource$$Lambda$860
instanceKlass org/apache/spark/storage/BlockManagerSource$$Lambda$859
instanceKlass org/apache/spark/storage/BlockManagerSource$$Lambda$858
instanceKlass org/apache/spark/storage/BlockManagerSource$$Lambda$857
instanceKlass org/apache/spark/storage/BlockManagerSource$$Lambda$856
instanceKlass org/apache/spark/storage/BlockManagerSource$$anon$1
instanceKlass org/apache/spark/storage/BlockManagerSource$$Lambda$855
instanceKlass org/apache/spark/storage/BlockManagerSource
instanceKlass org/apache/spark/SparkContext$$Lambda$854
instanceKlass org/apache/spark/SparkContext$$Lambda$853
instanceKlass org/apache/spark/SparkContext$$Lambda$852
instanceKlass org/apache/spark/SparkContext$$Lambda$851
instanceKlass scala/Array$$$Lambda$850
instanceKlass org/apache/spark/metrics/MetricsSystem$$Lambda$849
instanceKlass org/apache/spark/metrics/MetricsSystem$$Lambda$848
instanceKlass org/apache/spark/metrics/sink/PrometheusServlet
instanceKlass org/apache/spark/metrics/MetricsSystem$$Lambda$847
instanceKlass org/apache/spark/ui/JettyUtils$ServletParams$$$Lambda$846
instanceKlass org/apache/spark/ui/JettyUtils$ServletParams$
instanceKlass org/apache/spark/metrics/sink/MetricsServlet$$Lambda$845
instanceKlass org/apache/spark/metrics/MetricsSystem$$Lambda$844
instanceKlass org/apache/spark/metrics/MetricsSystem$$Lambda$843
instanceKlass org/sparkproject/jetty/http/pathmap/MatchedPath$2
instanceKlass org/sparkproject/jetty/http/pathmap/MatchedPath$1
instanceKlass org/sparkproject/jetty/http/pathmap/MatchedPath
instanceKlass org/sparkproject/jetty/http/HttpContent
instanceKlass org/sparkproject/jetty/server/ResourceContentFactory
instanceKlass org/apache/spark/status/AppStatusListener$$Lambda$842
instanceKlass org/apache/spark/status/ApplicationInfoWrapper
instanceKlass org/apache/spark/status/api/v1/ApplicationInfo
instanceKlass scala/runtime/AbstractFunction7
instanceKlass scala/Function7
instanceKlass org/apache/spark/status/api/v1/ApplicationAttemptInfo
instanceKlass scala/runtime/AbstractFunction8
instanceKlass scala/Function8
instanceKlass org/apache/spark/status/AppStatusListener$$Lambda$841
instanceKlass org/apache/spark/status/ApplicationEnvironmentInfoWrapper
instanceKlass org/apache/spark/status/AppStatusListener$$Lambda$840
instanceKlass org/apache/spark/status/AppStatusListener$$Lambda$839
instanceKlass org/apache/spark/status/AppStatusListener$$Lambda$838
instanceKlass org/sparkproject/jetty/util/resource/Resource
instanceKlass org/apache/spark/status/AppStatusListener$$Lambda$837
instanceKlass org/apache/spark/status/AppStatusListener$$Lambda$836
instanceKlass org/apache/spark/status/AppStatusListener$$Lambda$835
instanceKlass org/apache/spark/status/AppStatusListener$$Lambda$834
instanceKlass org/apache/spark/status/api/v1/ApplicationEnvironmentInfo
instanceKlass org/apache/spark/status/api/v1/RuntimeInfo
instanceKlass java/util/stream/Nodes$ArrayNode
instanceKlass org/sparkproject/jetty/server/ResourceService$$Lambda$833
instanceKlass org/sparkproject/jetty/server/ResourceService$$Lambda$832
instanceKlass org/apache/spark/status/api/v1/MemoryMetrics
instanceKlass org/apache/spark/status/AppStatusListener$$Lambda$831
instanceKlass java/lang/invoke/LambdaForm$DMH
instanceKlass org/apache/spark/status/ElementTrackingStore$$Lambda$830
instanceKlass org/apache/spark/status/ElementTrackingStore$WriteSkippedQueue$
instanceKlass org/apache/spark/status/ElementTrackingStore$$Lambda$829
instanceKlass org/apache/spark/status/ElementTrackingStore$WriteQueued$
instanceKlass java/lang/invoke/LambdaForm$DMH
instanceKlass org/apache/spark/status/ElementTrackingStore$$anon$1
instanceKlass org/apache/spark/status/ElementTrackingStore$LatchedTriggers$$Lambda$828
instanceKlass org/apache/spark/status/ElementTrackingStore$$Lambda$827
instanceKlass org/apache/spark/status/ElementTrackingStore$$Lambda$826
instanceKlass org/apache/spark/util/kvstore/KVTypeInfo$FieldAccessor
instanceKlass org/apache/spark/status/LiveExecutor$$Lambda$825
instanceKlass org/apache/spark/status/api/v1/ExecutorSummary
instanceKlass org/apache/spark/status/AppStatusListener$$Lambda$824
instanceKlass org/apache/spark/status/AppStatusListener$$Lambda$823
instanceKlass org/apache/spark/status/AppStatusListener$$Lambda$822
instanceKlass org/apache/spark/status/AppStatusListener$$Lambda$821
instanceKlass org/apache/spark/status/AppStatusListener$$Lambda$820
instanceKlass org/apache/spark/executor/ExecutorMetrics
instanceKlass org/apache/spark/status/AppStatusListener$$Lambda$819
instanceKlass org/apache/spark/util/kvstore/KVTypeInfo$MethodAccessor
instanceKlass org/apache/spark/util/kvstore/KVTypeInfo$Accessor
instanceKlass org/apache/spark/annotation/Private
instanceKlass com/fasterxml/jackson/annotation/JacksonAnnotation
instanceKlass com/fasterxml/jackson/annotation/JsonIgnore
instanceKlass org/apache/spark/util/kvstore/KVIndex
instanceKlass org/apache/spark/util/kvstore/KVTypeInfo
instanceKlass org/apache/spark/util/kvstore/InMemoryStore$InMemoryLists$$Lambda$818
instanceKlass org/apache/spark/util/kvstore/InMemoryStore$InstanceList
instanceKlass org/apache/spark/status/ResourceProfileWrapper
instanceKlass org/apache/spark/HeartbeatReceiver$$Lambda$817
instanceKlass org/apache/spark/ui/SparkUI$$Lambda$816
instanceKlass org/apache/spark/status/api/v1/ResourceProfileInfo
instanceKlass com/codahale/metrics/WeightedSnapshot$WeightedSample
instanceKlass org/sparkproject/jetty/servlet/BaseHolder$Wrapped
instanceKlass org/apache/spark/scheduler/SparkListenerUnschedulableTaskSetRemoved
instanceKlass org/apache/spark/scheduler/SparkListenerUnschedulableTaskSetAdded
instanceKlass org/apache/spark/ui/ServerInfo$$Lambda$815
instanceKlass scala/collection/IndexedSeqOptimized$$Lambda$814
instanceKlass org/apache/spark/scheduler/SparkListenerSpeculativeTaskSubmitted
instanceKlass org/apache/spark/ui/ServerInfo$$Lambda$813
instanceKlass org/apache/spark/scheduler/SparkListenerBlockUpdated
instanceKlass org/apache/spark/ui/SparkUI$$Lambda$812
instanceKlass org/apache/spark/SparkContext$$Lambda$811
instanceKlass org/apache/spark/scheduler/SparkListenerNodeUnexcluded
instanceKlass org/apache/spark/SparkContext$$Lambda$810
instanceKlass org/apache/spark/util/logging/DriverLogger
instanceKlass org/apache/spark/scheduler/SparkListenerNodeExcluded
instanceKlass org/apache/spark/scheduler/SparkListenerExecutorUnexcluded
instanceKlass org/apache/spark/scheduler/SparkListenerExecutorExcluded
instanceKlass org/apache/spark/scheduler/SparkListenerNodeExcludedForStage
instanceKlass org/apache/spark/storage/BlockManager$RemoteBlockDownloadFileManager$$Lambda$809
instanceKlass org/apache/spark/storage/BlockManager$RemoteBlockDownloadFileManager$$Lambda$808
instanceKlass org/apache/spark/scheduler/SparkListenerExecutorExcludedForStage
instanceKlass org/apache/spark/scheduler/SparkListenerNodeUnblacklisted
instanceKlass org/apache/spark/scheduler/SparkListenerNodeBlacklisted
instanceKlass org/apache/spark/scheduler/SparkListenerExecutorUnblacklisted
instanceKlass org/apache/spark/SparkEnv$$$Lambda$807
instanceKlass org/apache/spark/scheduler/SparkListenerExecutorBlacklisted
instanceKlass org/apache/spark/scheduler/SparkListenerNodeBlacklistedForStage
instanceKlass scala/collection/convert/DecorateAsScala$$Lambda$806
instanceKlass org/apache/spark/scheduler/SparkListenerExecutorBlacklistedForStage
instanceKlass org/apache/spark/scheduler/SparkListenerExecutorRemoved
instanceKlass org/apache/spark/scheduler/SparkListenerStageExecutorMetrics
instanceKlass org/apache/spark/SparkEnv$$$Lambda$805
instanceKlass org/apache/spark/scheduler/SparkListenerExecutorMetricsUpdate
instanceKlass org/apache/spark/SparkEnv$$$Lambda$804
instanceKlass org/apache/spark/SparkEnv$$$Lambda$803
instanceKlass org/apache/spark/scheduler/SparkListenerApplicationEnd
instanceKlass org/apache/spark/scheduler/SparkListenerApplicationStart
instanceKlass org/apache/spark/SparkEnv$$$Lambda$802
instanceKlass scala/collection/MapLike$$Lambda$801
instanceKlass org/apache/spark/scheduler/SparkListenerUnpersistRDD
instanceKlass org/apache/spark/scheduler/SparkListenerBlockManagerRemoved
instanceKlass scala/collection/SeqLike$$Lambda$800
instanceKlass scala/math/Ordering$Tuple2Ordering
instanceKlass org/apache/spark/scheduler/SparkListenerEnvironmentUpdate
instanceKlass org/apache/spark/scheduler/SparkListenerTaskEnd
instanceKlass scala/util/PropertiesTrait$$Lambda$799
instanceKlass scala/util/PropertiesTrait$$Lambda$798
instanceKlass org/apache/spark/scheduler/SparkListenerTaskGettingResult
instanceKlass scala/util/PropertiesTrait$$Lambda$797
instanceKlass org/apache/spark/scheduler/SparkListenerTaskStart
instanceKlass scala/Option$WithFilter
instanceKlass scala/util/PropertiesTrait$$Lambda$796
instanceKlass org/apache/spark/scheduler/SparkListenerJobEnd
instanceKlass org/apache/spark/scheduler/SparkListenerJobStart
instanceKlass org/apache/spark/scheduler/SparkListenerStageCompleted
instanceKlass org/apache/spark/scheduler/SparkListenerStageSubmitted
instanceKlass scala/util/Properties$
instanceKlass scala/util/PropertiesTrait
instanceKlass com/codahale/metrics/Timer$Context
instanceKlass org/apache/spark/scheduler/AsyncEventQueue$$anon$3
instanceKlass org/apache/spark/scheduler/AsyncEventQueue$
instanceKlass org/apache/spark/scheduler/AsyncEventQueue$$Lambda$795
instanceKlass org/apache/spark/scheduler/AsyncEventQueue$$anon$2$$Lambda$794
instanceKlass org/apache/spark/scheduler/LiveListenerBus$$Lambda$793
instanceKlass org/apache/spark/scheduler/LiveListenerBus$$Lambda$792
instanceKlass org/apache/spark/SparkContext$$Lambda$791
instanceKlass org/apache/spark/SparkContext$$Lambda$790
instanceKlass org/apache/spark/ExecutorAllocationManager
instanceKlass org/apache/spark/ContextCleaner$
instanceKlass org/apache/spark/ContextCleaner$$Lambda$789
instanceKlass org/apache/spark/ContextCleaner$$Lambda$788
instanceKlass org/apache/spark/SparkContext$$Lambda$787
instanceKlass org/apache/spark/CleanupTask
instanceKlass org/apache/spark/ContextCleaner
instanceKlass org/apache/spark/metrics/MetricsSystem$$Lambda$786
instanceKlass com/fasterxml/jackson/databind/util/ArrayBuilders
instanceKlass com/fasterxml/jackson/databind/type/ClassKey
instanceKlass com/fasterxml/jackson/databind/ser/Serializers$Base
instanceKlass com/fasterxml/jackson/databind/ObjectMapper$1
instanceKlass com/codahale/metrics/MetricFilter$$Lambda$785
instanceKlass com/codahale/metrics/MetricFilter
instanceKlass com/fasterxml/jackson/core/Version
instanceKlass com/fasterxml/jackson/databind/ser/BeanSerializerModifier
instanceKlass com/fasterxml/jackson/databind/ser/Serializers
instanceKlass com/fasterxml/jackson/databind/cfg/SerializerFactoryConfig
instanceKlass java/util/Currency
instanceKlass com/fasterxml/jackson/databind/ser/std/StdJdkSerializers
instanceKlass com/fasterxml/jackson/databind/ser/std/NumberSerializers
instanceKlass com/fasterxml/jackson/databind/deser/DeserializerCache
instanceKlass com/fasterxml/jackson/databind/KeyDeserializer
instanceKlass com/fasterxml/jackson/databind/deser/std/StdKeyDeserializers
instanceKlass com/fasterxml/jackson/databind/deser/KeyDeserializers
instanceKlass com/fasterxml/jackson/databind/deser/ValueInstantiators
instanceKlass com/fasterxml/jackson/databind/AbstractTypeResolver
instanceKlass com/fasterxml/jackson/databind/deser/BeanDeserializerModifier
instanceKlass com/fasterxml/jackson/databind/cfg/DeserializerFactoryConfig
instanceKlass com/fasterxml/jackson/databind/PropertyName
instanceKlass com/fasterxml/jackson/databind/deser/Deserializers
instanceKlass com/fasterxml/jackson/annotation/ObjectIdGenerator
instanceKlass com/fasterxml/jackson/databind/deser/ResolvableDeserializer
instanceKlass com/fasterxml/jackson/databind/deser/ValueInstantiator$Gettable
instanceKlass com/fasterxml/jackson/databind/deser/ContextualDeserializer
instanceKlass com/fasterxml/jackson/databind/JsonDeserializer
instanceKlass com/fasterxml/jackson/databind/deser/NullValueProvider
instanceKlass com/fasterxml/jackson/databind/ser/SerializerCache
instanceKlass com/fasterxml/jackson/databind/ser/ResolvableSerializer
instanceKlass com/fasterxml/jackson/databind/ser/ContextualSerializer
instanceKlass com/fasterxml/jackson/databind/jsonschema/SchemaAware
instanceKlass com/fasterxml/jackson/databind/JsonSerializer
instanceKlass com/fasterxml/jackson/databind/jsonFormatVisitors/JsonFormatVisitable
instanceKlass com/fasterxml/jackson/databind/node/JsonNodeFactory
instanceKlass com/fasterxml/jackson/databind/node/JsonNodeCreator
instanceKlass com/fasterxml/jackson/databind/cfg/ContextAttributes
instanceKlass com/fasterxml/jackson/databind/cfg/DatatypeFeature
instanceKlass com/fasterxml/jackson/databind/cfg/DatatypeFeatures$DefaultHolder
instanceKlass com/fasterxml/jackson/databind/cfg/DatatypeFeatures
instanceKlass com/fasterxml/jackson/core/util/Separators
instanceKlass com/fasterxml/jackson/core/util/DefaultPrettyPrinter$NopIndenter
instanceKlass com/fasterxml/jackson/databind/cfg/ConfigFeature
instanceKlass com/fasterxml/jackson/databind/cfg/ConfigOverride
instanceKlass com/fasterxml/jackson/annotation/JsonFormat$Features
instanceKlass com/fasterxml/jackson/annotation/JsonFormat$Value
instanceKlass com/fasterxml/jackson/databind/cfg/CoercionConfig
instanceKlass com/fasterxml/jackson/databind/cfg/CoercionConfigs
instanceKlass com/fasterxml/jackson/databind/introspect/VisibilityChecker$Std
instanceKlass com/fasterxml/jackson/annotation/JsonSetter$Value
instanceKlass com/fasterxml/jackson/annotation/JsonInclude$Value
instanceKlass com/fasterxml/jackson/annotation/JacksonAnnotationValue
instanceKlass com/fasterxml/jackson/databind/cfg/ConfigOverrides
instanceKlass com/fasterxml/jackson/databind/introspect/AnnotatedClass$Creators
instanceKlass com/fasterxml/jackson/databind/introspect/AnnotationCollector$NoAnnotations
instanceKlass com/fasterxml/jackson/databind/util/Annotations
instanceKlass com/fasterxml/jackson/databind/introspect/AnnotationCollector
instanceKlass com/fasterxml/jackson/databind/introspect/AnnotatedClassResolver
instanceKlass com/fasterxml/jackson/databind/BeanDescription
instanceKlass com/fasterxml/jackson/databind/cfg/MapperConfig
instanceKlass com/fasterxml/jackson/databind/introspect/SimpleMixInResolver
instanceKlass com/fasterxml/jackson/databind/introspect/ClassIntrospector$MixInResolver
instanceKlass com/fasterxml/jackson/databind/util/RootNameLookup
instanceKlass com/fasterxml/jackson/core/sym/ByteQuadsCanonicalizer$TableInfo
instanceKlass com/fasterxml/jackson/core/sym/ByteQuadsCanonicalizer
instanceKlass com/fasterxml/jackson/core/sym/CharsToNameCanonicalizer$Bucket
instanceKlass com/fasterxml/jackson/core/sym/CharsToNameCanonicalizer$TableInfo
instanceKlass com/fasterxml/jackson/core/sym/CharsToNameCanonicalizer
instanceKlass com/fasterxml/jackson/core/io/CharTypes
instanceKlass com/fasterxml/jackson/core/io/JsonStringEncoder
instanceKlass com/fasterxml/jackson/core/io/SerializedString
instanceKlass com/fasterxml/jackson/core/util/DefaultPrettyPrinter$Indenter
instanceKlass com/fasterxml/jackson/core/util/DefaultPrettyPrinter
instanceKlass com/fasterxml/jackson/core/util/Instantiatable
instanceKlass com/fasterxml/jackson/core/PrettyPrinter
instanceKlass com/fasterxml/jackson/core/util/JacksonFeature
instanceKlass com/fasterxml/jackson/core/async/ByteBufferFeeder
instanceKlass com/fasterxml/jackson/core/async/ByteArrayFeeder
instanceKlass com/fasterxml/jackson/core/async/NonBlockingInputFeeder
instanceKlass com/fasterxml/jackson/core/TSFBuilder
instanceKlass com/fasterxml/jackson/core/SerializableString
instanceKlass com/fasterxml/jackson/databind/introspect/AccessorNamingStrategy
instanceKlass com/fasterxml/jackson/core/Base64Variant
instanceKlass com/fasterxml/jackson/core/Base64Variants
instanceKlass com/fasterxml/jackson/databind/type/TypeBindings
instanceKlass com/fasterxml/jackson/databind/type/TypeParser
instanceKlass com/fasterxml/jackson/databind/type/TypeFactory
instanceKlass com/fasterxml/jackson/databind/cfg/BaseSettings
instanceKlass java/util/concurrent/atomic/AtomicLongArray
instanceKlass com/fasterxml/jackson/databind/util/internal/Linked
instanceKlass com/fasterxml/jackson/databind/util/internal/PrivateMaxEntriesMap$Builder
instanceKlass com/fasterxml/jackson/databind/util/LRUMap
instanceKlass com/fasterxml/jackson/databind/util/LookupCache
instanceKlass java/beans/ConstructorProperties
instanceKlass java/beans/Transient
instanceKlass com/fasterxml/jackson/databind/util/ClassUtil$Ctor
instanceKlass com/fasterxml/jackson/databind/util/ClassUtil
instanceKlass com/fasterxml/jackson/databind/ext/Java7Support
instanceKlass com/fasterxml/jackson/annotation/JsonMerge
instanceKlass com/fasterxml/jackson/databind/annotation/JsonDeserialize
instanceKlass com/fasterxml/jackson/annotation/JsonManagedReference
instanceKlass com/fasterxml/jackson/annotation/JsonBackReference
instanceKlass com/fasterxml/jackson/annotation/JsonUnwrapped
instanceKlass com/fasterxml/jackson/annotation/JsonRawValue
instanceKlass com/fasterxml/jackson/annotation/JsonTypeInfo
instanceKlass com/fasterxml/jackson/annotation/JsonFormat
instanceKlass com/fasterxml/jackson/annotation/JsonView
instanceKlass com/fasterxml/jackson/databind/annotation/JsonSerialize
instanceKlass com/fasterxml/jackson/databind/introspect/ConcreteBeanPropertyBase
instanceKlass com/fasterxml/jackson/databind/BeanProperty
instanceKlass com/fasterxml/jackson/databind/introspect/BeanPropertyDefinition
instanceKlass com/fasterxml/jackson/databind/util/Named
instanceKlass com/fasterxml/jackson/databind/introspect/TypeResolutionContext
instanceKlass com/fasterxml/jackson/databind/introspect/Annotated
instanceKlass com/fasterxml/jackson/databind/jsontype/TypeResolverBuilder
instanceKlass com/fasterxml/jackson/databind/introspect/ClassIntrospector
instanceKlass com/fasterxml/jackson/databind/introspect/VisibilityChecker
instanceKlass com/fasterxml/jackson/core/JsonGenerator
instanceKlass com/fasterxml/jackson/core/type/ResolvedType
instanceKlass com/fasterxml/jackson/databind/Module$SetupContext
instanceKlass com/fasterxml/jackson/databind/jsontype/PolymorphicTypeValidator
instanceKlass com/fasterxml/jackson/databind/introspect/AccessorNamingStrategy$Provider
instanceKlass com/fasterxml/jackson/databind/AnnotationIntrospector
instanceKlass com/fasterxml/jackson/databind/ser/SerializerFactory
instanceKlass com/fasterxml/jackson/databind/deser/DeserializerFactory
instanceKlass com/fasterxml/jackson/databind/DatabindContext
instanceKlass com/fasterxml/jackson/databind/jsontype/SubtypeResolver
instanceKlass org/apache/spark/metrics/sink/MetricsServlet$$Lambda$784
instanceKlass org/apache/spark/metrics/sink/MetricsServlet$$Lambda$783
instanceKlass org/apache/spark/metrics/sink/MetricsServlet
instanceKlass org/apache/spark/metrics/sink/Sink
instanceKlass org/apache/spark/metrics/MetricsSystem$$Lambda$782
instanceKlass org/apache/spark/metrics/MetricsSystem$$Lambda$781
instanceKlass org/apache/spark/metrics/MetricsConfig$$Lambda$780
instanceKlass com/codahale/metrics/MetricRegistry$1
instanceKlass org/apache/spark/metrics/MetricsSystem$$Lambda$779
instanceKlass org/apache/spark/metrics/MetricsSystem$$Lambda$778
instanceKlass org/apache/spark/metrics/source/HiveCatalogMetrics$
instanceKlass org/apache/spark/metrics/source/CodegenMetrics$
instanceKlass org/apache/spark/metrics/source/StaticSources$
instanceKlass org/apache/spark/metrics/MetricsSystem$$Lambda$777
instanceKlass org/apache/spark/storage/FallbackStorage$
instanceKlass org/apache/spark/storage/BlockManager$$Lambda$776
instanceKlass org/apache/spark/storage/HostLocalDirManager
instanceKlass org/apache/spark/storage/BlockManagerMaster$$Lambda$775
instanceKlass org/apache/spark/scheduler/SparkListenerBlockManagerAdded
instanceKlass org/apache/spark/storage/BlockManagerInfo
instanceKlass scala/math/Ordering$Long$
instanceKlass scala/runtime/RichLong$
instanceKlass scala/runtime/RichLong
instanceKlass scala/runtime/IntegralProxy
instanceKlass scala/runtime/RangedProxy
instanceKlass org/apache/spark/storage/BlockManagerMasterEndpoint$$Lambda$774
instanceKlass scala/runtime/ScalaWholeNumberProxy
instanceKlass scala/runtime/ScalaNumberProxy
instanceKlass scala/runtime/OrderedProxy
instanceKlass scala/Proxy$Typed
instanceKlass org/apache/spark/storage/DefaultTopologyMapper$$Lambda$773
instanceKlass scala/runtime/LazyBoolean
instanceKlass org/apache/spark/storage/BlockManagerMessages$RegisterBlockManager
instanceKlass org/apache/spark/storage/BlockManagerMessages$ToBlockManagerMaster
instanceKlass org/apache/spark/storage/BlockManagerMaster$$Lambda$772
instanceKlass org/sparkproject/guava/util/concurrent/Uninterruptibles
instanceKlass org/sparkproject/guava/base/Platform
instanceKlass org/sparkproject/guava/cache/LocalCache$StrongEntry
instanceKlass org/sparkproject/guava/base/Stopwatch
instanceKlass org/sparkproject/guava/util/concurrent/ExecutionList
instanceKlass org/sparkproject/guava/util/concurrent/AbstractFuture
instanceKlass org/sparkproject/guava/cache/LocalCache$LoadingValueReference
instanceKlass org/apache/spark/storage/BlockManagerId
instanceKlass org/apache/spark/storage/BlockManagerId$
instanceKlass org/apache/spark/storage/BlockManager$$Lambda$771
instanceKlass org/apache/spark/storage/BlockManager$$Lambda$770
instanceKlass org/apache/spark/network/netty/NettyBlockTransferService$$Lambda$769
instanceKlass org/apache/spark/SparkContext$$Lambda$768
instanceKlass org/apache/spark/SparkContext$$Lambda$767
instanceKlass org/apache/spark/scheduler/cluster/ExecutorInfo
instanceKlass org/apache/spark/scheduler/SparkListenerExecutorAdded
instanceKlass org/apache/spark/executor/ExecutorMetricsPoller$$Lambda$766
instanceKlass org/apache/spark/executor/Executor$$Lambda$765
instanceKlass org/apache/spark/executor/Executor$$Lambda$764
instanceKlass org/apache/spark/executor/Executor$$Lambda$763
instanceKlass java/lang/ProcessImpl$2
instanceKlass java/lang/ProcessImpl$$Lambda$762
instanceKlass java/lang/invoke/LambdaForm$DMH
instanceKlass java/lang/Process
instanceKlass java/lang/ProcessBuilder
instanceKlass org/apache/hadoop/util/Shell$CommandExecutor
instanceKlass org/apache/hadoop/fs/FileUtil
instanceKlass sun/nio/fs/WindowsFileCopy
instanceKlass java/io/RandomAccessFile$1
instanceKlass org/apache/spark/ui/ConsoleProgressBar$$Lambda$761
instanceKlass org/apache/spark/status/AppStatusStore$$Lambda$760
instanceKlass scala/math/Ordering$$anon$1
instanceKlass org/apache/spark/status/AppStatusListener$$Lambda$759
instanceKlass org/apache/spark/status/AppStatusListener$$Lambda$758
instanceKlass org/apache/spark/status/api/v1/StageData
instanceKlass org/apache/spark/status/AppStatusListener$$Lambda$757
instanceKlass scala/collection/convert/DecorateAsScala$$Lambda$756
instanceKlass org/apache/spark/status/AppStatusStore$$Lambda$755
instanceKlass org/apache/spark/network/server/TransportRequestHandler$$Lambda$754
instanceKlass java/lang/invoke/LambdaForm$DMH
instanceKlass org/apache/spark/network/server/TransportRequestHandler$$Lambda$753
instanceKlass java/lang/invoke/LambdaForm$DMH
instanceKlass org/apache/spark/network/client/StreamInterceptor
instanceKlass sun/nio/ch/Util$4
instanceKlass sun/nio/ch/FileChannelImpl$Unmapper
instanceKlass java/nio/channels/FileChannel$MapMode
instanceKlass io/netty/util/AbstractReferenceCounted
instanceKlass org/apache/spark/network/protocol/ResponseMessage
instanceKlass scala/LowPriorityImplicits$$anon$4
instanceKlass io/netty/buffer/PoolThreadCache$MemoryRegionCache$Entry
instanceKlass org/apache/spark/network/protocol/MessageDecoder$1
instanceKlass io/netty/buffer/PoolThreadCache$MemoryRegionCache$1
instanceKlass io/netty/util/internal/PromiseNotificationUtil
instanceKlass io/netty/buffer/PoolThreadCache$MemoryRegionCache
instanceKlass io/netty/buffer/PoolArena$1
instanceKlass io/netty/buffer/PoolThreadCache$1
instanceKlass io/netty/channel/ChannelOutboundBuffer$Entry$1
instanceKlass io/netty/buffer/UnsafeByteBufUtil
instanceKlass io/netty/buffer/AbstractByteBufAllocator$1
instanceKlass io/netty/buffer/LongLongHashMap
instanceKlass org/apache/spark/rpc/netty/NettyRpcEnv$FileDownloadChannel$$Lambda$752
instanceKlass org/apache/spark/util/Utils$$$Lambda$751
instanceKlass io/netty/buffer/LongPriorityQueue
instanceKlass java/lang/invoke/LambdaForm$DMH
instanceKlass org/apache/spark/util/Utils$$$Lambda$750
instanceKlass java/lang/invoke/LambdaForm$DMH
instanceKlass io/netty/buffer/PoolChunk
instanceKlass io/netty/buffer/PoolChunkMetric
instanceKlass org/apache/spark/util/Utils$$$Lambda$749
instanceKlass io/netty/buffer/PooledUnsafeDirectByteBuf$1
instanceKlass org/apache/spark/network/protocol/Encoders$Strings
instanceKlass io/netty/util/internal/MathUtil
instanceKlass io/netty/handler/codec/CodecOutputList$CodecOutputLists
instanceKlass io/netty/handler/codec/CodecOutputList$1
instanceKlass io/netty/handler/codec/CodecOutputList$CodecOutputListRecycler
instanceKlass java/io/File$TempDirectory
instanceKlass java/nio/channels/Channels
instanceKlass io/netty/buffer/ByteBufHolder
instanceKlass io/netty/util/Recycler$DefaultHandle
instanceKlass io/netty/util/Recycler$LocalPool
instanceKlass io/netty/util/Recycler$1
instanceKlass io/netty/util/Recycler$Handle
instanceKlass io/netty/util/internal/ObjectPool$Handle
instanceKlass io/netty/util/Recycler
instanceKlass io/netty/util/internal/ObjectPool
instanceKlass org/apache/spark/rpc/netty/OnStop$
instanceKlass io/netty/channel/AbstractChannelHandlerContext$WriteTask$1
instanceKlass io/netty/util/internal/ObjectPool$ObjectCreator
instanceKlass org/apache/spark/rpc/netty/Dispatcher$$Lambda$748
instanceKlass io/netty/channel/AbstractChannelHandlerContext$WriteTask
instanceKlass org/apache/spark/rpc/netty/RemoteProcessConnected
instanceKlass io/netty/bootstrap/ServerBootstrap$ServerBootstrapAcceptor$2
instanceKlass org/apache/spark/rpc/netty/NettyRpcEnv$FileDownloadCallback
instanceKlass org/apache/logging/log4j/message/ParameterFormatter$$Lambda$747
instanceKlass org/apache/logging/log4j/message/ParameterFormatter
instanceKlass io/netty/util/ReferenceCountUtil
instanceKlass org/apache/logging/log4j/message/ParameterizedMessage
instanceKlass io/netty/util/internal/SocketUtils$5
instanceKlass io/netty/handler/timeout/IdleStateHandler$AbstractIdleTask
instanceKlass io/netty/channel/DefaultMaxMessagesRecvByteBufAllocator$MaxMessageHandle$1
instanceKlass io/netty/util/UncheckedBooleanSupplier
instanceKlass io/netty/util/BooleanSupplier
instanceKlass io/netty/channel/nio/AbstractNioChannel$AbstractNioUnsafe$2
instanceKlass io/netty/channel/DefaultMaxMessagesRecvByteBufAllocator$MaxMessageHandle
instanceKlass io/netty/channel/RecvByteBufAllocator$ExtendedHandle
instanceKlass io/netty/channel/nio/AbstractNioChannel$AbstractNioUnsafe$1
instanceKlass io/netty/util/internal/SocketUtils$3
instanceKlass io/netty/bootstrap/Bootstrap$3
instanceKlass io/netty/util/concurrent/GenericProgressiveFutureListener
instanceKlass io/netty/resolver/AddressResolverGroup$1
instanceKlass io/netty/resolver/AbstractAddressResolver
instanceKlass io/netty/resolver/AddressResolver
instanceKlass io/netty/resolver/SimpleNameResolver
instanceKlass io/netty/resolver/NameResolver
instanceKlass io/netty/handler/timeout/IdleStateHandler$1
instanceKlass io/netty/util/ResourceLeakDetectorFactory
instanceKlass io/netty/util/internal/ReferenceCountUpdater
instanceKlass io/netty/buffer/UnpooledByteBufAllocator$UnpooledByteBufAllocatorMetric
instanceKlass io/netty/buffer/Unpooled
instanceKlass org/apache/spark/network/client/MergedBlockMetaResponseCallback
instanceKlass org/apache/spark/network/protocol/AbstractMessage
instanceKlass org/apache/spark/network/protocol/RequestMessage
instanceKlass org/apache/spark/network/client/TransportClient$StdChannelListener
instanceKlass org/apache/spark/network/util/TransportFrameDecoder$Interceptor
instanceKlass org/apache/spark/network/server/MessageHandler
instanceKlass io/netty/bootstrap/Bootstrap$1
instanceKlass io/netty/channel/nio/AbstractNioByteChannel$1
instanceKlass io/netty/channel/FileRegion
instanceKlass io/netty/channel/socket/SocketChannelConfig
instanceKlass io/netty/channel/socket/DuplexChannelConfig
instanceKlass io/netty/resolver/AddressResolverGroup
instanceKlass org/apache/spark/network/client/TransportClient
instanceKlass org/apache/spark/network/client/TransportClientFactory$$Lambda$746
instanceKlass org/apache/spark/network/client/TransportClientFactory$ClientPool
instanceKlass org/apache/commons/lang3/tuple/Pair
instanceKlass org/apache/spark/rpc/netty/NettyRpcEnv$$Lambda$745
instanceKlass org/apache/spark/rpc/netty/NettyRpcEnv$$Lambda$744
instanceKlass org/apache/spark/rpc/netty/NettyRpcEnv$$Lambda$743
instanceKlass org/apache/spark/rpc/netty/NettyRpcEnv$$Lambda$742
instanceKlass org/apache/spark/rpc/netty/NettyRpcEnv$FileDownloadChannel
instanceKlass org/apache/spark/rpc/netty/NettyRpcEnv$$Lambda$741
instanceKlass org/apache/spark/rpc/netty/NettyRpcEnv$$Lambda$740
instanceKlass org/apache/spark/rpc/netty/NettyRpcEnv$$Lambda$739
instanceKlass org/apache/spark/util/Utils$$$Lambda$738
instanceKlass org/apache/spark/SparkFiles$$$Lambda$737
instanceKlass org/apache/spark/SparkFiles$
instanceKlass org/apache/spark/executor/Executor$$Lambda$736
instanceKlass org/apache/spark/executor/Executor$$Lambda$735
instanceKlass org/apache/spark/executor/Executor$$Lambda$734
instanceKlass org/apache/spark/executor/Executor$$Lambda$733
instanceKlass org/apache/spark/executor/Executor$$Lambda$732
instanceKlass org/apache/spark/executor/Executor$$Lambda$731
instanceKlass org/apache/spark/executor/Executor$$Lambda$730
instanceKlass org/apache/spark/executor/Executor$$Lambda$729
instanceKlass org/apache/spark/executor/Executor$$Lambda$728
instanceKlass org/apache/spark/executor/Executor$$Lambda$727
instanceKlass org/apache/spark/executor/Executor$$Lambda$726
instanceKlass org/apache/spark/executor/Executor$$Lambda$725
instanceKlass scala/runtime/LazyRef
instanceKlass scala/Tuple3
instanceKlass scala/Product3
instanceKlass org/apache/spark/executor/Executor$$Lambda$724
instanceKlass org/apache/spark/executor/Executor$$Lambda$723
instanceKlass org/apache/spark/executor/Executor$$Lambda$722
instanceKlass org/apache/spark/executor/Executor$$Lambda$721
instanceKlass scala/concurrent/Promise$$Lambda$720
instanceKlass scala/concurrent/impl/Promise$$Lambda$719
instanceKlass scala/concurrent/Future$$Lambda$718
instanceKlass org/apache/spark/rpc/netty/NettyRpcEnv$$Lambda$717
instanceKlass org/apache/spark/rpc/netty/RpcEndpointVerifier$CheckExistence
instanceKlass org/apache/spark/rpc/RpcEndpointAddress$
instanceKlass org/apache/spark/executor/Executor$$Lambda$716
instanceKlass org/apache/spark/executor/ExecutorMetricsPoller
instanceKlass org/apache/spark/executor/Executor$$anon$1
instanceKlass com/esotericsoftware/kryo/pool/KryoPoolQueueImpl
instanceKlass com/esotericsoftware/kryo/pool/SoftReferenceQueue
instanceKlass org/apache/spark/serializer/KryoSerializer$$anon$1
instanceKlass com/esotericsoftware/kryo/pool/KryoPool$Builder
instanceKlass org/apache/spark/serializer/KryoSerializer$PoolWrapper
instanceKlass org/apache/spark/executor/Executor$$Lambda$715
instanceKlass org/apache/spark/executor/Executor$$Lambda$714
instanceKlass org/apache/spark/executor/Executor$$Lambda$713
instanceKlass org/apache/spark/executor/ExecutorSource$$Lambda$712
instanceKlass org/apache/spark/executor/ExecutorSource$$Lambda$711
instanceKlass org/apache/spark/executor/ExecutorSource$$Lambda$710
instanceKlass org/apache/spark/executor/ExecutorSource$$Lambda$709
instanceKlass org/apache/spark/executor/ExecutorSource$$anon$1
instanceKlass org/apache/spark/executor/ExecutorSource$$Lambda$708
instanceKlass org/apache/spark/executor/ExecutorSource$$Lambda$707
instanceKlass org/apache/spark/executor/ExecutorSource$$anon$6
instanceKlass org/apache/spark/executor/ExecutorSource$$anon$5
instanceKlass org/apache/spark/executor/ExecutorSource$$anon$4
instanceKlass org/apache/spark/executor/ExecutorSource$$anon$3
instanceKlass org/apache/spark/executor/ExecutorSource$$anon$2
instanceKlass org/apache/spark/executor/ExecutorSource
instanceKlass org/apache/spark/executor/Executor$$Lambda$706
instanceKlass org/apache/spark/executor/Executor$$Lambda$705
instanceKlass org/apache/spark/executor/Executor$$Lambda$704
instanceKlass org/apache/spark/util/Utils$$$Lambda$703
instanceKlass org/apache/spark/executor/Executor$$Lambda$702
instanceKlass org/apache/spark/executor/Executor$$Lambda$701
instanceKlass org/apache/spark/executor/Executor
instanceKlass org/apache/spark/executor/Executor$
instanceKlass org/apache/spark/scheduler/local/LocalEndpoint
instanceKlass org/apache/spark/Heartbeater$$anon$1
instanceKlass java/lang/Math$RandomNumberGeneratorHolder
instanceKlass org/apache/spark/SparkContext$$Lambda$700
instanceKlass org/apache/spark/Heartbeater
instanceKlass org/apache/spark/executor/ExecutorMetricsSource$$Lambda$699
instanceKlass scala/collection/mutable/LinkedEntry
instanceKlass org/apache/spark/metrics/ExecutorMetricType$$$Lambda$698
instanceKlass java/lang/invoke/LambdaForm$DMH
instanceKlass org/apache/spark/metrics/ExecutorMetricType$$$Lambda$697
instanceKlass org/apache/spark/metrics/ProcessTreeMetrics$
instanceKlass javax/management/MBeanServerInvocationHandler
instanceKlass java/lang/management/ManagementFactory$$Lambda$696
instanceKlass org/apache/spark/metrics/MBeanExecutorMetricType
instanceKlass org/apache/spark/metrics/MemoryManagerExecutorMetricType
instanceKlass org/apache/spark/metrics/JVMOffHeapMemory$
instanceKlass org/apache/spark/metrics/JVMHeapMemory$
instanceKlass org/apache/spark/metrics/SingleValueExecutorMetricType
instanceKlass org/apache/spark/metrics/ExecutorMetricType$
instanceKlass org/apache/spark/executor/ExecutorMetricsSource
instanceKlass java/util/concurrent/BlockingDeque
instanceKlass org/apache/spark/util/EventLoop
instanceKlass org/apache/spark/scheduler/DAGSchedulerSource$$anon$5
instanceKlass org/apache/spark/scheduler/DAGSchedulerSource$$anon$4
instanceKlass org/apache/spark/scheduler/DAGSchedulerSource$$anon$3
instanceKlass org/apache/spark/scheduler/DAGSchedulerSource$$anon$2
instanceKlass org/apache/spark/scheduler/DAGSchedulerSource$$anon$1
instanceKlass org/apache/spark/scheduler/DAGSchedulerSource
instanceKlass org/apache/spark/scheduler/DAGScheduler$
instanceKlass org/apache/spark/scheduler/JobListener
instanceKlass org/apache/spark/scheduler/JobResult
instanceKlass org/apache/spark/scheduler/Stage
instanceKlass org/apache/spark/scheduler/DAGScheduler
instanceKlass org/apache/spark/scheduler/FIFOSchedulableBuilder
instanceKlass org/apache/spark/launcher/LauncherBackend$$Lambda$695
instanceKlass org/apache/spark/launcher/LauncherBackend$$Lambda$694
instanceKlass org/apache/spark/launcher/LauncherBackend$$Lambda$693
instanceKlass org/apache/spark/launcher/LauncherProtocol$Message
instanceKlass org/apache/spark/scheduler/local/LocalSchedulerBackend$$Lambda$692
instanceKlass org/apache/spark/scheduler/local/LocalSchedulerBackend$$Lambda$691
instanceKlass org/apache/spark/scheduler/local/LocalSchedulerBackend$$Lambda$690
instanceKlass org/apache/spark/rpc/netty/NettyRpcEnv$$Lambda$689
instanceKlass org/apache/spark/launcher/LauncherBackend
instanceKlass scala/concurrent/Future$$Lambda$688
instanceKlass org/apache/spark/scheduler/local/LocalSchedulerBackend
instanceKlass org/apache/spark/executor/ExecutorBackend
instanceKlass scala/concurrent/BatchingExecutor$Batch$$Lambda$687
instanceKlass scala/concurrent/BlockContext$DefaultBlockContext$
instanceKlass scala/concurrent/BlockContext$
instanceKlass scala/concurrent/BatchingExecutor$Batch
instanceKlass scala/concurrent/BlockContext
instanceKlass org/apache/spark/scheduler/TaskResultGetter
instanceKlass org/apache/spark/scheduler/FIFOSchedulingAlgorithm
instanceKlass scala/concurrent/impl/Promise$$Lambda$686
instanceKlass scala/concurrent/Future$$Lambda$685
instanceKlass org/apache/spark/scheduler/SchedulingAlgorithm
instanceKlass scala/concurrent/Future$$Lambda$684
instanceKlass org/apache/spark/scheduler/Pool
instanceKlass scala/concurrent/impl/Promise$KeptPromise$Successful
instanceKlass scala/concurrent/impl/Promise$KeptPromise$Kept
instanceKlass org/apache/spark/rpc/netty/RpcFailure
instanceKlass scala/Enumeration$$Lambda$683
instanceKlass scala/concurrent/impl/Promise$KeptPromise$
instanceKlass scala/concurrent/impl/Promise$
instanceKlass scala/Enumeration$ValueSet$$Lambda$682
instanceKlass org/apache/spark/HeartbeatReceiver$$Lambda$681
instanceKlass org/apache/spark/HeartbeatReceiver$$Lambda$680
instanceKlass scala/concurrent/Future$
instanceKlass org/apache/spark/SparkConf$$Lambda$679
instanceKlass org/apache/spark/HeartbeatReceiver$$Lambda$678
instanceKlass java/lang/invoke/LambdaForm$DMH
instanceKlass org/apache/spark/TaskSchedulerIsSet$
instanceKlass scala/concurrent/Future$InternalCallbackExecutor$
instanceKlass scala/concurrent/BatchingExecutor
instanceKlass org/apache/spark/ExecutorRemoved
instanceKlass org/apache/spark/scheduler/TaskSchedulerImpl$
instanceKlass org/apache/spark/ExecutorRegistered
instanceKlass org/apache/spark/rpc/AbortableRpcFuture
instanceKlass org/apache/spark/rpc/netty/NettyRpcEnv$$Lambda$677
instanceKlass org/apache/spark/rpc/netty/Inbox$$Lambda$676
instanceKlass org/apache/spark/rpc/netty/NettyRpcEnv$$anon$1
instanceKlass org/apache/spark/rpc/netty/Dispatcher$$Lambda$675
instanceKlass org/apache/spark/scheduler/Schedulable
instanceKlass scala/concurrent/impl/CallbackRunnable
instanceKlass scala/concurrent/OnCompleteRunnable
instanceKlass org/apache/spark/rpc/netty/NettyRpcEnv$$Lambda$674
instanceKlass org/apache/spark/scheduler/SchedulableBuilder
instanceKlass org/apache/spark/scheduler/TaskSchedulerImpl
instanceKlass scala/concurrent/impl/Promise
instanceKlass org/apache/spark/scheduler/TaskScheduler
instanceKlass scala/concurrent/Promise
instanceKlass scala/concurrent/Promise$
instanceKlass org/apache/spark/rpc/netty/RequestMessage
instanceKlass org/apache/spark/ExpireDeadHosts$
instanceKlass org/apache/spark/resource/ResourceUtils$$$Lambda$673
instanceKlass org/apache/spark/HeartbeatReceiver$$Lambda$672
instanceKlass scala/concurrent/Future
instanceKlass org/apache/spark/resource/ResourceProfile$$$Lambda$671
instanceKlass org/apache/spark/resource/ResourceProfile$$Lambda$670
instanceKlass org/apache/spark/resource/ResourceProfile$$Lambda$669
instanceKlass org/apache/spark/api/plugin/SparkPlugin
instanceKlass org/apache/spark/rpc/RpcEndpoint$$Lambda$668
instanceKlass org/apache/spark/HeartbeatReceiver$$Lambda$667
instanceKlass org/apache/spark/internal/plugin/PluginContainer$$$Lambda$666
instanceKlass org/apache/spark/internal/plugin/PluginContainer$$$Lambda$665
instanceKlass java/util/concurrent/FutureTask$WaitNode
instanceKlass scala/collection/convert/DecorateAsJava$$Lambda$664
instanceKlass java/util/concurrent/FutureTask
instanceKlass org/apache/spark/internal/plugin/PluginContainer$
instanceKlass org/apache/spark/HeartbeatReceiver$$Lambda$663
instanceKlass org/apache/spark/HeartbeatReceiver$$Lambda$662
instanceKlass org/apache/spark/HeartbeatReceiver$$Lambda$661
instanceKlass org/apache/spark/HeartbeatReceiver$$Lambda$660
instanceKlass org/apache/spark/util/SystemClock
instanceKlass org/apache/spark/util/Clock
instanceKlass org/apache/spark/HeartbeatReceiver$
instanceKlass org/apache/spark/SparkContext$$Lambda$659
instanceKlass org/apache/spark/shuffle/sort/io/LocalDiskShuffleDriverComponents
instanceKlass org/apache/spark/shuffle/ShuffleDataIOUtils$$$Lambda$658
instanceKlass org/apache/spark/util/Utils$$$Lambda$657
instanceKlass org/apache/spark/util/Utils$$$Lambda$656
instanceKlass org/apache/spark/shuffle/api/ShuffleDriverComponents
instanceKlass org/apache/spark/shuffle/api/ShuffleExecutorComponents
instanceKlass org/apache/spark/util/Utils$$$Lambda$655
instanceKlass org/apache/spark/shuffle/ShuffleDataIOUtils$
instanceKlass org/apache/spark/SparkContext$$Lambda$654
instanceKlass org/apache/spark/SparkContext$$Lambda$653
instanceKlass org/apache/spark/SparkContext$$Lambda$652
instanceKlass org/apache/spark/SparkContext$$Lambda$651
instanceKlass org/apache/spark/SparkContext$$Lambda$650
instanceKlass org/apache/spark/SparkContext$$$Lambda$649
instanceKlass org/apache/spark/SparkContext$$$Lambda$648
instanceKlass org/apache/spark/SparkContext$$$Lambda$647
instanceKlass org/apache/spark/SparkContext$$$Lambda$646
instanceKlass org/apache/spark/SparkContext$$Lambda$645
instanceKlass org/apache/spark/SparkContext$$Lambda$644
instanceKlass scala/collection/SetLike$$Lambda$643
instanceKlass java/lang/invoke/LambdaForm$MH
instanceKlass java/lang/invoke/LambdaForm$DMH
instanceKlass org/apache/spark/SparkContext$$Lambda$642
instanceKlass scala/collection/TraversableLike$$Lambda$641
instanceKlass org/apache/spark/SparkContext$$Lambda$640
instanceKlass org/apache/spark/rpc/netty/NettyStreamManager$$Lambda$639
instanceKlass org/apache/spark/SparkContext$$Lambda$638
instanceKlass org/sparkproject/jetty/server/handler/gzip/GzipHttpOutputInterceptor
instanceKlass org/sparkproject/jetty/servlet/ServletHolder$$Lambda$637
instanceKlass org/sparkproject/jetty/servlet/ServletHolder$WrapFunction
instanceKlass org/sparkproject/jetty/servlet/Holder$HolderRegistration
instanceKlass javax/servlet/annotation/ServletSecurity
instanceKlass java/util/stream/StreamSpliterators$WrappingSpliterator$$Lambda$636
instanceKlass org/sparkproject/jetty/servlet/Holder$HolderConfig
instanceKlass org/sparkproject/jetty/servlet/FilterHolder$$Lambda$635
instanceKlass java/lang/invoke/LambdaForm$DMH
instanceKlass org/sparkproject/jetty/servlet/FilterHolder$WrapFunction
instanceKlass java/util/stream/Streams$2
instanceKlass java/util/stream/StreamSpliterators$AbstractWrappingSpliterator
instanceKlass java/util/stream/AbstractPipeline$$Lambda$634
instanceKlass java/util/stream/Streams$ConcatSpliterator
instanceKlass java/util/stream/SortedOps
instanceKlass org/sparkproject/jetty/server/handler/ContextHandler$1
instanceKlass org/sparkproject/jetty/servlet/ServletHandler$$Lambda$633
instanceKlass org/sparkproject/jetty/servlet/ServletHandler$$Lambda$632
instanceKlass org/sparkproject/jetty/servlet/ServletContextHandler$ServletContainerInitializerCaller
instanceKlass org/sparkproject/jetty/server/handler/ContextHandlerCollection$Branch
instanceKlass org/sparkproject/jetty/http/pathmap/PathMappings$1
instanceKlass org/sparkproject/jetty/http/pathmap/AbstractPathSpec
instanceKlass org/sparkproject/jetty/http/MimeTypes$$Lambda$631
instanceKlass org/sparkproject/jetty/http/MimeTypes$$Lambda$630
instanceKlass org/sparkproject/jetty/http/MimeTypes$$Lambda$629
instanceKlass java/lang/invoke/LambdaForm$DMH
instanceKlass org/sparkproject/jetty/http/MimeTypes$$Lambda$628
instanceKlass org/sparkproject/jetty/http/MimeTypes
instanceKlass java/util/Comparator$$Lambda$627
instanceKlass org/sparkproject/jetty/http/pathmap/PathMappings$$Lambda$626
instanceKlass org/sparkproject/jetty/http/pathmap/MappedResource
instanceKlass org/sparkproject/jetty/http/pathmap/PathMappings
instanceKlass org/sparkproject/jetty/util/IncludeExcludeSet$SetContainsPredicate
instanceKlass org/sparkproject/jetty/util/IncludeExcludeSet
instanceKlass org/sparkproject/jetty/server/HttpInput$Interceptor
instanceKlass org/sparkproject/jetty/servlet/FilterMapping
instanceKlass javax/servlet/FilterRegistration$Dynamic
instanceKlass javax/servlet/FilterConfig
instanceKlass org/apache/spark/ui/HttpSecurityFilter
instanceKlass org/apache/spark/ui/ServerInfo$$Lambda$625
instanceKlass org/apache/spark/ui/JettyUtils$$$Lambda$623
instanceKlass java/util/stream/Collectors$$Lambda$624
instanceKlass java/util/stream/Collectors$$Lambda$622
instanceKlass java/util/stream/Collectors$$Lambda$621
instanceKlass java/util/stream/Collectors$$Lambda$620
instanceKlass org/sparkproject/jetty/server/AbstractConnector$Acceptor
instanceKlass org/sparkproject/jetty/util/thread/strategy/EatWhatYouKill$1
instanceKlass org/sparkproject/jetty/io/ManagedSelector$Start
instanceKlass org/sparkproject/jetty/io/ManagedSelector$$Lambda$619
instanceKlass java/lang/invoke/LambdaForm$DMH
instanceKlass org/sparkproject/jetty/io/ManagedSelector$SelectorProducer
instanceKlass org/sparkproject/jetty/util/statistic/SampleStatistic$$Lambda$618
instanceKlass java/util/function/LongBinaryOperator
instanceKlass java/lang/invoke/LambdaForm$DMH
instanceKlass org/sparkproject/jetty/util/statistic/SampleStatistic
instanceKlass org/sparkproject/jetty/util/thread/ExecutionStrategy
instanceKlass org/sparkproject/jetty/util/thread/ExecutionStrategy$Producer
instanceKlass org/sparkproject/jetty/util/thread/ScheduledExecutorScheduler$$Lambda$617
instanceKlass org/sparkproject/jetty/server/ConnectionFactory$Detecting
instanceKlass org/sparkproject/jetty/util/component/Container$InheritedListener
instanceKlass org/sparkproject/jetty/io/SelectorManager$$Lambda$616
instanceKlass java/util/function/IntUnaryOperator
instanceKlass org/sparkproject/jetty/io/ManagedSelector$SelectorUpdate
instanceKlass org/sparkproject/jetty/server/AbstractConnector$1
instanceKlass org/sparkproject/jetty/io/AbstractByteBufferPool$$Lambda$615
instanceKlass org/sparkproject/jetty/io/AbstractByteBufferPool$$Lambda$614
instanceKlass java/lang/invoke/LambdaForm$DMH
instanceKlass org/sparkproject/jetty/io/ByteBufferPool$Bucket
instanceKlass org/sparkproject/jetty/io/AbstractByteBufferPool
instanceKlass org/sparkproject/jetty/server/HttpChannel$1
instanceKlass org/sparkproject/jetty/server/RequestLog
instanceKlass org/sparkproject/jetty/server/HttpChannel$Listener
instanceKlass org/sparkproject/jetty/server/HttpChannel
instanceKlass org/sparkproject/jetty/server/HttpOutput$Interceptor
instanceKlass org/sparkproject/jetty/util/component/Graceful$Shutdown
instanceKlass org/sparkproject/jetty/io/IdleTimeout
instanceKlass org/sparkproject/jetty/io/EndPoint
instanceKlass org/sparkproject/jetty/io/ManagedSelector$Selectable
instanceKlass org/sparkproject/jetty/io/ByteBufferPool
instanceKlass org/sparkproject/jetty/server/NetworkConnector
instanceKlass org/sparkproject/jetty/http/HttpCompliance$1
instanceKlass org/sparkproject/jetty/io/Connection$UpgradeTo
instanceKlass org/sparkproject/jetty/io/Connection$UpgradeFrom
instanceKlass org/sparkproject/jetty/io/WriteFlusher$Listener
instanceKlass org/sparkproject/jetty/server/HttpTransport
instanceKlass org/sparkproject/jetty/io/AbstractConnection
instanceKlass org/sparkproject/jetty/io/Connection
instanceKlass org/sparkproject/jetty/server/HttpConfiguration$Customizer
instanceKlass org/sparkproject/jetty/server/HttpConfiguration$ConnectionFactory
instanceKlass org/sparkproject/jetty/server/ConnectionFactory
instanceKlass org/apache/spark/ui/JettyUtils$$$Lambda$613
instanceKlass java/lang/invoke/LambdaForm$MH
instanceKlass java/lang/invoke/LambdaForm$DMH
instanceKlass java/lang/invoke/LambdaForm$DMH
instanceKlass org/apache/spark/ui/JettyUtils$$$Lambda$612
instanceKlass java/lang/invoke/LambdaForm$DMH
instanceKlass org/apache/spark/ui/JettyUtils$$$Lambda$611
instanceKlass org/sparkproject/jetty/util/thread/PrivilegedThreadFactory$1
instanceKlass org/sparkproject/jetty/util/thread/PrivilegedThreadFactory
instanceKlass org/sparkproject/jetty/util/thread/QueuedThreadPool$$Lambda$610
instanceKlass java/util/stream/ReduceOps$5ReducingSink
instanceKlass java/util/stream/IntPipeline$$Lambda$609
instanceKlass java/util/function/IntBinaryOperator
instanceKlass org/sparkproject/jetty/util/thread/ThreadPoolBudget$$Lambda$608
instanceKlass java/util/function/ToIntFunction
instanceKlass org/sparkproject/jetty/util/thread/ThreadPoolBudget$Leased
instanceKlass org/sparkproject/jetty/util/ProcessorUtils
instanceKlass org/sparkproject/jetty/util/thread/ReservedThreadExecutor$1
instanceKlass org/sparkproject/jetty/http/HttpStatus
instanceKlass org/sparkproject/jetty/http/HttpGenerator$PreparedResponse
instanceKlass org/sparkproject/jetty/util/BufferUtil
instanceKlass org/sparkproject/jetty/http/MetaData
instanceKlass org/sparkproject/jetty/http/HttpFields
instanceKlass org/sparkproject/jetty/http/HttpGenerator
instanceKlass org/sparkproject/jetty/server/HttpConfiguration
instanceKlass org/sparkproject/jetty/server/ShutdownMonitor$Holder
instanceKlass org/sparkproject/jetty/server/ShutdownMonitor
instanceKlass org/sparkproject/jetty/server/handler/ErrorHandler$ErrorPageMapper
instanceKlass org/sparkproject/jetty/util/thread/Scheduler$Task
instanceKlass org/sparkproject/jetty/util/thread/SerializedExecutor
instanceKlass org/sparkproject/jetty/server/handler/HandlerCollection$Handlers
instanceKlass org/sparkproject/jetty/util/thread/Locker$Lock
instanceKlass org/sparkproject/jetty/util/thread/Locker
instanceKlass org/sparkproject/jetty/util/thread/ThreadPoolBudget$1
instanceKlass org/sparkproject/jetty/util/thread/ThreadPoolBudget$Lease
instanceKlass org/sparkproject/jetty/util/thread/ThreadPoolBudget
instanceKlass org/sparkproject/jetty/util/MemoryUtils$1
instanceKlass org/sparkproject/jetty/util/MemoryUtils
instanceKlass org/sparkproject/jetty/util/thread/QueuedThreadPool$Runner
instanceKlass org/sparkproject/jetty/util/thread/QueuedThreadPool$$Lambda$607
instanceKlass org/sparkproject/jetty/util/thread/TryExecutor$1
instanceKlass org/sparkproject/jetty/util/thread/TryExecutor
instanceKlass org/sparkproject/jetty/util/thread/ThreadPool$SizedThreadPool
instanceKlass org/apache/spark/ui/JettyUtils$$$Lambda$606
instanceKlass org/apache/spark/ui/WebUI$$Lambda$605
instanceKlass org/apache/spark/ui/SparkUI$$Lambda$604
instanceKlass org/apache/spark/SparkContext$$Lambda$603
instanceKlass org/apache/spark/ui/SparkUI$$Lambda$602
instanceKlass org/apache/spark/ui/SparkUI$$Lambda$601
instanceKlass org/apache/spark/ui/SparkUI$$Lambda$600
instanceKlass org/apache/spark/ui/SparkUI$$Lambda$599
instanceKlass org/apache/spark/status/api/v1/UIRootFromServletContext$
instanceKlass org/glassfish/jersey/server/spi/Container
instanceKlass javax/servlet/Filter
instanceKlass org/apache/spark/status/api/v1/ApiRootResource$
instanceKlass org/apache/spark/ui/JettyUtils$$$Lambda$598
instanceKlass org/sparkproject/jetty/http/CompressedContentFormat
instanceKlass org/sparkproject/jetty/util/MathUtils
instanceKlass org/sparkproject/jetty/util/AbstractTrie
instanceKlass org/sparkproject/jetty/util/StringUtil
instanceKlass org/sparkproject/jetty/util/Trie
instanceKlass org/sparkproject/jetty/http/Http1FieldPreEncoder
instanceKlass java/net/URLClassLoader$3$1
instanceKlass java/net/URLClassLoader$3
instanceKlass org/sparkproject/jetty/http/HttpFieldPreEncoder
instanceKlass org/sparkproject/jetty/util/Callback
instanceKlass org/sparkproject/jetty/util/thread/Invocable
instanceKlass org/sparkproject/jetty/server/ResourceService
instanceKlass org/sparkproject/jetty/http/HttpContent$ContentFactory
instanceKlass org/sparkproject/jetty/server/ResourceService$WelcomeFactory
instanceKlass org/sparkproject/jetty/util/resource/ResourceFactory
instanceKlass org/apache/spark/ui/storage/ToolTips$
instanceKlass scala/xml/NodeBuffer$$Lambda$597
instanceKlass org/apache/spark/ui/jobs/StagePage$$Lambda$596
instanceKlass org/apache/spark/ui/WebUI$$Lambda$595
instanceKlass org/apache/spark/ui/WebUI$$Lambda$594
instanceKlass org/apache/spark/ui/ServerInfo
instanceKlass org/apache/spark/ui/JettyUtils$$$Lambda$593
instanceKlass org/apache/spark/ui/WebUI$$Lambda$592
instanceKlass org/apache/spark/ui/JettyUtils$$$Lambda$591
instanceKlass org/apache/spark/ui/JettyUtils$ServletParams
instanceKlass org/apache/spark/ui/WebUI$$Lambda$590
instanceKlass org/apache/spark/ui/WebUI$$Lambda$589
instanceKlass org/apache/spark/ui/jobs/JobPage$$Lambda$588
instanceKlass org/apache/spark/ui/jobs/JobPage$$Lambda$587
instanceKlass org/apache/spark/ui/jobs/AllJobsPage$$Lambda$586
instanceKlass org/apache/spark/ui/jobs/AllJobsPage$$Lambda$585
instanceKlass scala/xml/Utility$Escapes$$$Lambda$584
instanceKlass scala/xml/Utility$Escapes$
instanceKlass scala/xml/Utility$$$Lambda$583
instanceKlass java/lang/invoke/LambdaForm$MH
instanceKlass java/lang/invoke/LambdaForm$DMH
instanceKlass java/lang/invoke/LambdaForm$DMH
instanceKlass scala/xml/Utility$$$Lambda$582
instanceKlass java/lang/invoke/LambdaForm$DMH
instanceKlass scala/xml/Utility$$$Lambda$581
instanceKlass scala/xml/Utility$
instanceKlass scala/xml/parsing/TokenTests
instanceKlass scala/xml/MetaData$
instanceKlass scala/xml/Text$
instanceKlass scala/xml/ScalaVersionSpecificNodeBuffer
instanceKlass scala/xml/ScalaVersionSpecificNodeSeq
instanceKlass scala/xml/NamespaceBinding
instanceKlass scala/xml/Attribute
instanceKlass scala/xml/Equality
instanceKlass org/json4s/JsonAST$JValue
instanceKlass org/json4s/Diff$Diffable
instanceKlass scala/runtime/RichChar$
instanceKlass org/apache/spark/ui/WebUIPage
instanceKlass org/sparkproject/jetty/servlet/ServletMapping
instanceKlass org/sparkproject/jetty/util/ArrayUtil
instanceKlass org/sparkproject/jetty/util/URIUtil
instanceKlass javax/servlet/SingleThreadModel
instanceKlass org/sparkproject/jetty/servlet/Holder$1
instanceKlass org/sparkproject/jetty/servlet/Source
instanceKlass javax/servlet/ServletRegistration$Dynamic
instanceKlass javax/servlet/Registration$Dynamic
instanceKlass org/sparkproject/jetty/util/component/ContainerLifeCycle$1
instanceKlass org/sparkproject/jetty/util/component/Container$Listener
instanceKlass org/sparkproject/jetty/util/component/ContainerLifeCycle$Bean
instanceKlass org/sparkproject/jetty/server/UserIdentity$Scope
instanceKlass org/sparkproject/jetty/http/pathmap/PathSpec
instanceKlass javax/servlet/FilterChain
instanceKlass org/sparkproject/jetty/util/DeprecationWarning
instanceKlass org/sparkproject/jetty/util/DecoratedObjectFactory
instanceKlass javax/servlet/FilterRegistration
instanceKlass javax/servlet/ServletRegistration
instanceKlass javax/servlet/Registration
instanceKlass org/sparkproject/jetty/security/ConstraintAware
instanceKlass javax/servlet/RequestDispatcher
instanceKlass java/time/LocalTime
instanceKlass java/time/LocalDate
instanceKlass java/time/chrono/ChronoLocalDate
instanceKlass java/time/LocalDateTime
instanceKlass java/time/chrono/ChronoLocalDateTime
instanceKlass java/time/Instant$1
instanceKlass java/time/format/DateTimePrintContext
instanceKlass java/time/format/DateTimeFormatter$$Lambda$580
instanceKlass java/time/format/DateTimeFormatter$$Lambda$579
instanceKlass java/time/Period
instanceKlass java/time/chrono/ChronoPeriod
instanceKlass java/time/format/DateTimeFormatterBuilder$TextPrinterParser
instanceKlass java/time/format/DateTimeTextProvider$1
instanceKlass java/time/format/DateTimeTextProvider
instanceKlass java/time/format/DateTimeTextProvider$LocaleStore
instanceKlass java/time/format/DateTimeFormatterBuilder$InstantPrinterParser
instanceKlass java/time/format/DateTimeFormatterBuilder$StringLiteralPrinterParser
instanceKlass java/time/format/DateTimeFormatterBuilder$ZoneIdPrinterParser
instanceKlass java/time/format/DateTimeFormatterBuilder$OffsetIdPrinterParser
instanceKlass java/time/format/DecimalStyle
instanceKlass java/time/format/DateTimeFormatterBuilder$CompositePrinterParser
instanceKlass java/time/chrono/AbstractChronology
instanceKlass java/time/chrono/Chronology
instanceKlass java/time/format/DateTimeFormatterBuilder$CharLiteralPrinterParser
instanceKlass java/time/format/DateTimeFormatterBuilder$NumberPrinterParser
instanceKlass java/time/format/DateTimeFormatterBuilder$DateTimePrinterParser
instanceKlass java/time/format/DateTimeFormatterBuilder$2
instanceKlass java/time/temporal/JulianFields
instanceKlass java/time/temporal/IsoFields
instanceKlass java/time/temporal/ValueRange
instanceKlass java/time/temporal/TemporalField
instanceKlass java/time/format/DateTimeFormatterBuilder$$Lambda$578
instanceKlass java/time/temporal/TemporalQuery
instanceKlass java/time/format/DateTimeFormatterBuilder
instanceKlass java/time/format/DateTimeFormatter
instanceKlass org/sparkproject/jetty/util/Jetty
instanceKlass org/sparkproject/jetty/http/HttpField
instanceKlass javax/servlet/http/HttpServletRequest
instanceKlass javax/servlet/http/HttpSessionAttributeListener
instanceKlass javax/servlet/http/HttpSessionListener
instanceKlass javax/servlet/http/HttpSessionIdListener
instanceKlass javax/servlet/ServletRequestAttributeListener
instanceKlass javax/servlet/ServletRequestListener
instanceKlass javax/servlet/ServletContextAttributeListener
instanceKlass javax/servlet/ServletContextListener
instanceKlass org/sparkproject/jetty/util/Uptime$DefaultImpl
instanceKlass org/sparkproject/jetty/util/Uptime$Impl
instanceKlass org/sparkproject/jetty/util/Uptime
instanceKlass org/sparkproject/jetty/util/log/JettyAwareLogger
instanceKlass org/sparkproject/jetty/util/log/AbstractLogger
instanceKlass org/sparkproject/jetty/util/Loader
instanceKlass org/sparkproject/jetty/util/log/Log$1
instanceKlass org/sparkproject/jetty/util/log/Logger
instanceKlass org/sparkproject/jetty/util/log/Log
instanceKlass org/sparkproject/jetty/server/handler/gzip/GzipFactory
instanceKlass org/sparkproject/jetty/security/Authenticator$AuthConfiguration
instanceKlass org/sparkproject/jetty/util/Decorator
instanceKlass org/sparkproject/jetty/util/AttributesMap
instanceKlass javax/servlet/ServletRequest
instanceKlass javax/servlet/ServletContext
instanceKlass org/sparkproject/jetty/server/handler/ContextHandler$AliasCheck
instanceKlass org/sparkproject/jetty/util/component/AbstractLifeCycle
instanceKlass org/sparkproject/jetty/util/component/Dumpable$DumpableContainer
instanceKlass org/sparkproject/jetty/util/component/Dumpable
instanceKlass org/sparkproject/jetty/server/HandlerContainer
instanceKlass org/sparkproject/jetty/util/Attributes
instanceKlass org/sparkproject/jetty/util/thread/Scheduler
instanceKlass org/sparkproject/jetty/server/Connector
instanceKlass org/sparkproject/jetty/util/component/Graceful
instanceKlass org/sparkproject/jetty/util/component/Container
instanceKlass org/sparkproject/jetty/server/Handler
instanceKlass org/sparkproject/jetty/util/component/Destroyable
instanceKlass org/sparkproject/jetty/util/component/LifeCycle
instanceKlass org/sparkproject/jetty/util/thread/ThreadPool
instanceKlass org/apache/spark/ui/JettyUtils$
instanceKlass java/util/ResourceBundle$Control$1
instanceKlass java/util/ResourceBundle$ResourceBundleControlProviderHolder$$Lambda$577
instanceKlass java/util/spi/ResourceBundleControlProvider
instanceKlass java/util/ResourceBundle$ResourceBundleControlProviderHolder$$Lambda$576
instanceKlass java/util/ResourceBundle$ResourceBundleControlProviderHolder
instanceKlass javax/servlet/http/HttpServletResponse
instanceKlass javax/servlet/ServletResponse
instanceKlass org/apache/spark/ui/SparkUI$$Lambda$575
instanceKlass org/apache/spark/ui/SparkUI$$Lambda$574
instanceKlass org/apache/spark/ui/WebUI$$Lambda$573
instanceKlass org/apache/spark/ui/WebUI$
instanceKlass org/apache/spark/SecurityManager$$Lambda$572
instanceKlass org/apache/spark/ui/WebUITab
instanceKlass javax/servlet/GenericServlet
instanceKlass javax/servlet/ServletConfig
instanceKlass org/apache/spark/ui/WebUI
instanceKlass org/apache/spark/status/api/v1/UIRoot
instanceKlass org/apache/spark/ui/SparkUI$
instanceKlass java/util/Timer$1
instanceKlass java/util/TaskQueue
instanceKlass java/util/Timer
instanceKlass org/apache/spark/ui/ConsoleProgressBar$$Lambda$571
instanceKlass org/apache/spark/ui/ConsoleProgressBar
instanceKlass org/apache/spark/SparkStatusTracker
instanceKlass org/apache/spark/SparkContext$$Lambda$570
instanceKlass scala/util/Random
instanceKlass org/apache/spark/util/Utils$$$Lambda$569
instanceKlass org/apache/spark/util/Utils$$$Lambda$568
instanceKlass scala/util/control/NonFatal$
instanceKlass org/apache/spark/util/Utils$$$Lambda$567
instanceKlass org/apache/spark/util/Utils$$$Lambda$566
instanceKlass org/apache/spark/SparkEnv
instanceKlass org/apache/spark/scheduler/OutputCommitCoordinator$OutputCommitCoordinatorEndpoint$$Lambda$565
instanceKlass org/apache/spark/SparkEnv$$$Lambda$564
instanceKlass org/apache/spark/scheduler/OutputCommitCoordinator$OutputCommitCoordinatorEndpoint
instanceKlass java/lang/invoke/LambdaForm$MH
instanceKlass java/lang/invoke/LambdaForm$DMH
instanceKlass org/apache/spark/SparkEnv$$$Lambda$563
instanceKlass org/apache/spark/scheduler/OutputCommitCoordinator
instanceKlass org/apache/spark/metrics/MetricsConfig$$Lambda$562
instanceKlass org/apache/spark/metrics/MetricsConfig$$Lambda$561
instanceKlass org/apache/spark/metrics/MetricsConfig$$Lambda$560
instanceKlass org/apache/spark/metrics/MetricsConfig$$Lambda$559
instanceKlass org/apache/spark/metrics/MetricsConfig$$Lambda$558
instanceKlass org/apache/spark/metrics/MetricsConfig$$Lambda$557
instanceKlass org/apache/spark/metrics/MetricsConfig$$Lambda$556
instanceKlass org/apache/spark/metrics/MetricsConfig$$Lambda$555
instanceKlass scala/collection/convert/DecorateAsScala$$Lambda$554
instanceKlass org/apache/spark/metrics/MetricsConfig$$Lambda$553
instanceKlass org/apache/spark/metrics/MetricsConfig
instanceKlass org/apache/spark/metrics/MetricsSystem
instanceKlass org/apache/spark/metrics/MetricsSystemInstances$
instanceKlass org/apache/spark/metrics/MetricsSystem$
instanceKlass org/apache/spark/network/shuffle/DownloadFile
instanceKlass org/apache/spark/storage/BlockManager$RemoteBlockDownloadFileManager
instanceKlass org/apache/spark/storage/BlockManagerStorageEndpoint
instanceKlass org/apache/spark/util/IdGenerator
instanceKlass org/apache/spark/storage/BlockManager$
instanceKlass org/apache/spark/storage/BlockManager$$Lambda$552
instanceKlass org/apache/spark/storage/DiskStore
instanceKlass scala/collection/immutable/StringLike$$Lambda$551
instanceKlass java/util/Formatter$FormatSpecifier$BigDecimalLayout
instanceKlass scala/collection/immutable/StringLike$$Lambda$550
instanceKlass java/math/MutableBigInteger
instanceKlass org/apache/spark/storage/memory/MemoryStore$$Lambda$549
instanceKlass scala/collection/TraversableOnce$$Lambda$548
instanceKlass scala/math/Numeric$Ops
instanceKlass scala/math/Numeric$LongIsIntegral$
instanceKlass scala/math/Ordering$LongOrdering
instanceKlass scala/math/Numeric$LongIsIntegral
instanceKlass scala/math/Integral
instanceKlass org/apache/spark/storage/memory/ValuesHolder
instanceKlass org/apache/spark/storage/memory/MemoryStore
instanceKlass org/apache/spark/storage/BlockInfo$
instanceKlass org/sparkproject/guava/math/IntMath$1
instanceKlass org/sparkproject/guava/math/MathPreconditions
instanceKlass org/sparkproject/guava/math/IntMath
instanceKlass org/sparkproject/guava/util/concurrent/Striped$1
instanceKlass org/sparkproject/guava/util/concurrent/Striped$5
instanceKlass org/sparkproject/guava/util/concurrent/Striped
instanceKlass org/apache/spark/storage/BlockInfoManager
instanceKlass org/apache/spark/storage/DiskBlockManager$$Lambda$547
instanceKlass org/apache/spark/storage/DiskBlockManager$$Lambda$546
instanceKlass org/apache/spark/storage/DiskBlockManager$$Lambda$545
instanceKlass org/apache/spark/storage/DiskBlockManager$$Lambda$544
instanceKlass org/apache/spark/storage/DiskBlockManager$
instanceKlass scala/collection/mutable/ArrayBuilder$
instanceKlass org/apache/spark/storage/DiskBlockManager$$Lambda$543
instanceKlass org/apache/spark/storage/DiskBlockManager$$Lambda$542
instanceKlass org/apache/spark/storage/DiskBlockManager$$Lambda$541
instanceKlass org/apache/spark/storage/DiskBlockManager$$Lambda$540
instanceKlass com/fasterxml/jackson/module/scala/SymbolModule
instanceKlass com/fasterxml/jackson/module/scala/deser/SymbolDeserializerModule
instanceKlass com/fasterxml/jackson/module/scala/ser/SymbolSerializerModule
instanceKlass com/fasterxml/jackson/module/scala/EitherModule
instanceKlass com/fasterxml/jackson/module/scala/ser/EitherSerializerModule
instanceKlass com/fasterxml/jackson/module/scala/modifiers/EitherTypeModifierModule
instanceKlass com/fasterxml/jackson/module/scala/deser/EitherDeserializerModule
instanceKlass com/fasterxml/jackson/module/scala/deser/UntypedObjectDeserializerModule
instanceKlass com/fasterxml/jackson/module/scala/introspect/ScalaAnnotationIntrospectorModule
instanceKlass com/fasterxml/jackson/module/scala/deser/ScalaNumberDeserializersModule
instanceKlass com/fasterxml/jackson/module/scala/SetModule
instanceKlass com/fasterxml/jackson/module/scala/deser/SortedSetDeserializerModule
instanceKlass com/fasterxml/jackson/module/scala/deser/UnsortedSetDeserializerModule
instanceKlass com/fasterxml/jackson/module/scala/MapModule
instanceKlass com/fasterxml/jackson/module/scala/deser/SortedMapDeserializerModule
instanceKlass com/fasterxml/jackson/module/scala/deser/UnsortedMapDeserializerModule
instanceKlass com/fasterxml/jackson/module/scala/ser/MapSerializerModule
instanceKlass com/fasterxml/jackson/module/scala/modifiers/MapTypeModifierModule
instanceKlass com/fasterxml/jackson/module/scala/TupleModule
instanceKlass com/fasterxml/jackson/module/scala/deser/TupleDeserializerModule
instanceKlass com/fasterxml/jackson/module/scala/ser/TupleSerializerModule
instanceKlass com/fasterxml/jackson/module/scala/IterableModule
instanceKlass com/fasterxml/jackson/module/scala/SeqModule
instanceKlass com/fasterxml/jackson/module/scala/deser/SeqDeserializerModule
instanceKlass com/fasterxml/jackson/module/scala/ser/IterableSerializerModule
instanceKlass com/fasterxml/jackson/module/scala/modifiers/IterableTypeModifierModule
instanceKlass com/fasterxml/jackson/module/scala/OptionModule
instanceKlass com/fasterxml/jackson/module/scala/deser/OptionDeserializerModule
instanceKlass com/fasterxml/jackson/module/scala/ser/OptionSerializerModule
instanceKlass com/fasterxml/jackson/module/scala/modifiers/OptionTypeModifierModule
instanceKlass com/fasterxml/jackson/module/scala/EnumerationModule
instanceKlass com/fasterxml/jackson/module/scala/deser/EnumerationDeserializerModule
instanceKlass com/fasterxml/jackson/module/scala/ser/EnumerationSerializerModule
instanceKlass com/fasterxml/jackson/module/scala/IteratorModule
instanceKlass com/fasterxml/jackson/module/scala/ser/IteratorSerializerModule
instanceKlass com/fasterxml/jackson/module/scala/modifiers/IteratorTypeModifierModule
instanceKlass com/fasterxml/jackson/module/scala/modifiers/ScalaTypeModifierModule
instanceKlass com/fasterxml/jackson/module/scala/JacksonModule
instanceKlass com/fasterxml/jackson/databind/Module
instanceKlass org/apache/spark/storage/DiskBlockManager
instanceKlass org/apache/spark/network/shuffle/DownloadFileManager
instanceKlass org/apache/spark/storage/BlockData
instanceKlass org/apache/spark/storage/BlockManager
instanceKlass org/apache/spark/storage/memory/BlockEvictionHandler
instanceKlass org/apache/spark/network/BlockDataManager
instanceKlass org/apache/spark/network/shuffle/RetryingBlockTransferor$BlockTransferStarter
instanceKlass org/apache/spark/network/shuffle/BlockFetchingListener
instanceKlass org/apache/spark/network/shuffle/BlockTransferListener
instanceKlass org/apache/spark/SparkEnv$$$Lambda$539
instanceKlass org/apache/spark/storage/BlockManagerMasterHeartbeatEndpoint
instanceKlass org/apache/spark/rpc/netty/DedicatedMessageLoop$$Lambda$538
instanceKlass java/lang/invoke/LambdaForm$DMH
instanceKlass org/apache/spark/storage/StorageUtils$$$Lambda$537
instanceKlass java/lang/invoke/LambdaForm$DMH
instanceKlass sun/invoke/util/VerifyAccess$1
instanceKlass org/apache/spark/storage/StorageUtils$
instanceKlass org/apache/spark/storage/BlockManagerMasterEndpoint$$Lambda$536
instanceKlass org/apache/spark/storage/BlockManagerMasterEndpoint$$Lambda$535
instanceKlass org/sparkproject/guava/cache/LocalCache$AbstractReferenceEntry
instanceKlass org/sparkproject/guava/cache/RemovalListener
instanceKlass org/sparkproject/guava/cache/Weigher
instanceKlass org/sparkproject/guava/cache/LocalCache$StrongValueReference
instanceKlass org/sparkproject/guava/cache/LocalCache$1
instanceKlass org/sparkproject/guava/util/concurrent/ListenableFuture
instanceKlass org/sparkproject/guava/util/concurrent/AbstractListeningExecutorService
instanceKlass org/sparkproject/guava/util/concurrent/ListeningScheduledExecutorService
instanceKlass org/sparkproject/guava/util/concurrent/ListeningExecutorService
instanceKlass org/sparkproject/guava/util/concurrent/MoreExecutors
instanceKlass org/sparkproject/guava/cache/LocalCache$ReferenceEntry
instanceKlass org/sparkproject/guava/cache/LocalCache$ValueReference
instanceKlass org/sparkproject/guava/cache/LocalCache$LocalManualCache
instanceKlass org/sparkproject/guava/cache/CacheBuilder$2
instanceKlass org/sparkproject/guava/cache/CacheStats
instanceKlass org/sparkproject/guava/base/Suppliers$SupplierOfInstance
instanceKlass org/sparkproject/guava/base/Suppliers
instanceKlass org/sparkproject/guava/cache/CacheBuilder$1
instanceKlass org/sparkproject/guava/cache/AbstractCache$StatsCounter
instanceKlass org/sparkproject/guava/cache/LoadingCache
instanceKlass org/sparkproject/guava/cache/Cache
instanceKlass org/sparkproject/guava/base/Supplier
instanceKlass org/sparkproject/guava/cache/CacheBuilder
instanceKlass java/lang/invoke/LambdaForm$MH
instanceKlass java/lang/invoke/LambdaForm$DMH
instanceKlass org/apache/spark/SparkEnv$$$Lambda$534
instanceKlass java/lang/invoke/LambdaForm$DMH
instanceKlass org/apache/spark/storage/BlockManagerMasterEndpoint
instanceKlass org/apache/spark/rpc/IsolatedThreadSafeRpcEndpoint
instanceKlass org/apache/spark/storage/BlockManagerMaster$
instanceKlass org/apache/spark/storage/BlockManagerMaster
instanceKlass scala/collection/concurrent/TrieMap$MangledHashing
instanceKlass scala/collection/concurrent/KVNode
instanceKlass scala/collection/concurrent/Gen
instanceKlass scala/collection/concurrent/BasicNode
instanceKlass scala/collection/concurrent/INode$
instanceKlass scala/math/Equiv$$anon$2
instanceKlass scala/util/hashing/Hashing$Default
instanceKlass scala/util/hashing/Hashing$
instanceKlass scala/collection/concurrent/TrieMap
instanceKlass org/apache/spark/unsafe/memory/HeapMemoryAllocator
instanceKlass org/apache/spark/unsafe/memory/UnsafeMemoryAllocator
instanceKlass org/apache/spark/unsafe/memory/MemoryAllocator
instanceKlass org/apache/spark/util/Utils$$$Lambda$533
instanceKlass com/sun/management/internal/Flag$1
instanceKlass com/sun/management/internal/Flag
instanceKlass org/apache/spark/util/Utils$$$Lambda$532
instanceKlass org/apache/spark/unsafe/Platform
instanceKlass org/apache/spark/unsafe/array/ByteArrayMethods
instanceKlass org/apache/spark/memory/MemoryManager$$Lambda$531
instanceKlass org/apache/spark/memory/MemoryPool
instanceKlass org/apache/spark/memory/MemoryManager$$Lambda$530
instanceKlass org/apache/spark/SparkConf$$Lambda$529
instanceKlass java/lang/invoke/LambdaForm$DMH
instanceKlass java/lang/StrictMath
instanceKlass scala/runtime/RichDouble$
instanceKlass java/lang/invoke/LambdaForm$MH
instanceKlass org/apache/spark/SparkConf$$Lambda$528
instanceKlass java/lang/invoke/LambdaForm$DMH
instanceKlass org/apache/spark/SparkConf$$Lambda$527
instanceKlass java/lang/invoke/LambdaForm$MH
instanceKlass java/lang/invoke/LambdaForm$DMH
instanceKlass java/lang/invoke/LambdaForm$DMH
instanceKlass org/apache/spark/SparkConf$$Lambda$526
instanceKlass java/lang/invoke/LambdaForm$DMH
instanceKlass org/apache/spark/memory/UnifiedMemoryManager$
instanceKlass org/apache/spark/shuffle/IndexShuffleBlockResolver$
instanceKlass org/apache/spark/network/client/StreamCallbackWithID
instanceKlass org/apache/spark/storage/BlockId
instanceKlass org/apache/spark/shuffle/IndexShuffleBlockResolver
instanceKlass org/apache/spark/shuffle/MigratableResolver
instanceKlass org/apache/spark/util/collection/OpenHashSet
instanceKlass org/apache/spark/shuffle/ShuffleBlockResolver
instanceKlass org/apache/spark/shuffle/ShuffleHandle
instanceKlass org/apache/spark/shuffle/ShuffleReader
instanceKlass org/apache/spark/shuffle/checksum/ShuffleChecksumSupport
instanceKlass org/apache/spark/shuffle/ShuffleWriter
instanceKlass org/apache/spark/SparkEnv$$$Lambda$525
instanceKlass org/apache/spark/shuffle/sort/SortShuffleManager
instanceKlass org/apache/spark/shuffle/ShuffleManager
instanceKlass org/apache/spark/MapOutputTrackerMasterEndpoint$$Lambda$524
instanceKlass org/apache/spark/SparkEnv$$$Lambda$523
instanceKlass org/apache/spark/SparkEnv$$$Lambda$522
instanceKlass org/apache/spark/MapOutputTrackerMasterEndpoint
instanceKlass org/apache/spark/scheduler/ShuffleOutputStatus
instanceKlass org/apache/spark/MapOutputTracker$
instanceKlass org/apache/spark/GetMapOutputMessage
instanceKlass org/apache/spark/MapOutputTrackerMasterMessage
instanceKlass org/apache/spark/MapOutputTrackerMaster$MessageLoop
instanceKlass org/apache/spark/MapOutputTrackerMaster$$Lambda$521
instanceKlass org/apache/commons/collections4/map/AbstractHashedMap$HashEntry
instanceKlass org/apache/commons/collections4/KeyValue
instanceKlass org/apache/commons/collections4/MapIterator
instanceKlass org/apache/commons/collections4/IterableMap
instanceKlass org/apache/commons/collections4/IterableGet
instanceKlass org/apache/commons/collections4/Get
instanceKlass org/apache/commons/collections4/Put
instanceKlass org/apache/spark/broadcast/Broadcast
instanceKlass org/apache/spark/broadcast/TorrentBroadcastFactory
instanceKlass org/apache/spark/broadcast/BroadcastFactory
instanceKlass org/apache/spark/broadcast/BroadcastManager
instanceKlass org/apache/spark/serializer/SerializerManager$$Lambda$520
instanceKlass org/apache/spark/SparkConf$$Lambda$519
instanceKlass org/apache/spark/SparkConf$$Lambda$518
instanceKlass org/apache/spark/serializer/KryoSerializer$$Lambda$517
instanceKlass org/apache/spark/serializer/KryoSerializer$$Lambda$516
instanceKlass org/apache/spark/serializer/KryoSerializer$$Lambda$515
instanceKlass org/apache/spark/serializer/KryoSerializer$$Lambda$514
instanceKlass com/esotericsoftware/kryo/pool/KryoFactory
instanceKlass com/esotericsoftware/kryo/Kryo
instanceKlass com/esotericsoftware/kryo/Serializer
instanceKlass com/esotericsoftware/kryo/pool/KryoPool
instanceKlass org/apache/spark/serializer/SerializerManager
instanceKlass org/apache/spark/rpc/ThreadSafeRpcEndpoint
instanceKlass org/apache/spark/rpc/netty/OneWayMessage
instanceKlass org/apache/spark/rpc/netty/RpcMessage
instanceKlass org/apache/spark/SparkEnv$$$Lambda$513
instanceKlass org/apache/spark/rpc/netty/Inbox$$Lambda$512
instanceKlass org/apache/spark/rpc/netty/MessageLoop$
instanceKlass org/apache/spark/util/Utils$$$Lambda$511
instanceKlass org/apache/spark/rpc/netty/OnStart$
instanceKlass org/apache/spark/rpc/netty/Inbox
instanceKlass org/apache/spark/rpc/netty/SharedMessageLoop$$Lambda$510
instanceKlass java/lang/invoke/LambdaForm$DMH
instanceKlass org/apache/spark/rpc/netty/SharedMessageLoop$$Lambda$509
instanceKlass org/apache/spark/rpc/netty/SharedMessageLoop$$Lambda$508
instanceKlass org/apache/spark/rpc/netty/SharedMessageLoop$$Lambda$507
instanceKlass org/apache/spark/rpc/netty/MessageLoop$$anon$1
instanceKlass org/apache/spark/rpc/IsolatedRpcEndpoint
instanceKlass org/apache/spark/rpc/RpcEndpointAddress$$Lambda$506
instanceKlass org/apache/spark/rpc/RpcAddress
instanceKlass org/apache/spark/rpc/RpcAddress$
instanceKlass org/apache/spark/rpc/RpcEndpointAddress
instanceKlass sun/nio/ch/WindowsSelectorImpl$MapEntry
instanceKlass org/apache/spark/rpc/netty/RpcEndpointVerifier
instanceKlass io/netty/channel/ChannelFutureListener$3
instanceKlass org/apache/spark/rpc/netty/RpcEndpointVerifier$
instanceKlass io/netty/channel/ChannelFutureListener$2
instanceKlass io/netty/util/internal/SocketUtils$7
instanceKlass io/netty/channel/ChannelFutureListener$1
instanceKlass io/netty/channel/AbstractChannel$AbstractUnsafe$2
instanceKlass io/netty/bootstrap/ServerBootstrap$ServerBootstrapAcceptor$1
instanceKlass io/netty/bootstrap/AbstractBootstrap$2
instanceKlass io/netty/bootstrap/ServerBootstrap$1$1
instanceKlass java/lang/invoke/ConstantBootstraps
instanceKlass java/nio/channels/spi/AbstractSelector$1
instanceKlass io/netty/bootstrap/AbstractBootstrap$1
instanceKlass io/netty/util/concurrent/FastThreadLocalRunnable
instanceKlass io/netty/util/internal/ThreadExecutorMap$2
instanceKlass io/netty/util/concurrent/SingleThreadEventExecutor$4
instanceKlass io/netty/util/internal/shaded/org/jctools/queues/LinkedArrayQueueUtil
instanceKlass io/netty/util/concurrent/AbstractEventExecutor$LazyRunnable
instanceKlass io/netty/channel/AbstractChannel$AbstractUnsafe$1
instanceKlass io/netty/channel/ChannelHandler$Sharable
instanceKlass sun/nio/ch/ServerSocketChannelImpl$DefaultOptionsHolder
instanceKlass io/netty/buffer/ByteBufUtil$2
instanceKlass io/netty/util/CharsetUtil
instanceKlass io/netty/util/ByteProcessor
instanceKlass io/netty/buffer/ByteBufUtil
instanceKlass io/netty/channel/RecvByteBufAllocator$Handle
instanceKlass io/netty/channel/DefaultMaxMessagesRecvByteBufAllocator
instanceKlass io/netty/channel/MaxMessagesRecvByteBufAllocator
instanceKlass io/netty/channel/WriteBufferWaterMark
instanceKlass io/netty/channel/DefaultMessageSizeEstimator$HandleImpl
instanceKlass io/netty/channel/DefaultMessageSizeEstimator
instanceKlass io/netty/channel/MessageSizeEstimator
instanceKlass io/netty/channel/RecvByteBufAllocator
instanceKlass io/netty/channel/DefaultChannelConfig
instanceKlass io/netty/channel/nio/AbstractNioChannel$1
instanceKlass io/netty/channel/ChannelHandlerMask$Skip
instanceKlass io/netty/channel/ChannelHandlerMask$2
instanceKlass io/netty/channel/ChannelHandlerMask
instanceKlass io/netty/channel/AbstractChannelHandlerContext$Tasks
instanceKlass io/netty/channel/VoidChannelPromise$1
instanceKlass io/netty/channel/MessageSizeEstimator$Handle
instanceKlass io/netty/channel/DefaultChannelPipeline$PendingHandlerCallback
instanceKlass io/netty/channel/ChannelProgressivePromise
instanceKlass io/netty/channel/ChannelProgressiveFuture
instanceKlass io/netty/channel/AbstractChannelHandlerContext
instanceKlass io/netty/util/ResourceLeakHint
instanceKlass io/netty/channel/ChannelHandlerContext
instanceKlass io/netty/channel/DefaultChannelPipeline
instanceKlass io/netty/channel/ChannelOutboundBuffer$Entry
instanceKlass java/util/concurrent/atomic/AtomicLongFieldUpdater$CASUpdater$1
instanceKlass java/util/concurrent/atomic/AtomicLongFieldUpdater
instanceKlass io/netty/channel/ChannelOutboundBuffer
instanceKlass io/netty/util/internal/SocketUtils$13
instanceKlass io/netty/util/NetUtil$SoMaxConnAction
instanceKlass io/netty/util/NetUtilInitializations$NetworkIfaceAndInetAddress
instanceKlass io/netty/util/internal/SocketUtils$11
instanceKlass io/netty/util/internal/SocketUtils
instanceKlass io/netty/util/NetUtilInitializations
instanceKlass io/netty/util/NetUtil
instanceKlass io/netty/util/internal/MacAddressUtil
instanceKlass java/util/concurrent/SynchronousQueue$TransferStack$SNode
instanceKlass java/util/concurrent/SynchronousQueue$Transferer
instanceKlass java/lang/invoke/LambdaForm$MH
instanceKlass java/lang/ProcessHandleImpl$$Lambda$505
instanceKlass java/lang/invoke/LambdaForm$DMH
instanceKlass java/lang/invoke/LambdaForm$DMH
instanceKlass java/lang/ProcessHandleImpl$$Lambda$504
instanceKlass java/lang/ProcessHandleImpl
instanceKlass java/util/concurrent/CompletableFuture
instanceKlass java/util/concurrent/CompletionStage
instanceKlass java/lang/ProcessHandle$Info
instanceKlass java/lang/ProcessHandle
instanceKlass io/netty/channel/DefaultChannelId
instanceKlass io/netty/channel/ChannelFlushPromiseNotifier$FlushCheckpoint
instanceKlass io/netty/channel/ChannelFutureListener
instanceKlass io/netty/channel/socket/nio/SelectorProviderUtil
instanceKlass io/netty/channel/ChannelMetadata
instanceKlass io/netty/util/ConstantPool
instanceKlass io/netty/util/AbstractConstant
instanceKlass io/netty/util/Constant
instanceKlass io/netty/channel/socket/ServerSocketChannelConfig
instanceKlass io/netty/channel/ChannelConfig
instanceKlass io/netty/channel/nio/AbstractNioChannel$NioUnsafe
instanceKlass io/netty/channel/AbstractChannel$AbstractUnsafe
instanceKlass io/netty/channel/ChannelPipeline
instanceKlass io/netty/channel/ChannelInboundInvoker
instanceKlass io/netty/channel/ChannelId
instanceKlass io/netty/channel/Channel$Unsafe
instanceKlass io/netty/util/Attribute
instanceKlass io/netty/channel/ReflectiveChannelFactory
instanceKlass io/netty/channel/socket/ServerSocketChannel
instanceKlass io/netty/channel/ServerChannel
instanceKlass io/netty/bootstrap/AbstractBootstrapConfig
instanceKlass io/netty/channel/ChannelFactory
instanceKlass io/netty/bootstrap/ChannelFactory
instanceKlass io/netty/bootstrap/AbstractBootstrap
instanceKlass org/apache/spark/network/server/TransportServer
instanceKlass java/lang/invoke/LambdaForm$MH
instanceKlass java/lang/invoke/LambdaForm$DMH
instanceKlass java/lang/invoke/LambdaForm$DMH
instanceKlass org/apache/spark/util/Utils$$$Lambda$503
instanceKlass java/lang/invoke/LambdaForm$DMH
instanceKlass org/apache/spark/util/Utils$$$Lambda$502
instanceKlass org/apache/spark/util/Utils$$$Lambda$501
instanceKlass org/apache/spark/util/Utils$$$Lambda$500
instanceKlass org/apache/spark/rpc/netty/NettyRpcEnvFactory$$Lambda$499
instanceKlass org/apache/spark/network/util/NettyMemoryMetrics$$Lambda$498
instanceKlass java/lang/invoke/LambdaForm$DMH
instanceKlass org/apache/spark/network/util/NettyMemoryMetrics$$Lambda$497
instanceKlass org/apache/spark/network/util/NettyMemoryMetrics
instanceKlass io/netty/buffer/PooledByteBufAllocatorMetric
instanceKlass io/netty/buffer/PoolChunkList
instanceKlass io/netty/buffer/PoolChunkListMetric
instanceKlass io/netty/buffer/PoolSubpage
instanceKlass io/netty/buffer/PoolSubpageMetric
instanceKlass io/netty/buffer/PoolThreadCache
instanceKlass io/netty/buffer/SizeClasses
instanceKlass io/netty/buffer/PoolArenaMetric
instanceKlass io/netty/buffer/SizeClassesMetric
instanceKlass io/netty/buffer/PooledByteBufAllocator$1
instanceKlass javax/security/cert/Certificate
instanceKlass java/security/cert/X509Extension
instanceKlass io/netty/util/AsciiString
instanceKlass io/netty/util/internal/EmptyArrays
instanceKlass io/netty/util/ResourceLeakTracker
instanceKlass io/netty/util/ResourceLeak
instanceKlass io/netty/util/ResourceLeakDetector
instanceKlass io/netty/buffer/ByteBufAllocatorMetric
instanceKlass io/netty/util/concurrent/MultithreadEventExecutorGroup$1
instanceKlass io/netty/util/concurrent/DefaultEventExecutorChooserFactory$PowerOfTwoEventExecutorChooser
instanceKlass io/netty/channel/nio/NioEventLoop$SelectorTuple
instanceKlass io/netty/channel/nio/NioEventLoop$4
instanceKlass io/netty/channel/nio/NioEventLoop$3
instanceKlass sun/nio/ch/OptionKey
instanceKlass sun/nio/ch/SocketOptionRegistry$LazyInitialization
instanceKlass sun/nio/ch/SocketOptionRegistry$RegistryKey
instanceKlass sun/nio/ch/SocketOptionRegistry
instanceKlass java/util/stream/Collectors$$Lambda$496
instanceKlass java/util/stream/Collectors$$Lambda$495
instanceKlass java/util/stream/Collectors$$Lambda$494
instanceKlass java/util/stream/Collectors$$Lambda$493
instanceKlass sun/net/ext/ExtendedSocketOptions$$Lambda$492
instanceKlass sun/nio/ch/ExtendedSocketOption$1
instanceKlass sun/nio/ch/ExtendedSocketOption
instanceKlass sun/nio/ch/SocketChannelImpl$DefaultOptionsHolder
instanceKlass java/nio/BufferMismatch
instanceKlass sun/nio/ch/IOStatus
instanceKlass sun/nio/ch/Util$BufferCache
instanceKlass sun/nio/ch/NativeThread
instanceKlass java/nio/channels/spi/AbstractInterruptibleChannel$1
instanceKlass jdk/net/ExtendedSocketOptions$PlatformSocketOptions$1
instanceKlass jdk/net/ExtendedSocketOptions$PlatformSocketOptions
instanceKlass jdk/net/SocketFlow
instanceKlass jdk/net/ExtendedSocketOptions$ExtSocketOption
instanceKlass jdk/net/ExtendedSocketOptions
instanceKlass sun/net/ext/ExtendedSocketOptions
instanceKlass sun/nio/ch/Net$1
instanceKlass java/net/ProtocolFamily
instanceKlass sun/nio/ch/Net
instanceKlass sun/nio/ch/SelChImpl
instanceKlass java/nio/channels/NetworkChannel
instanceKlass sun/nio/ch/PipeImpl$Initializer$LoopbackConnector
instanceKlass sun/nio/ch/PipeImpl$Initializer
instanceKlass java/nio/channels/Pipe
instanceKlass sun/nio/ch/NativeObject
instanceKlass sun/nio/ch/PollArrayWrapper
instanceKlass sun/nio/ch/WindowsSelectorImpl$FinishLock
instanceKlass sun/nio/ch/WindowsSelectorImpl$StartLock
instanceKlass sun/nio/ch/WindowsSelectorImpl$SubSelector
instanceKlass java/nio/channels/SelectionKey
instanceKlass sun/nio/ch/Util$2
instanceKlass sun/nio/ch/Util
instanceKlass io/netty/channel/nio/NioEventLoop$1
instanceKlass io/netty/util/internal/ThreadExecutorMap$1
instanceKlass io/netty/util/internal/shaded/org/jctools/util/UnsafeRefArrayAccess
instanceKlass io/netty/util/internal/shaded/org/jctools/util/Pow2
instanceKlass io/netty/util/internal/shaded/org/jctools/util/RangeUtil
instanceKlass io/netty/util/internal/shaded/org/jctools/util/UnsafeAccess
instanceKlass io/netty/util/internal/PlatformDependent$Mpsc$1
instanceKlass io/netty/util/internal/PlatformDependent$Mpsc
instanceKlass io/netty/channel/DefaultSelectStrategy
instanceKlass io/netty/channel/SelectStrategy
instanceKlass io/netty/util/internal/PlatformDependent$4
instanceKlass io/netty/util/internal/CleanerJava9$1
instanceKlass io/netty/util/internal/CleanerJava9
instanceKlass io/netty/util/internal/PlatformDependent$2
instanceKlass io/netty/util/internal/PlatformDependent$1
instanceKlass io/netty/util/internal/PlatformDependent0$9
instanceKlass io/netty/util/internal/PlatformDependent0$7
instanceKlass io/netty/util/internal/PlatformDependent0$6
instanceKlass io/netty/util/internal/PlatformDependent0$5
instanceKlass io/netty/util/internal/PlatformDependent0$4
instanceKlass io/netty/util/internal/PlatformDependent0$3
instanceKlass io/netty/util/internal/PlatformDependent0$2
instanceKlass java/lang/reflect/AccessibleObject$$Lambda$491
instanceKlass io/netty/util/internal/ReflectionUtil
instanceKlass sun/misc/Unsafe
instanceKlass io/netty/util/internal/PlatformDependent0$1
instanceKlass io/netty/util/internal/PlatformDependent0
instanceKlass io/netty/util/internal/shaded/org/jctools/queues/SupportsIterator
instanceKlass io/netty/util/internal/shaded/org/jctools/queues/QueueProgressIndicators
instanceKlass io/netty/util/internal/shaded/org/jctools/queues/IndexedQueueSizeUtil$IndexedQueue
instanceKlass io/netty/util/internal/shaded/org/jctools/queues/MessagePassingQueue
instanceKlass io/netty/util/internal/LongCounter
instanceKlass io/netty/util/internal/PlatformDependent$ThreadLocalRandomProvider
instanceKlass io/netty/util/internal/Cleaner
instanceKlass io/netty/util/internal/PlatformDependent
instanceKlass java/util/concurrent/atomic/AtomicIntegerFieldUpdater$AtomicIntegerFieldUpdaterImpl$1
instanceKlass java/util/concurrent/atomic/AtomicIntegerFieldUpdater
instanceKlass io/netty/util/concurrent/SingleThreadEventExecutor$1
instanceKlass java/nio/channels/Selector
instanceKlass io/netty/util/IntSupplier
instanceKlass io/netty/channel/ChannelPromise
instanceKlass io/netty/channel/ChannelFuture
instanceKlass io/netty/util/concurrent/ThreadProperties
instanceKlass io/netty/util/internal/ThreadExecutorMap$3
instanceKlass io/netty/util/concurrent/FastThreadLocal
instanceKlass io/netty/util/internal/ThreadExecutorMap
instanceKlass io/netty/util/internal/StringUtil
instanceKlass io/netty/util/concurrent/GlobalEventExecutor$TaskRunner
instanceKlass java/util/concurrent/Executors$RunnableAdapter
instanceKlass io/netty/util/concurrent/GlobalEventExecutor$1
instanceKlass io/netty/util/concurrent/PromiseTask$SentinelRunnable
instanceKlass io/netty/util/internal/PriorityQueueNode
instanceKlass io/netty/util/concurrent/AbstractScheduledEventExecutor$2
instanceKlass io/netty/util/concurrent/AbstractScheduledEventExecutor$1
instanceKlass io/netty/util/internal/PriorityQueue
instanceKlass io/netty/util/concurrent/ScheduledFuture
instanceKlass io/netty/util/concurrent/ProgressivePromise
instanceKlass io/netty/util/concurrent/ProgressiveFuture
instanceKlass io/netty/util/internal/ThrowableUtil
instanceKlass io/netty/util/concurrent/DefaultFutureListeners
instanceKlass io/netty/util/concurrent/DefaultPromise$CauseHolder
instanceKlass io/netty/util/concurrent/AbstractFuture
instanceKlass io/netty/util/concurrent/EventExecutorChooserFactory$EventExecutorChooser
instanceKlass io/netty/util/concurrent/DefaultEventExecutorChooserFactory
instanceKlass io/netty/util/concurrent/ThreadPerTaskExecutor
instanceKlass io/netty/util/concurrent/RejectedExecutionHandlers$1
instanceKlass io/netty/util/concurrent/RejectedExecutionHandler
instanceKlass io/netty/util/concurrent/RejectedExecutionHandlers
instanceKlass io/netty/channel/DefaultSelectStrategyFactory
instanceKlass io/netty/channel/SelectStrategyFactory
instanceKlass sun/nio/ch/DefaultSelectorProvider
instanceKlass java/nio/channels/spi/SelectorProvider$1
instanceKlass java/nio/channels/spi/SelectorProvider
instanceKlass io/netty/util/NettyRuntime$AvailableProcessorsHolder
instanceKlass io/netty/util/NettyRuntime
instanceKlass io/netty/channel/EventLoop
instanceKlass io/netty/util/concurrent/OrderedEventExecutor
instanceKlass io/netty/util/concurrent/EventExecutorChooserFactory
instanceKlass io/netty/util/concurrent/FutureListener
instanceKlass io/netty/util/concurrent/GenericFutureListener
instanceKlass io/netty/util/concurrent/EventExecutor
instanceKlass io/netty/util/concurrent/AbstractEventExecutorGroup
instanceKlass io/netty/util/concurrent/DefaultThreadFactory
instanceKlass io/netty/util/DefaultAttributeMap
instanceKlass io/netty/channel/socket/SocketChannel
instanceKlass io/netty/channel/socket/DuplexChannel
instanceKlass org/apache/spark/network/util/NettyUtils$1
instanceKlass org/apache/spark/network/client/TransportClientFactory
instanceKlass org/apache/spark/network/server/RpcHandler$NoopMergedBlockMetaReqHandler
instanceKlass org/apache/spark/network/server/RpcHandler$OneWayRpcCallback
instanceKlass org/apache/spark/network/server/RpcHandler$MergedBlockMetaReqHandler
instanceKlass org/apache/spark/network/client/RpcResponseCallback
instanceKlass org/apache/spark/network/client/BaseResponseCallback
instanceKlass io/netty/buffer/ByteBuf
instanceKlass io/netty/buffer/ByteBufConvertible
instanceKlass io/netty/util/ReferenceCounted
instanceKlass io/netty/util/internal/ObjectUtil
instanceKlass io/netty/util/internal/logging/Slf4JLoggerFactory$NopInstanceHolder
instanceKlass io/netty/util/internal/logging/AbstractInternalLogger
instanceKlass io/netty/util/internal/logging/InternalLogger
instanceKlass io/netty/util/internal/logging/InternalLoggerFactory
instanceKlass io/netty/util/internal/SystemPropertyUtil
instanceKlass io/netty/util/internal/UnpaddedInternalThreadLocalMap
instanceKlass io/netty/util/internal/TypeParameterMatcher
instanceKlass org/apache/spark/network/protocol/Message
instanceKlass org/apache/spark/network/protocol/Encodable
instanceKlass io/netty/util/concurrent/Promise
instanceKlass io/netty/util/concurrent/Future
instanceKlass io/netty/channel/ChannelHandlerAdapter
instanceKlass io/netty/channel/ChannelInboundHandler
instanceKlass io/netty/channel/ChannelOutboundHandler
instanceKlass org/apache/spark/network/util/NettyLogger
instanceKlass io/netty/channel/ChannelHandler
instanceKlass io/netty/channel/Channel
instanceKlass io/netty/channel/ChannelOutboundInvoker
instanceKlass io/netty/util/AttributeMap
instanceKlass org/apache/spark/network/TransportContext
instanceKlass org/apache/spark/network/buffer/ManagedBuffer
instanceKlass java/util/concurrent/CountDownLatch
instanceKlass org/apache/spark/rpc/netty/NettyRpcCallContext
instanceKlass org/apache/spark/rpc/RpcCallContext
instanceKlass org/apache/spark/rpc/netty/InboxMessage
instanceKlass org/apache/spark/rpc/netty/MessageLoop
instanceKlass org/apache/spark/rpc/netty/Dispatcher
instanceKlass org/apache/spark/network/util/TransportConf
instanceKlass org/apache/spark/network/netty/SparkTransportConf$$$Lambda$490
instanceKlass org/apache/spark/network/netty/SparkTransportConf$$$Lambda$489
instanceKlass java/lang/invoke/LambdaForm$MH
instanceKlass java/lang/invoke/LambdaForm$DMH
instanceKlass java/lang/invoke/LambdaForm$DMH
instanceKlass org/apache/spark/network/netty/SparkTransportConf$$$Lambda$488
instanceKlass java/lang/invoke/LambdaForm$DMH
instanceKlass io/netty/buffer/AbstractByteBufAllocator
instanceKlass io/netty/buffer/ByteBufAllocator
instanceKlass io/netty/buffer/ByteBufAllocatorMetricProvider
instanceKlass io/netty/channel/EventLoopGroup
instanceKlass io/netty/util/concurrent/EventExecutorGroup
instanceKlass org/apache/spark/network/util/NettyUtils
instanceKlass org/apache/spark/rpc/netty/NettyRpcEnv$$Lambda$487
instanceKlass org/apache/spark/network/util/ConfigProvider
instanceKlass org/apache/spark/network/netty/SparkTransportConf$
instanceKlass org/apache/spark/rpc/netty/NettyRpcEnv$$Lambda$486
instanceKlass org/apache/spark/rpc/RpcTimeout$$$Lambda$485
instanceKlass org/apache/spark/rpc/RpcTimeout$$$Lambda$484
instanceKlass org/apache/spark/rpc/RpcTimeout$
instanceKlass scala/concurrent/duration/Duration$$$Lambda$483
instanceKlass scala/concurrent/duration/Duration$$$Lambda$482
instanceKlass scala/concurrent/duration/Duration$$$Lambda$481
instanceKlass scala/concurrent/duration/Duration$$$Lambda$480
instanceKlass scala/concurrent/duration/Duration$
instanceKlass scala/concurrent/duration/package$DurationLong$
instanceKlass scala/concurrent/duration/package$
instanceKlass scala/concurrent/duration/package$DurationLong
instanceKlass scala/concurrent/duration/DurationConversions
instanceKlass org/apache/spark/rpc/RpcTimeout
instanceKlass org/apache/spark/util/RpcUtils$
instanceKlass org/apache/spark/network/client/StreamCallback
instanceKlass org/apache/spark/rpc/netty/OutboxMessage
instanceKlass org/apache/spark/rpc/RpcEndpointRef
instanceKlass org/apache/spark/network/server/RpcHandler
instanceKlass org/apache/spark/rpc/RpcEnvFileServer
instanceKlass org/apache/spark/network/server/StreamManager
instanceKlass org/apache/spark/serializer/SerializationStream
instanceKlass org/apache/spark/serializer/DeserializationStream
instanceKlass org/apache/spark/serializer/JavaSerializer$$Lambda$479
instanceKlass org/apache/spark/serializer/SerializerInstance
instanceKlass org/apache/spark/rpc/RpcEnv
instanceKlass org/apache/spark/rpc/netty/NettyRpcEnvFactory
instanceKlass org/apache/spark/rpc/RpcEnvFactory
instanceKlass org/apache/spark/rpc/RpcEnvConfig
instanceKlass org/apache/spark/SparkEnv$$$Lambda$478
instanceKlass org/apache/spark/rpc/RpcEnv$
instanceKlass org/apache/spark/SparkEnv$$$Lambda$477
instanceKlass org/apache/spark/SSLOptions$$$Lambda$476
instanceKlass org/apache/spark/SSLOptions
instanceKlass org/apache/spark/SSLOptions$
instanceKlass java/net/URLClassLoader$2
instanceKlass org/apache/spark/deploy/SparkHadoopUtil
instanceKlass org/apache/spark/SecurityManager$$Lambda$475
instanceKlass org/apache/spark/SecurityManager$$Lambda$474
instanceKlass org/apache/spark/SecurityManager$$Lambda$473
instanceKlass org/apache/spark/SecurityManager$$Lambda$472
instanceKlass org/apache/spark/SecurityManager$$Lambda$471
instanceKlass scala/collection/SetLike$$Lambda$470
instanceKlass org/apache/spark/SecurityManager
instanceKlass org/apache/spark/SparkEnv$$$Lambda$469
instanceKlass org/apache/spark/internal/config/FallbackConfigEntry$$Lambda$468
instanceKlass org/apache/spark/SparkEnv$$$Lambda$467
instanceKlass org/apache/spark/SparkEnv$$$Lambda$466
instanceKlass scala/util/matching/Regex$
instanceKlass org/apache/spark/SparkMasterRegex$
instanceKlass java/io/Externalizable
instanceKlass org/apache/spark/serializer/Serializer
instanceKlass org/apache/spark/memory/MemoryManager
instanceKlass org/apache/spark/network/shuffle/BlockStoreClient
instanceKlass org/apache/spark/network/sasl/SecretKeyHolder
instanceKlass org/apache/spark/MapOutputTracker
instanceKlass org/apache/spark/SparkEnv$
instanceKlass org/apache/spark/SparkConf$$Lambda$465
instanceKlass org/apache/spark/scheduler/LiveListenerBusMetrics$$Lambda$464
instanceKlass org/apache/spark/scheduler/AsyncEventQueue$$anon$1
instanceKlass com/codahale/metrics/Histogram
instanceKlass com/codahale/metrics/EWMA
instanceKlass com/codahale/metrics/ExponentialMovingAverages
instanceKlass com/codahale/metrics/MovingAverages
instanceKlass com/codahale/metrics/Meter
instanceKlass com/codahale/metrics/Clock$UserTimeClockHolder
instanceKlass com/codahale/metrics/Clock
instanceKlass com/codahale/metrics/Snapshot
instanceKlass com/codahale/metrics/ExponentiallyDecayingReservoir
instanceKlass com/codahale/metrics/Timer
instanceKlass com/codahale/metrics/Sampling
instanceKlass com/codahale/metrics/Metered
instanceKlass org/apache/spark/scheduler/AsyncEventQueue$$Lambda$463
instanceKlass org/apache/spark/SparkConf$$Lambda$462
instanceKlass org/apache/spark/SparkConf$$Lambda$461
instanceKlass org/apache/spark/SparkConf$$Lambda$460
instanceKlass org/apache/spark/scheduler/LiveListenerBus$$Lambda$459
instanceKlass org/apache/spark/scheduler/AsyncEventQueue
instanceKlass org/apache/spark/scheduler/SparkListenerBus
instanceKlass org/apache/spark/util/ListenerBus
instanceKlass scala/util/DynamicVariable
instanceKlass org/apache/spark/scheduler/LiveListenerBus$
instanceKlass org/apache/spark/status/AppStatusStore
instanceKlass org/apache/spark/status/AppStatusListener$$Lambda$458
instanceKlass org/apache/spark/status/AppStatusListener$$Lambda$457
instanceKlass org/apache/spark/status/StageDataWrapper
instanceKlass org/apache/spark/status/AppStatusListener$$Lambda$456
instanceKlass org/apache/spark/status/JobDataWrapper
instanceKlass org/apache/spark/status/ElementTrackingStore$LatchedTriggers
instanceKlass org/apache/spark/status/ElementTrackingStore$Trigger
instanceKlass org/apache/spark/status/AppStatusListener$$Lambda$455
instanceKlass scala/runtime/java8/JFunction1$mcVJ$sp
instanceKlass java/lang/invoke/LambdaForm$DMH
instanceKlass org/apache/spark/status/ExecutorSummaryWrapper
instanceKlass org/apache/spark/status/AppSummary
instanceKlass org/apache/spark/status/AppStatusListener$
instanceKlass org/apache/spark/status/LiveEntity
instanceKlass org/apache/spark/scheduler/SparkListener
instanceKlass org/sparkproject/guava/util/concurrent/ThreadFactoryBuilder$1
instanceKlass org/sparkproject/guava/util/concurrent/ThreadFactoryBuilder
instanceKlass scala/runtime/AbstractFunction0
instanceKlass scala/concurrent/impl/ExecutionContextImpl
instanceKlass scala/concurrent/impl/ExecutionContextImpl$
instanceKlass scala/concurrent/ExecutionContext$$$Lambda$454
instanceKlass scala/concurrent/ExecutionContextExecutorService
instanceKlass scala/concurrent/ExecutionContext$
instanceKlass java/util/concurrent/ForkJoinPool$ForkJoinWorkerThreadFactory
instanceKlass scala/concurrent/ExecutionContextExecutor
instanceKlass scala/concurrent/Awaitable
instanceKlass scala/concurrent/duration/Duration
instanceKlass scala/concurrent/ExecutionContext
instanceKlass org/apache/spark/util/ThreadUtils$
instanceKlass org/apache/spark/status/ElementTrackingStore$WriteQueueResult
instanceKlass org/apache/spark/status/ElementTrackingStore
instanceKlass org/apache/spark/util/kvstore/InMemoryStore$InMemoryLists
instanceKlass org/apache/spark/util/kvstore/KVStoreView
instanceKlass org/apache/spark/status/KVUtils$$$Lambda$453
instanceKlass org/apache/spark/util/kvstore/InMemoryStore
instanceKlass org/apache/spark/status/KVUtils$$$Lambda$452
instanceKlass org/apache/spark/util/kvstore/KVStoreSerializer
instanceKlass org/apache/spark/status/KVUtils$
instanceKlass org/apache/spark/status/AppStatusStore$$$Lambda$451
instanceKlass org/apache/spark/status/AppStatusStore$$$Lambda$450
instanceKlass org/apache/spark/util/kvstore/KVStore
instanceKlass org/apache/spark/status/AppStatusStore$
instanceKlass org/apache/spark/status/AppStatusSource$$$Lambda$449
instanceKlass org/apache/spark/status/AppStatusSource
instanceKlass org/apache/spark/status/AppStatusSource$$$Lambda$448
instanceKlass org/apache/spark/internal/config/Status$
instanceKlass org/apache/spark/status/AppStatusSource$
instanceKlass org/apache/spark/scheduler/SparkListenerResourceProfileAdded
instanceKlass org/apache/spark/resource/ResourceProfileManager$$Lambda$447
instanceKlass org/apache/spark/resource/ResourceProfile$$Lambda$446
instanceKlass scala/collection/SeqLike$$Lambda$445
instanceKlass java/lang/invoke/LambdaForm$MH
instanceKlass org/apache/spark/resource/ResourceProfile$$Lambda$444
instanceKlass org/apache/spark/resource/ResourceProfile$$Lambda$443
instanceKlass scala/collection/MapLike$FilteredKeys$$Lambda$442
instanceKlass scala/collection/DefaultMap
instanceKlass scala/collection/immutable/DefaultMap
instanceKlass org/apache/spark/resource/ResourceProfile$$Lambda$441
instanceKlass org/apache/spark/resource/ResourceProfile$$Lambda$440
instanceKlass scala/Predef$any2stringadd$
instanceKlass scala/collection/MapLike$$Lambda$439
instanceKlass org/apache/spark/resource/ResourceProfile$$$Lambda$438
instanceKlass org/apache/spark/resource/ResourceProfile
instanceKlass org/apache/spark/resource/ResourceProfile$DefaultProfileExecutorResources
instanceKlass org/apache/spark/resource/ResourceProfile$$$Lambda$437
instanceKlass org/apache/spark/resource/ResourceProfile$$$Lambda$436
instanceKlass org/apache/spark/resource/ResourceProfile$$$Lambda$435
instanceKlass org/apache/spark/internal/config/ConfigEntry$$Lambda$434
instanceKlass org/apache/spark/resource/ResourceProfile$$$Lambda$433
instanceKlass org/apache/spark/internal/config/Python$
instanceKlass org/apache/spark/resource/ResourceProfile$$$Lambda$432
instanceKlass scala/runtime/AbstractPartialFunction
instanceKlass org/apache/spark/resource/ExecutorResourceRequest$
instanceKlass org/apache/spark/resource/ExecutorResourceRequest
instanceKlass org/apache/spark/resource/ResourceProfile$$$Lambda$431
instanceKlass org/apache/spark/resource/ResourceProfile$$$Lambda$430
instanceKlass org/apache/spark/resource/ResourceProfile$$$Lambda$429
instanceKlass org/apache/spark/resource/ExecutorResourceRequests
instanceKlass org/apache/spark/resource/ResourceUtils$$$Lambda$428
instanceKlass org/apache/spark/resource/TaskResourceRequest$$Lambda$427
instanceKlass org/apache/spark/resource/TaskResourceRequest
instanceKlass org/apache/spark/resource/TaskResourceRequests
instanceKlass org/apache/spark/resource/ResourceProfile$
instanceKlass org/apache/spark/resource/ResourceProfileManager
instanceKlass com/codahale/metrics/Counter
instanceKlass com/codahale/metrics/Counting
instanceKlass com/codahale/metrics/Gauge
instanceKlass com/codahale/metrics/MetricRegistry$MetricBuilder$5
instanceKlass com/codahale/metrics/MetricRegistry$MetricBuilder$4
instanceKlass com/codahale/metrics/MetricRegistry$MetricBuilder$3
instanceKlass com/codahale/metrics/Reservoir
instanceKlass com/codahale/metrics/MetricRegistry$MetricBuilder$2
instanceKlass com/codahale/metrics/MetricRegistry$MetricBuilder$1
instanceKlass com/codahale/metrics/MetricRegistry$MetricBuilder
instanceKlass com/codahale/metrics/MetricRegistryListener
instanceKlass com/codahale/metrics/MetricRegistry
instanceKlass com/codahale/metrics/MetricSet
instanceKlass com/codahale/metrics/Metric
instanceKlass org/apache/spark/scheduler/LiveListenerBusMetrics
instanceKlass org/apache/spark/scheduler/LiveListenerBus
instanceKlass org/apache/spark/SparkContext$$Lambda$426
instanceKlass org/apache/spark/SparkContext$$Lambda$425
instanceKlass org/apache/spark/SparkContext$$Lambda$424
instanceKlass org/apache/spark/SparkContext$$Lambda$423
instanceKlass org/apache/spark/util/Utils$$$Lambda$422
instanceKlass org/apache/spark/SparkConf$$Lambda$421
instanceKlass org/apache/spark/SparkConf$$Lambda$420
instanceKlass java/lang/invoke/LambdaForm$MH
instanceKlass java/lang/invoke/LambdaForm$DMH
instanceKlass java/lang/invoke/LambdaForm$DMH
instanceKlass org/apache/spark/SparkConf$$Lambda$419
instanceKlass java/lang/invoke/LambdaForm$DMH
instanceKlass org/apache/spark/SparkContext$$Lambda$418
instanceKlass org/apache/spark/resource/ResourceUtils$$$Lambda$417
instanceKlass org/apache/spark/resource/ResourceUtils$$$Lambda$416
instanceKlass org/apache/spark/resource/ResourceUtils$$$Lambda$415
instanceKlass org/apache/spark/resource/ResourceUtils$$$Lambda$414
instanceKlass org/apache/spark/resource/ResourceUtils$$$Lambda$413
instanceKlass org/apache/spark/resource/ResourceUtils$$$Lambda$412
instanceKlass org/apache/spark/resource/ResourceUtils$$$Lambda$411
instanceKlass scala/collection/SeqLike$$Lambda$410
instanceKlass scala/collection/SeqLike$$Lambda$409
instanceKlass org/apache/spark/resource/ResourceUtils$$$Lambda$408
instanceKlass org/apache/spark/resource/ResourceUtils$$$Lambda$407
instanceKlass org/apache/spark/resource/ResourceAllocation
instanceKlass org/apache/spark/resource/ResourceUtils$$$Lambda$406
instanceKlass org/apache/spark/resource/ResourceUtils$$$Lambda$405
instanceKlass org/apache/spark/resource/ResourceUtils$$$Lambda$404
instanceKlass org/apache/spark/resource/ResourceRequest
instanceKlass scala/collection/mutable/Builder$$anon$1
instanceKlass scala/Proxy
instanceKlass scala/collection/mutable/ArraySeq$$$Lambda$403
instanceKlass scala/FallbackArrayBuilding$$anon$1
instanceKlass scala/Predef$DummyImplicit
instanceKlass scala/Predef$DummyImplicit$
instanceKlass org/apache/spark/resource/ResourceUtils$$$Lambda$402
instanceKlass org/apache/spark/resource/ResourceID
instanceKlass org/apache/spark/resource/ResourceUtils$$$Lambda$401
instanceKlass org/json4s/Formats
instanceKlass org/apache/spark/resource/ResourceUtils$
instanceKlass org/apache/spark/util/logging/DriverLogger$
instanceKlass org/apache/spark/launcher/JavaModuleOptions
instanceKlass org/apache/spark/SparkContext$$$Lambda$400
instanceKlass org/apache/spark/SparkContext$$$Lambda$399
instanceKlass org/apache/spark/SparkConf$$Lambda$398
instanceKlass org/apache/spark/SparkConf$$Lambda$397
instanceKlass java/lang/invoke/LambdaForm$MH
instanceKlass java/lang/invoke/LambdaForm$DMH
instanceKlass org/apache/spark/SparkConf$$Lambda$396
instanceKlass java/lang/invoke/LambdaForm$DMH
instanceKlass org/apache/spark/SparkConf$$Lambda$395
instanceKlass org/apache/spark/internal/config/Network$
instanceKlass org/apache/spark/internal/config/ConfigEntryWithDefaultString$$Lambda$394
instanceKlass scala/util/matching/Regex$$Lambda$393
instanceKlass scala/util/matching/Regex$Replacement
instanceKlass org/apache/spark/internal/config/ConfigReader$$Lambda$392
instanceKlass java/util/regex/CharPredicates$$Lambda$391
instanceKlass org/apache/spark/internal/config/ConfigReader$
instanceKlass java/lang/invoke/LambdaForm$MH
instanceKlass org/apache/spark/SparkConf$$Lambda$390
instanceKlass java/lang/invoke/LambdaForm$DMH
instanceKlass org/apache/spark/SparkConf$$Lambda$389
instanceKlass java/lang/invoke/LambdaForm$MH
instanceKlass java/lang/invoke/LambdaForm$DMH
instanceKlass java/lang/invoke/LambdaForm$DMH
instanceKlass org/apache/spark/SparkConf$$Lambda$388
instanceKlass scala/runtime/java8/JFunction0$mcD$sp
instanceKlass java/lang/invoke/LambdaForm$DMH
instanceKlass org/apache/spark/SparkConf$$Lambda$387
instanceKlass org/apache/spark/SparkConf$$Lambda$386
instanceKlass org/apache/spark/SparkConf$$Lambda$385
instanceKlass org/apache/spark/SparkConf$$Lambda$384
instanceKlass org/apache/spark/util/Utils$$$Lambda$383
instanceKlass scala/collection/convert/DecorateAsScala$$Lambda$382
instanceKlass org/apache/logging/log4j/core/impl/MutableLogEvent
instanceKlass org/apache/logging/log4j/message/ParameterVisitable
instanceKlass org/apache/logging/log4j/message/ReusableMessage
instanceKlass org/apache/logging/log4j/core/impl/ReusableLogEventFactory
instanceKlass java/time/Instant
instanceKlass java/time/temporal/Temporal
instanceKlass java/time/ZoneId
instanceKlass java/time/temporal/TemporalAdjuster
instanceKlass java/time/Clock
instanceKlass org/apache/logging/log4j/message/TimestampMessage
instanceKlass org/apache/logging/log4j/message/LoggerNameAwareMessage
instanceKlass org/apache/logging/log4j/core/impl/ContextDataFactory
instanceKlass scala/util/matching/Regex$Match$$Lambda$381
instanceKlass scala/collection/immutable/VectorBuilder
instanceKlass scala/util/matching/Regex$Match$$Lambda$380
instanceKlass scala/runtime/java8/JFunction1$mcII$sp
instanceKlass scala/util/matching/Regex$Match
instanceKlass scala/util/matching/Regex$MatchData
instanceKlass org/apache/spark/util/VersionUtils$
instanceKlass scala/Tuple7
instanceKlass scala/Product7
instanceKlass org/apache/spark/package$SparkBuildInfo$
instanceKlass org/apache/spark/package$
instanceKlass org/apache/spark/SparkContext$$Lambda$379
instanceKlass org/apache/spark/SparkContext$$$Lambda$378
instanceKlass org/apache/spark/SparkContext$$$Lambda$377
instanceKlass org/apache/spark/SparkContext$$$Lambda$376
instanceKlass org/apache/spark/SparkContext$$$Lambda$375
instanceKlass org/apache/spark/TaskContext$
instanceKlass org/apache/spark/scheduler/SchedulerBackend
instanceKlass org/apache/spark/SparkContext$
instanceKlass org/apache/spark/util/CallSite
instanceKlass java/lang/invoke/LambdaForm$MH
instanceKlass org/apache/spark/util/Utils$$$Lambda$374
instanceKlass scala/runtime/BooleanRef
instanceKlass scala/runtime/IntRef
instanceKlass scala/runtime/ObjectRef
instanceKlass org/apache/spark/util/Utils$$$Lambda$373
instanceKlass org/apache/spark/scheduler/SparkListenerEvent
instanceKlass org/apache/spark/util/AccumulatorV2
instanceKlass org/apache/spark/metrics/source/Source
instanceKlass org/apache/spark/scheduler/SparkListenerInterface
instanceKlass org/apache/spark/rpc/RpcEndpoint
instanceKlass org/apache/spark/api/java/AbstractJavaRDDLike
instanceKlass org/apache/spark/api/java/JavaRDDLike
instanceKlass org/apache/spark/rdd/RDD
instanceKlass org/apache/spark/api/java/JavaSparkContext
instanceKlass org/apache/spark/SparkConf$$Lambda$372
instanceKlass py4j/reflection/MethodInvoker$1
instanceKlass org/apache/avro/JsonProperties
instanceKlass java/lang/invoke/SerializedLambda
instanceKlass py4j/ReturnObject
instanceKlass py4j/reflection/TypeConverter
instanceKlass py4j/reflection/MethodInvoker
instanceKlass py4j/reflection/ReflectionShim
instanceKlass py4j/reflection/MethodDescriptor
instanceKlass java/net/URLClassLoader$1
instanceKlass py4j/reflection/CurrentThreadClassLoadingStrategy
instanceKlass py4j/reflection/ClassLoadingStrategy
instanceKlass py4j/reflection/ReflectionUtil
instanceKlass py4j/reflection/TypeUtil
instanceKlass py4j/NetworkUtil
instanceKlass py4j/Protocol
instanceKlass java/nio/DirectByteBuffer$Deallocator
instanceKlass py4j/commands/AbstractCommand
instanceKlass py4j/GatewayConnection
instanceKlass java/net/Socket$3
instanceKlass java/net/Socket$2
instanceKlass py4j/commands/Command
instanceKlass py4j/ClientServerConnection
instanceKlass java/io/FileOutputStream$1
instanceKlass sun/nio/ch/FileChannelImpl$Closer
instanceKlass sun/nio/ch/NativeDispatcher
instanceKlass sun/nio/ch/NativeThreadSet
instanceKlass sun/nio/fs/WindowsChannelFactory$2
instanceKlass sun/nio/fs/WindowsChannelFactory$Flags
instanceKlass sun/nio/fs/WindowsChannelFactory$1
instanceKlass sun/nio/fs/WindowsChannelFactory
instanceKlass sun/nio/fs/WindowsPath$1
instanceKlass java/nio/file/TempFileHelper
instanceKlass java/net/Socket
instanceKlass org/apache/spark/api/python/PythonGatewayServer$$$Lambda$371
instanceKlass sun/net/NetHooks
instanceKlass java/net/InetSocketAddress$InetSocketAddressHolder
instanceKlass java/net/AbstractPlainSocketImpl$1
instanceKlass java/net/StandardSocketOptions$StdSocketOption
instanceKlass java/net/SocketOption
instanceKlass java/net/StandardSocketOptions
instanceKlass java/net/SocketImpl
instanceKlass java/net/SocketOptions
instanceKlass java/net/SocksConsts
instanceKlass java/net/ServerSocket$2
instanceKlass jdk/internal/access/JavaNetSocketAccess
instanceKlass java/net/ServerSocket
instanceKlass py4j/JVMView
instanceKlass py4j/reflection/ReflectionEngine
instanceKlass py4j/Gateway
instanceKlass java/util/concurrent/RunnableScheduledFuture
instanceKlass java/util/concurrent/ScheduledFuture
instanceKlass java/util/concurrent/Delayed
instanceKlass java/util/concurrent/RunnableFuture
instanceKlass py4j/Py4JClientConnection
instanceKlass py4j/CallbackClient
instanceKlass py4j/Py4JPythonClientPerThread
instanceKlass py4j/ClientServer
instanceKlass py4j/StringUtil
instanceKlass javax/net/SocketFactory
instanceKlass javax/net/ServerSocketFactory
instanceKlass java/net/SocketAddress
instanceKlass py4j/Py4JServerConnection
instanceKlass py4j/Py4JPythonClient
instanceKlass py4j/DefaultGatewayServerListener
instanceKlass py4j/GatewayServerListener
instanceKlass py4j/Py4JJavaServer
instanceKlass py4j/ClientServer$ClientServerBuilder
instanceKlass org/apache/spark/api/python/Py4JServer$$Lambda$370
instanceKlass java/net/Inet4AddressImpl
instanceKlass org/apache/commons/codec/binary/Hex
instanceKlass org/apache/commons/codec/BinaryDecoder
instanceKlass org/apache/commons/codec/Decoder
instanceKlass org/apache/commons/codec/BinaryEncoder
instanceKlass org/apache/commons/codec/Encoder
instanceKlass org/apache/spark/api/python/Py4JServer
instanceKlass org/apache/spark/api/python/PythonGatewayServer$
instanceKlass org/apache/spark/deploy/JavaMainApplication$$Lambda$369
instanceKlass org/apache/spark/deploy/JavaMainApplication
instanceKlass org/apache/spark/api/python/PythonGatewayServer
instanceKlass org/apache/spark/deploy/SparkSubmit$$Lambda$368
instanceKlass java/net/URLClassLoader$7
instanceKlass jdk/internal/access/JavaNetURLClassLoaderAccess
instanceKlass org/apache/spark/deploy/SparkSubmit$$Lambda$367
instanceKlass org/apache/spark/deploy/PythonRunner$$$Lambda$364
instanceKlass org/apache/spark/deploy/PythonRunner$$$Lambda$363
instanceKlass org/apache/spark/deploy/PythonRunner$$$Lambda$362
instanceKlass org/apache/spark/deploy/PythonRunner$
instanceKlass org/apache/spark/util/Utils$$$Lambda$361
instanceKlass org/apache/spark/util/Utils$$$Lambda$360
instanceKlass org/apache/spark/deploy/SparkSubmit$$Lambda$359
instanceKlass org/apache/spark/deploy/SparkSubmit$$Lambda$358
instanceKlass org/apache/spark/deploy/SparkSubmit$$Lambda$357
instanceKlass org/apache/spark/deploy/SparkSubmit$$Lambda$356
instanceKlass org/apache/spark/internal/config/UI$$$Lambda$355
instanceKlass org/apache/spark/internal/config/UI$$$Lambda$354
instanceKlass org/apache/spark/internal/config/UI$
instanceKlass java/lang/invoke/LambdaForm$MH
instanceKlass java/lang/invoke/LambdaForm$DMH
instanceKlass org/apache/spark/deploy/SparkSubmit$$Lambda$353
instanceKlass java/lang/invoke/LambdaForm$DMH
instanceKlass org/apache/spark/deploy/SparkSubmit$$Lambda$352
instanceKlass org/apache/spark/deploy/SparkSubmit$$Lambda$351
instanceKlass org/apache/spark/deploy/SparkSubmit$$Lambda$350
instanceKlass org/apache/spark/deploy/SparkSubmit$$Lambda$349
instanceKlass scala/runtime/AbstractFunction6
instanceKlass scala/Function6
instanceKlass scala/sys/SystemProperties$$Lambda$348
instanceKlass org/apache/spark/util/DependencyUtils$$$Lambda$347
instanceKlass scala/collection/mutable/WrappedArrayBuilder
instanceKlass org/apache/spark/util/DependencyUtils$$$Lambda$346
instanceKlass org/apache/spark/deploy/SparkSubmit$$Lambda$345
instanceKlass org/apache/spark/util/DependencyUtils$$$Lambda$344
instanceKlass org/apache/spark/util/DependencyUtils$$$Lambda$343
instanceKlass org/apache/spark/deploy/SparkSubmit$$Lambda$342
instanceKlass org/apache/spark/util/DependencyUtils$$$Lambda$341
instanceKlass org/apache/spark/deploy/SparkSubmit$$Lambda$340
instanceKlass org/apache/spark/deploy/SparkSubmit$$Lambda$339
instanceKlass org/apache/spark/deploy/SparkSubmit$$Lambda$338
instanceKlass org/apache/spark/deploy/SparkSubmit$$Lambda$337
instanceKlass org/apache/spark/util/DependencyUtils$$$Lambda$336
instanceKlass org/apache/spark/util/DependencyUtils$$$Lambda$335
instanceKlass org/apache/spark/util/DependencyUtils$$$Lambda$334
instanceKlass org/apache/spark/util/DependencyUtils$$$Lambda$333
instanceKlass org/apache/hadoop/shaded/com/google/re2j/CharGroup
instanceKlass org/apache/hadoop/shaded/com/google/re2j/Utils
instanceKlass org/apache/hadoop/shaded/com/google/re2j/CharClass
instanceKlass org/apache/hadoop/shaded/com/google/re2j/Inst$1
instanceKlass org/apache/hadoop/shaded/com/google/re2j/Prog$1
instanceKlass org/apache/hadoop/shaded/com/google/re2j/UnicodeTables
instanceKlass org/apache/hadoop/shaded/com/google/re2j/Unicode
instanceKlass org/apache/hadoop/shaded/com/google/re2j/Compiler$1
instanceKlass org/apache/hadoop/shaded/com/google/re2j/Compiler$Frag
instanceKlass org/apache/hadoop/shaded/com/google/re2j/Inst
instanceKlass org/apache/hadoop/shaded/com/google/re2j/Prog
instanceKlass org/apache/hadoop/shaded/com/google/re2j/Compiler
instanceKlass org/apache/hadoop/shaded/com/google/re2j/Simplify$1
instanceKlass org/apache/hadoop/shaded/com/google/re2j/Simplify
instanceKlass org/apache/hadoop/shaded/com/google/re2j/Parser$1
instanceKlass org/apache/hadoop/shaded/com/google/re2j/Regexp
instanceKlass org/apache/hadoop/shaded/com/google/re2j/Parser$StringIterator
instanceKlass org/apache/hadoop/shaded/com/google/re2j/Parser
instanceKlass org/apache/hadoop/shaded/com/google/re2j/RE2$DeliverFunc
instanceKlass org/apache/hadoop/shaded/com/google/re2j/RE2$ReplaceFunc
instanceKlass org/apache/hadoop/shaded/com/google/re2j/RE2
instanceKlass org/apache/hadoop/shaded/com/google/re2j/Pattern
instanceKlass org/apache/hadoop/fs/GlobPattern
instanceKlass org/apache/hadoop/fs/GlobFilter$1
instanceKlass org/apache/hadoop/fs/GlobFilter
instanceKlass org/apache/hadoop/io/WritableFactories
instanceKlass org/apache/hadoop/fs/permission/FsPermission$1
instanceKlass org/apache/hadoop/io/WritableFactory
instanceKlass org/apache/hadoop/fs/permission/FsPermission
instanceKlass org/apache/hadoop/fs/GlobExpander$StringWithOffset
instanceKlass org/apache/hadoop/fs/GlobExpander
instanceKlass org/apache/hadoop/fs/Globber$GlobBuilder
instanceKlass org/apache/hadoop/fs/Globber
instanceKlass org/apache/hadoop/fs/FileSystem$Statistics$7
instanceKlass org/apache/hadoop/fs/FileSystem$6
instanceKlass org/apache/hadoop/fs/FileSystem$Statistics$StatisticsData
instanceKlass org/apache/hadoop/fs/FileSystem$Statistics$StatisticsDataReferenceCleaner
instanceKlass org/apache/hadoop/fs/FileSystem$Statistics$StatisticsAggregator
instanceKlass org/apache/hadoop/fs/FileSystem$Statistics
instanceKlass org/apache/hadoop/security/token/Token
instanceKlass java/text/CharacterIterator
instanceKlass org/apache/hadoop/io/BinaryComparable
instanceKlass org/apache/hadoop/io/WritableComparable
instanceKlass org/apache/hadoop/hdfs/web/WebHdfsConstants
instanceKlass org/apache/hadoop/security/token/delegation/AbstractDelegationTokenSelector
instanceKlass org/apache/hadoop/fs/FileChecksum
instanceKlass org/apache/hadoop/fs/BlockStoragePolicySpi
instanceKlass org/apache/hadoop/hdfs/web/resources/HttpOpParam$Op
instanceKlass org/apache/hadoop/security/token/TokenSelector
instanceKlass org/apache/hadoop/hdfs/web/TokenAspect$TokenManagementDelegator
instanceKlass org/apache/hadoop/fs/DelegationTokenRenewer$Renewable
instanceKlass org/apache/hadoop/hdfs/DistributedFileSystem$PartialListingIterator
instanceKlass org/apache/hadoop/fs/MultipartUploaderBuilder
instanceKlass org/apache/hadoop/fs/BatchListingOperations
instanceKlass org/apache/hadoop/crypto/key/KeyProviderTokenIssuer
instanceKlass org/apache/hadoop/fs/viewfs/InodeTree
instanceKlass org/apache/hadoop/shaded/org/apache/commons/lang3/CharSequenceUtils
instanceKlass org/apache/hadoop/fs/Path
instanceKlass org/apache/hadoop/fs/FileStatus
instanceKlass org/apache/hadoop/fs/PathHandle
instanceKlass org/apache/hadoop/fs/ChecksumFileSystem$9
instanceKlass org/apache/hadoop/fs/FutureDataInputStreamBuilder
instanceKlass org/apache/hadoop/tracing/TraceScope
instanceKlass org/apache/hadoop/tracing/Tracer
instanceKlass org/apache/hadoop/tracing/TraceUtils
instanceKlass org/apache/hadoop/tracing/Tracer$Builder
instanceKlass org/apache/hadoop/fs/FsTracer
instanceKlass org/apache/hadoop/util/DurationInfo$$Lambda$332
instanceKlass org/apache/hadoop/util/OperationDuration
instanceKlass javax/security/auth/kerberos/KerberosPrincipal
instanceKlass org/apache/hadoop/security/User
instanceKlass java/util/LinkedList$ListItr
instanceKlass javax/security/auth/Subject$SecureSet$1
instanceKlass com/sun/security/auth/NTNumericCredential
instanceKlass com/sun/security/auth/NTDomainPrincipal
instanceKlass com/sun/security/auth/NTSid
instanceKlass com/sun/security/auth/module/NTSystem
instanceKlass com/sun/jmx/remote/security/FileLoginModule
instanceKlass com/sun/security/auth/module/NTLoginModule
instanceKlass javax/naming/ldap/LdapContext
instanceKlass javax/naming/directory/DirContext
instanceKlass com/sun/security/auth/module/LdapLoginModule
instanceKlass com/sun/security/auth/module/KeyStoreLoginModule
instanceKlass javax/naming/directory/Attributes
instanceKlass com/sun/security/auth/module/JndiLoginModule
instanceKlass com/sun/security/auth/module/UnixLoginModule
instanceKlass javax/security/auth/callback/CallbackHandler
instanceKlass com/sun/security/auth/module/Krb5LoginModule
instanceKlass javax/security/auth/login/LoginContext$$Lambda$331
instanceKlass javax/security/auth/login/LoginContext$4
instanceKlass javax/security/auth/Subject$SecureSet
instanceKlass org/apache/hadoop/util/Time
instanceKlass javax/security/auth/login/LoginContext$3
instanceKlass javax/security/auth/login/LoginContext$2
instanceKlass javax/security/auth/login/LoginContext$ModuleInfo
instanceKlass javax/security/auth/login/AppConfigurationEntry$LoginModuleControlFlag
instanceKlass javax/security/auth/login/AppConfigurationEntry
instanceKlass sun/security/util/ObjectIdentifier
instanceKlass org/ietf/jgss/Oid
instanceKlass org/apache/hadoop/security/authentication/util/KerberosUtil
instanceKlass javax/security/auth/Subject$1
instanceKlass jdk/internal/module/SystemModuleFinders$SystemModuleReader$$Lambda$330
instanceKlass java/util/ResourceBundle$ResourceBundleProviderHelper$$Lambda$329
instanceKlass java/util/ResourceBundle$ResourceBundleProviderHelper$$Lambda$328
instanceKlass java/util/ResourceBundle$3
instanceKlass java/util/ResourceBundle$CacheKeyReference
instanceKlass java/util/ResourceBundle$CacheKey
instanceKlass java/util/ResourceBundle$$Lambda$327
instanceKlass sun/security/util/ResourcesMgr$$Lambda$326
instanceKlass java/lang/invoke/LambdaForm$MH
instanceKlass java/lang/invoke/LambdaForm$MH
instanceKlass sun/security/util/InjectedInvoker
instanceKlass java/lang/invoke/LambdaForm$MH
instanceKlass java/lang/invoke/LambdaForm$MH
instanceKlass sun/security/util/ResourcesMgr
instanceKlass javax/security/auth/Subject
instanceKlass org/apache/hadoop/thirdparty/com/google/common/cache/LocalCache$AbstractReferenceEntry
instanceKlass org/apache/hadoop/thirdparty/com/google/common/cache/LocalCache$LoadingValueReference
instanceKlass org/apache/hadoop/thirdparty/com/google/common/cache/RemovalListener
instanceKlass org/apache/hadoop/thirdparty/com/google/common/cache/Weigher
instanceKlass org/apache/hadoop/thirdparty/com/google/common/cache/LocalCache$1
instanceKlass org/apache/hadoop/thirdparty/com/google/common/cache/ReferenceEntry
instanceKlass org/apache/hadoop/thirdparty/com/google/common/cache/LocalCache$ValueReference
instanceKlass org/apache/hadoop/thirdparty/com/google/common/cache/LocalCache$LocalManualCache
instanceKlass org/apache/hadoop/thirdparty/com/google/common/util/concurrent/FutureCallback
instanceKlass org/apache/hadoop/thirdparty/com/google/common/cache/CacheBuilder$2
instanceKlass org/apache/hadoop/thirdparty/com/google/common/cache/CacheStats
instanceKlass org/apache/hadoop/thirdparty/com/google/common/base/Suppliers$SupplierOfInstance
instanceKlass org/apache/hadoop/thirdparty/com/google/common/base/Suppliers
instanceKlass org/apache/hadoop/thirdparty/com/google/common/cache/CacheBuilder$1
instanceKlass org/apache/hadoop/thirdparty/com/google/common/cache/AbstractCache$StatsCounter
instanceKlass org/apache/hadoop/thirdparty/com/google/common/cache/LoadingCache
instanceKlass org/apache/hadoop/thirdparty/com/google/common/cache/Cache
instanceKlass org/apache/hadoop/thirdparty/com/google/common/base/Supplier
instanceKlass org/apache/hadoop/thirdparty/com/google/common/cache/CacheBuilder
instanceKlass org/apache/hadoop/mapred/JobConfigurable
instanceKlass org/apache/hadoop/shaded/org/apache/commons/collections/keyvalue/AbstractMapEntryDecorator
instanceKlass org/apache/hadoop/shaded/org/apache/commons/collections/KeyValue
instanceKlass org/apache/hadoop/shaded/org/apache/commons/collections/iterators/AbstractIteratorDecorator
instanceKlass org/apache/hadoop/shaded/org/apache/commons/collections/collection/AbstractCollectionDecorator
instanceKlass org/apache/hadoop/fs/Abortable
instanceKlass org/apache/hadoop/fs/Syncable
instanceKlass org/apache/hadoop/mapreduce/Mapper
instanceKlass org/apache/hadoop/mapreduce/Partitioner
instanceKlass org/apache/hadoop/io/WritableComparator
instanceKlass org/apache/hadoop/mapreduce/RecordWriter
instanceKlass org/apache/hadoop/mapreduce/TaskAttemptContext
instanceKlass org/apache/hadoop/util/Progressable
instanceKlass org/apache/hadoop/mapreduce/OutputCommitter
instanceKlass org/apache/hadoop/mapreduce/JobContext
instanceKlass org/apache/hadoop/mapreduce/MRJobConfig
instanceKlass org/apache/hadoop/mapreduce/OutputFormat
instanceKlass org/apache/hadoop/mapreduce/util/ConfigUtil
instanceKlass org/apache/hadoop/io/RawComparator
instanceKlass org/apache/hadoop/security/JniBasedUnixGroupsMapping
instanceKlass org/apache/hadoop/util/NativeCodeLoader
instanceKlass org/apache/hadoop/security/JniBasedUnixGroupsMappingWithFallback
instanceKlass org/apache/hadoop/security/GroupMappingServiceProvider
instanceKlass org/apache/hadoop/util/Timer
instanceKlass org/apache/hadoop/thirdparty/com/google/common/cache/CacheLoader
instanceKlass org/apache/hadoop/thirdparty/com/google/common/base/Ticker
instanceKlass org/apache/hadoop/security/authentication/util/KerberosName$Rule
instanceKlass org/apache/hadoop/security/HadoopKerberosName$1
instanceKlass java/util/regex/CharPredicates$$Lambda$325
instanceKlass org/apache/hadoop/security/authentication/util/KerberosName
instanceKlass org/apache/hadoop/security/SecurityInfo
instanceKlass org/apache/hadoop/security/SecurityUtil$StandardHostResolver
instanceKlass org/apache/hadoop/security/SecurityUtil$HostResolver
instanceKlass org/apache/hadoop/security/SecurityUtil
instanceKlass com/sun/security/auth/NTUserPrincipal
instanceKlass org/apache/hadoop/util/PlatformName
instanceKlass org/apache/hadoop/metrics2/impl/MetricsSystemImpl$3
instanceKlass org/apache/hadoop/metrics2/MetricsSystem$AbstractCallback
instanceKlass org/apache/hadoop/metrics2/lib/UniqueNames$Count
instanceKlass org/apache/hadoop/metrics2/lib/MetricsSourceBuilder$1
instanceKlass jdk/internal/HotSpotIntrinsicCandidate
instanceKlass org/apache/hadoop/metrics2/util/SampleStat$MinMax
instanceKlass org/apache/hadoop/metrics2/util/SampleStat
instanceKlass org/apache/hadoop/shaded/org/apache/commons/lang3/StringUtils
instanceKlass org/apache/hadoop/metrics2/annotation/Metric
instanceKlass org/apache/hadoop/metrics2/MetricsTag
instanceKlass org/apache/hadoop/security/UserGroupInformation$HadoopLoginModule
instanceKlass javax/security/auth/spi/LoginModule
instanceKlass org/apache/hadoop/security/UserGroupInformation$RealUser
instanceKlass javax/security/auth/login/Configuration$Parameters
instanceKlass javax/security/auth/login/Configuration
instanceKlass org/apache/hadoop/classification/InterfaceStability$Evolving
instanceKlass org/apache/hadoop/classification/InterfaceAudience$Public
instanceKlass org/apache/hadoop/metrics2/annotation/Metrics
instanceKlass org/apache/hadoop/util/ReflectionUtils$2
instanceKlass org/apache/hadoop/util/ReflectionUtils
instanceKlass org/apache/hadoop/metrics2/lib/MutableMetric
instanceKlass org/apache/hadoop/metrics2/lib/MutableMetricsFactory
instanceKlass org/apache/hadoop/metrics2/lib/MetricsSourceBuilder
instanceKlass org/apache/hadoop/metrics2/lib/MetricsAnnotations
instanceKlass org/apache/hadoop/thirdparty/com/google/common/base/Joiner
instanceKlass org/apache/hadoop/metrics2/lib/UniqueNames
instanceKlass org/apache/hadoop/metrics2/MetricsRecordBuilder
instanceKlass org/apache/hadoop/metrics2/impl/MetricsCollectorImpl
instanceKlass org/apache/hadoop/metrics2/MetricsCollector
instanceKlass org/apache/hadoop/thirdparty/com/google/common/collect/Lists
instanceKlass org/apache/hadoop/metrics2/lib/MetricsInfoImpl
instanceKlass org/apache/hadoop/metrics2/lib/Interns$CacheWith2Keys
instanceKlass org/apache/hadoop/metrics2/lib/Interns
instanceKlass org/apache/hadoop/thirdparty/com/google/common/collect/ImmutableMap
instanceKlass org/apache/hadoop/thirdparty/com/google/common/collect/Maps$EntryTransformer
instanceKlass org/apache/hadoop/thirdparty/com/google/common/collect/BiMap
instanceKlass org/apache/hadoop/thirdparty/com/google/common/collect/UnmodifiableIterator
instanceKlass org/apache/hadoop/thirdparty/com/google/common/base/Converter
instanceKlass org/apache/hadoop/thirdparty/com/google/common/collect/SortedMapDifference
instanceKlass org/apache/hadoop/thirdparty/com/google/common/collect/MapDifference
instanceKlass org/apache/hadoop/thirdparty/com/google/common/collect/Maps
instanceKlass org/apache/hadoop/metrics2/lib/MetricsRegistry
instanceKlass org/apache/hadoop/metrics2/MetricsInfo
instanceKlass org/apache/hadoop/shaded/org/apache/commons/configuration2/Configuration
instanceKlass org/apache/hadoop/shaded/org/apache/commons/configuration2/sync/SynchronizerSupport
instanceKlass org/apache/hadoop/shaded/org/apache/commons/configuration2/ImmutableConfiguration
instanceKlass org/apache/hadoop/metrics2/MetricsSystem$Callback
instanceKlass org/apache/hadoop/metrics2/MetricsSystem
instanceKlass org/apache/hadoop/metrics2/MetricsSystemMXBean
instanceKlass org/apache/hadoop/metrics2/MetricsSource
instanceKlass org/apache/hadoop/security/UserGroupInformation$UgiMetrics
instanceKlass org/apache/hadoop/security/Groups
instanceKlass org/apache/hadoop/security/UserGroupInformation$AutoRenewalForUserCredsRunnable
instanceKlass javax/security/auth/login/LoginContext
instanceKlass org/apache/hadoop/security/UserGroupInformation
instanceKlass org/apache/hadoop/fs/FileSystem$Cache$Key
instanceKlass org/apache/hadoop/fs/FileSystem$3
instanceKlass java/util/concurrent/Semaphore
instanceKlass org/apache/hadoop/fs/FileSystem$Cache$ClientFinalizer
instanceKlass org/apache/hadoop/fs/FileSystem$Cache
instanceKlass org/apache/commons/logging/impl/SLF4JLocationAwareLog
instanceKlass org/apache/commons/logging/Log
instanceKlass org/apache/commons/logging/LogFactory$2
instanceKlass org/apache/commons/logging/LogFactory$3
instanceKlass org/apache/commons/logging/LogFactory$4
instanceKlass org/apache/commons/logging/impl/WeakHashtable$Referenced
instanceKlass sun/nio/ch/Interruptible
instanceKlass java/lang/module/ModuleDescriptor$Builder$$Lambda$324
instanceKlass jdk/internal/module/Checks
instanceKlass java/lang/module/ModuleDescriptor$Builder
instanceKlass java/lang/reflect/Proxy$ProxyBuilder$$Lambda$323
instanceKlass java/lang/reflect/AccessibleObject$$Lambda$322
instanceKlass org/apache/commons/logging/LogFactory$1
instanceKlass org/apache/commons/logging/LogFactory$6
instanceKlass org/apache/commons/logging/LogFactory
instanceKlass org/apache/hadoop/fs/impl/AbstractFSBuilderImpl
instanceKlass org/apache/hadoop/fs/FSBuilder
instanceKlass org/apache/hadoop/fs/StorageStatistics
instanceKlass org/apache/hadoop/fs/GlobalStorageStatistics$StorageStatisticsProvider
instanceKlass org/apache/hadoop/fs/QuotaUsage
instanceKlass org/apache/hadoop/fs/RemoteIterator
instanceKlass org/apache/hadoop/fs/PathFilter
instanceKlass org/apache/spark/util/DependencyUtils$$$Lambda$321
instanceKlass org/apache/spark/util/DependencyUtils$$$Lambda$320
instanceKlass org/apache/spark/deploy/SparkSubmit$$Lambda$319
instanceKlass org/apache/spark/util/SparkShutdownHook
instanceKlass java/util/TimerTask
instanceKlass org/apache/hadoop/util/Shell
instanceKlass org/apache/hadoop/util/StringUtils
instanceKlass org/apache/hadoop/util/ShutdownHookManager$HookEntry
instanceKlass java/util/concurrent/ThreadPoolExecutor$AbortPolicy
instanceKlass java/util/concurrent/RejectedExecutionHandler
instanceKlass java/util/concurrent/AbstractExecutorService
instanceKlass java/util/concurrent/Executors$DelegatedExecutorService
instanceKlass org/apache/hadoop/util/concurrent/HadoopExecutors
instanceKlass org/apache/hadoop/thirdparty/com/google/common/util/concurrent/ThreadFactoryBuilder$1
instanceKlass org/apache/hadoop/thirdparty/com/google/common/util/concurrent/ThreadFactoryBuilder
instanceKlass org/apache/hadoop/util/ShutdownHookManager
instanceKlass org/apache/spark/util/SparkShutdownHookManager$$anon$2
instanceKlass org/apache/spark/util/SparkShutdownHookManager
instanceKlass org/apache/spark/util/ShutdownHookManager$$$Lambda$318
instanceKlass scala/runtime/java8/JFunction0$mcV$sp
instanceKlass java/lang/invoke/LambdaForm$DMH
instanceKlass org/apache/spark/util/ShutdownHookManager$$$Lambda$317
instanceKlass org/apache/spark/util/ShutdownHookManager$
instanceKlass sun/nio/fs/WindowsSecurityDescriptor
instanceKlass sun/security/provider/AbstractDrbg$NonceProvider
instanceKlass sun/security/provider/AbstractDrbg$SeederHolder$$Lambda$316
instanceKlass java/lang/invoke/LambdaForm$DMH
instanceKlass java/lang/invoke/LambdaForm$DMH
instanceKlass sun/nio/fs/BasicFileAttributesHolder
instanceKlass sun/nio/fs/WindowsDirectoryStream$WindowsDirectoryIterator
instanceKlass sun/nio/fs/WindowsDirectoryStream
instanceKlass java/nio/file/DirectoryStream
instanceKlass java/nio/file/Files$AcceptAllFilter
instanceKlass java/nio/file/DirectoryStream$Filter
instanceKlass java/net/NetworkInterface$2
instanceKlass java/net/DefaultInterface
instanceKlass java/net/InterfaceAddress
instanceKlass java/net/NetworkInterface$1
instanceKlass java/net/NetworkInterface
instanceKlass sun/security/provider/ByteArrayAccess
instanceKlass java/lang/StringCoding$StringEncoder
instanceKlass sun/security/provider/SeedGenerator$1
instanceKlass sun/security/util/MessageDigestSpi2
instanceKlass sun/security/jca/GetInstance$Instance
instanceKlass sun/security/jca/GetInstance
instanceKlass java/security/MessageDigestSpi
instanceKlass sun/security/provider/SeedGenerator
instanceKlass sun/security/provider/AbstractDrbg$SeederHolder
instanceKlass java/security/DrbgParameters$NextBytes
instanceKlass sun/security/provider/AbstractDrbg$$Lambda$315
instanceKlass sun/security/provider/EntropySource
instanceKlass java/lang/invoke/LambdaForm$DMH
instanceKlass java/lang/invoke/LambdaForm$DMH
instanceKlass sun/security/provider/AbstractDrbg
instanceKlass java/security/DrbgParameters$Instantiation
instanceKlass java/security/DrbgParameters
instanceKlass sun/security/provider/MoreDrbgParameters
instanceKlass sun/security/provider/DRBG$$Lambda$314
instanceKlass java/security/SecureRandomSpi
instanceKlass java/security/SecureRandomParameters
instanceKlass jdk/internal/event/Event
instanceKlass sun/security/util/KnownOIDs$$Lambda$313
instanceKlass java/lang/invoke/LambdaForm$DMH
instanceKlass sun/security/util/SecurityProviderConstants
instanceKlass java/security/Provider$UString
instanceKlass java/security/Provider$Service
instanceKlass sun/security/provider/NativePRNG$NonBlocking
instanceKlass sun/security/provider/NativePRNG$Blocking
instanceKlass sun/security/provider/NativePRNG
instanceKlass sun/security/provider/SunEntries$1
instanceKlass sun/security/provider/SunEntries
instanceKlass sun/security/jca/ProviderList$2
instanceKlass java/security/Provider$EngineDescription
instanceKlass java/security/Provider$ServiceKey
instanceKlass sun/security/jca/ProviderConfig
instanceKlass sun/security/jca/ProviderList
instanceKlass sun/security/jca/Providers
instanceKlass java/util/UUID$Holder
instanceKlass org/apache/spark/deploy/SparkHadoopUtil$$$Lambda$312
instanceKlass org/apache/spark/deploy/SparkHadoopUtil$$$Lambda$311
instanceKlass org/apache/spark/deploy/SparkHadoopUtil$$$Lambda$310
instanceKlass org/apache/hadoop/shaded/com/ctc/wstx/io/BufferRecycler
instanceKlass org/apache/hadoop/conf/Configuration$ParsedItem
instanceKlass org/apache/hadoop/thirdparty/com/google/common/collect/MapMakerInternalMap$StrongKeyDummyValueEntry$Helper
instanceKlass org/apache/hadoop/thirdparty/com/google/common/base/MoreObjects
instanceKlass org/apache/hadoop/thirdparty/com/google/common/collect/MapMakerInternalMap$InternalEntry
instanceKlass org/apache/hadoop/thirdparty/com/google/common/collect/MapMakerInternalMap$1
instanceKlass org/apache/hadoop/thirdparty/com/google/common/collect/MapMakerInternalMap$InternalEntryHelper
instanceKlass org/apache/hadoop/thirdparty/com/google/common/collect/MapMakerInternalMap$WeakValueReference
instanceKlass org/apache/hadoop/thirdparty/com/google/common/base/Predicate
instanceKlass org/apache/hadoop/thirdparty/com/google/common/base/Equivalence
instanceKlass java/util/function/BiPredicate
instanceKlass org/apache/hadoop/thirdparty/com/google/common/collect/Interners$InternerImpl
instanceKlass org/apache/hadoop/thirdparty/com/google/common/collect/MapMaker
instanceKlass org/apache/hadoop/thirdparty/com/google/common/collect/Interner
instanceKlass org/apache/hadoop/thirdparty/com/google/common/collect/Interners$InternerBuilder
instanceKlass org/apache/hadoop/thirdparty/com/google/common/base/Function
instanceKlass org/apache/hadoop/thirdparty/com/google/common/collect/Interners
instanceKlass org/apache/hadoop/util/StringInterner
instanceKlass org/apache/hadoop/shaded/com/ctc/wstx/sr/Element
instanceKlass org/apache/hadoop/conf/Configuration$Parser
instanceKlass org/apache/hadoop/shaded/com/ctc/wstx/util/TextBuffer
instanceKlass org/apache/hadoop/shaded/com/ctc/wstx/util/TextBuilder
instanceKlass org/apache/hadoop/shaded/com/ctc/wstx/sr/AttributeCollector
instanceKlass org/apache/hadoop/shaded/com/ctc/wstx/util/StringVector
instanceKlass org/apache/hadoop/shaded/org/codehaus/stax2/validation/XMLValidator
instanceKlass org/apache/hadoop/shaded/com/ctc/wstx/util/BaseNsContext
instanceKlass org/apache/hadoop/shaded/com/ctc/wstx/sr/InputElementStack
instanceKlass org/apache/hadoop/shaded/com/ctc/wstx/sr/NsDefaultProvider
instanceKlass org/apache/hadoop/shaded/org/codehaus/stax2/validation/ValidationContext
instanceKlass org/apache/hadoop/shaded/org/codehaus/stax2/validation/DTDValidationSchema
instanceKlass org/apache/hadoop/shaded/org/codehaus/stax2/validation/XMLValidationSchema
instanceKlass org/apache/hadoop/shaded/org/codehaus/stax2/typed/TypedArrayDecoder
instanceKlass org/apache/hadoop/shaded/org/codehaus/stax2/typed/TypedValueDecoder
instanceKlass org/apache/hadoop/shaded/org/codehaus/stax2/AttributeInfo
instanceKlass javax/xml/namespace/NamespaceContext
instanceKlass org/apache/hadoop/shaded/org/codehaus/stax2/XMLStreamLocation2
instanceKlass org/apache/hadoop/shaded/org/codehaus/stax2/ri/evt/BaseEventImpl
instanceKlass org/apache/hadoop/shaded/org/codehaus/stax2/evt/XMLEvent2
instanceKlass javax/xml/stream/events/EntityDeclaration
instanceKlass javax/xml/stream/events/XMLEvent
instanceKlass org/apache/hadoop/shaded/com/ctc/wstx/io/WstxInputData
instanceKlass org/apache/hadoop/shaded/com/ctc/wstx/cfg/ParsingErrorMsgs
instanceKlass org/apache/hadoop/shaded/com/ctc/wstx/sr/InputProblemReporter
instanceKlass org/apache/hadoop/shaded/org/codehaus/stax2/LocationInfo
instanceKlass org/apache/hadoop/shaded/org/codehaus/stax2/DTDInfo
instanceKlass org/apache/hadoop/shaded/com/ctc/wstx/sr/StreamReaderImpl
instanceKlass org/apache/hadoop/shaded/com/ctc/wstx/io/WstxInputSource
instanceKlass org/apache/hadoop/shaded/com/ctc/wstx/io/InputSourceFactory
instanceKlass javax/xml/stream/Location
instanceKlass org/apache/hadoop/shaded/com/ctc/wstx/io/SystemId
instanceKlass org/apache/hadoop/conf/Configuration$Resource
instanceKlass org/apache/spark/SparkConf$$Lambda$309
instanceKlass org/apache/spark/deploy/SparkHadoopUtil$$$Lambda$308
instanceKlass org/apache/spark/deploy/SparkHadoopUtil$$$Lambda$307
instanceKlass org/apache/spark/deploy/SparkHadoopUtil$$$Lambda$306
instanceKlass org/apache/spark/SparkConf$$Lambda$305
instanceKlass org/apache/spark/deploy/SparkHadoopUtil$$$Lambda$304
instanceKlass java/util/WeakHashMap$HashIterator
instanceKlass org/apache/hadoop/shaded/org/apache/commons/collections/MapIterator
instanceKlass org/apache/hadoop/shaded/org/apache/commons/collections/map/AbstractMapDecorator
instanceKlass org/apache/hadoop/shaded/org/apache/commons/collections/Unmodifiable
instanceKlass org/apache/hadoop/shaded/org/apache/commons/collections/IterableMap
instanceKlass org/apache/hadoop/conf/Configuration$DeprecatedKeyInfo
instanceKlass org/apache/hadoop/conf/Configuration$DeprecationContext
instanceKlass org/apache/hadoop/thirdparty/com/google/common/base/Java8Usage$$Lambda$303
instanceKlass org/apache/hadoop/thirdparty/com/google/common/base/Java8Usage
instanceKlass org/apache/hadoop/thirdparty/com/google/common/base/Preconditions
instanceKlass org/apache/hadoop/conf/Configuration$DeprecationDelta
instanceKlass org/apache/hadoop/shaded/com/ctc/wstx/api/WstxInputProperties$ParsingMode
instanceKlass org/apache/hadoop/shaded/com/ctc/wstx/api/WstxInputProperties
instanceKlass org/apache/hadoop/shaded/com/ctc/wstx/api/CommonConfig
instanceKlass org/apache/hadoop/shaded/com/ctc/wstx/util/SymbolTable$Bucket
instanceKlass org/apache/hadoop/shaded/com/ctc/wstx/util/SymbolTable
instanceKlass org/apache/hadoop/shaded/com/ctc/wstx/util/DefaultXmlSymbolTable
instanceKlass org/apache/hadoop/shaded/org/codehaus/stax2/XMLEventReader2
instanceKlass javax/xml/stream/util/XMLEventAllocator
instanceKlass javax/xml/stream/XMLEventReader
instanceKlass org/apache/hadoop/shaded/org/codehaus/stax2/XMLStreamReader2
instanceKlass org/apache/hadoop/shaded/org/codehaus/stax2/validation/Validatable
instanceKlass org/apache/hadoop/shaded/org/codehaus/stax2/typed/TypedXMLStreamReader
instanceKlass javax/xml/stream/XMLInputFactory
instanceKlass org/apache/hadoop/shaded/org/codehaus/stax2/XMLStreamProperties
instanceKlass org/apache/hadoop/shaded/com/ctc/wstx/cfg/InputConfigFlags
instanceKlass org/apache/hadoop/shaded/com/ctc/wstx/sr/ReaderCreator
instanceKlass org/apache/hadoop/conf/Configuration$NegativeCacheSentinel
instanceKlass org/w3c/dom/Node
instanceKlass javax/xml/stream/XMLStreamReader
instanceKlass javax/xml/stream/XMLStreamConstants
instanceKlass org/apache/hadoop/shaded/com/ctc/wstx/io/InputBootstrapper
instanceKlass org/apache/spark/deploy/SparkHadoopUtil$
instanceKlass org/apache/spark/deploy/SparkSubmit$$Lambda$302
instanceKlass org/apache/spark/deploy/SparkSubmitUtils$$$Lambda$301
instanceKlass org/apache/spark/deploy/SparkSubmitUtils$$$Lambda$300
instanceKlass org/apache/spark/deploy/SparkSubmitUtils$$$Lambda$299
instanceKlass org/apache/spark/deploy/SparkSubmitUtils$$$Lambda$298
instanceKlass org/apache/spark/deploy/SparkSubmitUtils$$$Lambda$297
instanceKlass org/apache/ivy/util/FileUtil$DissectedPath
instanceKlass java/util/stream/Sink$ChainedInt
instanceKlass java/util/stream/Sink$OfInt
instanceKlass java/util/function/IntConsumer
instanceKlass java/util/stream/AbstractSpinedBuffer
instanceKlass java/util/stream/Node$Builder
instanceKlass java/util/stream/Node$OfDouble
instanceKlass java/util/stream/Node$OfLong
instanceKlass java/util/stream/Node$OfInt
instanceKlass java/util/stream/Node$OfPrimitive
instanceKlass java/util/stream/Nodes$EmptyNode
instanceKlass java/util/stream/Node
instanceKlass java/util/stream/Nodes
instanceKlass java/io/WinNTFileSystem$$Lambda$296
instanceKlass java/io/WinNTFileSystem$$Lambda$295
instanceKlass java/io/WinNTFileSystem$$Lambda$294
instanceKlass java/util/function/IntFunction
instanceKlass java/util/stream/IntStream
instanceKlass java/util/BitSet$1BitSetSpliterator
instanceKlass java/util/BitSet
instanceKlass org/apache/ivy/util/FileUtil
instanceKlass org/apache/ivy/util/Checks
instanceKlass org/apache/spark/internal/config/Tests$
instanceKlass org/apache/ivy/plugins/resolver/LazyTimeoutConstraint
instanceKlass org/apache/ivy/util/HostUtil
instanceKlass org/apache/ivy/plugins/resolver/BasicResolver$6
instanceKlass org/apache/ivy/plugins/resolver/BasicResolver$5
instanceKlass org/apache/ivy/util/url/ApacheURLLister
instanceKlass org/apache/ivy/plugins/repository/RepositoryCopyProgressListener
instanceKlass javax/swing/event/EventListenerList
instanceKlass org/apache/ivy/util/CopyProgressListener
instanceKlass org/apache/ivy/plugins/repository/AbstractRepository
instanceKlass org/apache/ivy/plugins/repository/TransferListener
instanceKlass org/apache/ivy/plugins/repository/Resource
instanceKlass org/apache/ivy/plugins/resolver/util/ResourceMDParser
instanceKlass org/apache/ivy/core/cache/ModuleDescriptorWriter
instanceKlass org/apache/ivy/plugins/resolver/util/ResolvedResource
instanceKlass org/apache/ivy/plugins/repository/ResourceDownloader
instanceKlass org/apache/ivy/plugins/repository/ArtifactResourceResolver
instanceKlass org/apache/ivy/core/cache/DownloadListener
instanceKlass org/apache/spark/deploy/SparkSubmitUtils$$$Lambda$293
instanceKlass org/apache/spark/deploy/SparkSubmitUtils$$$Lambda$292
instanceKlass org/apache/ivy/plugins/circular/AbstractCircularDependencyStrategy
instanceKlass org/apache/ivy/plugins/circular/CircularDependencyStrategy
instanceKlass org/apache/ivy/plugins/report/XmlReportWriter
instanceKlass org/apache/ivy/plugins/report/XmlReportOutputter
instanceKlass org/apache/ivy/plugins/report/LogReportOutputter
instanceKlass org/apache/ivy/plugins/matcher/Matcher
instanceKlass org/apache/ivy/plugins/matcher/AbstractPatternMatcher
instanceKlass org/apache/ivy/plugins/lock/FileBasedLockStrategy$NIOFileLocker
instanceKlass org/apache/ivy/plugins/lock/FileBasedLockStrategy$CreateFileLocker
instanceKlass org/apache/ivy/plugins/lock/FileBasedLockStrategy$FileLocker
instanceKlass org/apache/ivy/plugins/lock/AbstractLockStrategy
instanceKlass org/apache/ivy/osgi/core/OsgiLatestStrategy$ArtifactInfoComparator
instanceKlass org/apache/ivy/osgi/core/OsgiLatestStrategy$MridComparator
instanceKlass org/apache/ivy/plugins/latest/LatestTimeStrategy$1
instanceKlass org/apache/ivy/plugins/latest/LatestRevisionStrategy$ArtifactInfoComparator
instanceKlass org/apache/ivy/plugins/latest/LatestRevisionStrategy$MridComparator
instanceKlass org/apache/ivy/plugins/latest/LatestLexicographicStrategy$1
instanceKlass org/apache/ivy/plugins/namespace/Namespace
instanceKlass org/apache/ivy/osgi/core/OSGiManifestParser
instanceKlass org/apache/ivy/plugins/parser/ModuleDescriptorParser
instanceKlass org/apache/ivy/core/cache/DefaultRepositoryCacheManager
instanceKlass org/apache/ivy/plugins/latest/AbstractLatestStrategy
instanceKlass org/apache/ivy/plugins/signer/bouncycastle/OpenPGPSignatureGenerator
instanceKlass org/apache/ivy/plugins/signer/SignatureGenerator
instanceKlass org/apache/ivy/plugins/version/AbstractVersionMatcher
instanceKlass org/apache/ivy/core/settings/NamedTimeoutConstraint
instanceKlass org/apache/ivy/core/settings/TimeoutConstraint
instanceKlass org/apache/ivy/plugins/conflict/AbstractConflictManager
instanceKlass org/apache/ivy/plugins/IvySettingsAware
instanceKlass org/apache/ivy/plugins/trigger/AbstractTrigger
instanceKlass org/apache/ivy/plugins/trigger/Trigger
instanceKlass org/apache/ivy/core/event/IvyListener
instanceKlass org/apache/ivy/plugins/resolver/AbstractResolver
instanceKlass org/apache/ivy/core/settings/Validatable
instanceKlass org/apache/ivy/plugins/resolver/util/HasLatestStrategy
instanceKlass org/apache/ivy/Ivy
instanceKlass org/apache/ivy/core/module/descriptor/Artifact
instanceKlass org/apache/ivy/core/IvyPatternHelper
instanceKlass org/apache/ivy/core/IvyContext
instanceKlass org/apache/ivy/util/AbstractMessageLogger
instanceKlass org/apache/ivy/util/MessageLogger
instanceKlass org/apache/ivy/util/Message
instanceKlass org/xml/sax/helpers/DefaultHandler
instanceKlass org/xml/sax/ErrorHandler
instanceKlass org/xml/sax/ContentHandler
instanceKlass org/xml/sax/DTDHandler
instanceKlass org/xml/sax/EntityResolver
instanceKlass org/apache/ivy/core/pack/ArchivePacking
instanceKlass org/apache/ivy/core/pack/PackingRegistry
instanceKlass org/apache/ivy/core/module/id/MatcherLookup
instanceKlass org/apache/ivy/core/module/id/ModuleRules
instanceKlass org/apache/ivy/core/settings/IvyVariableContainerImpl
instanceKlass org/apache/ivy/util/filter/Filter
instanceKlass org/apache/ivy/core/cache/ResolutionCacheManager
instanceKlass org/apache/ivy/core/RelativeUrlResolver
instanceKlass org/apache/ivy/core/cache/RepositoryCacheManager
instanceKlass org/apache/ivy/plugins/version/VersionMatcher
instanceKlass org/apache/ivy/plugins/report/ReportOutputter
instanceKlass org/apache/ivy/plugins/conflict/ConflictManager
instanceKlass org/apache/ivy/plugins/lock/LockStrategy
instanceKlass org/apache/ivy/plugins/latest/LatestStrategy
instanceKlass org/apache/ivy/core/settings/IvyVariableContainer
instanceKlass org/apache/ivy/core/settings/IvySettings
instanceKlass org/apache/ivy/core/repository/RepositoryManagementEngineSettings
instanceKlass org/apache/ivy/core/retrieve/RetrieveEngineSettings
instanceKlass org/apache/ivy/core/resolve/ResolveEngineSettings
instanceKlass org/apache/ivy/plugins/resolver/ResolverSettings
instanceKlass org/apache/ivy/core/install/InstallEngineSettings
instanceKlass org/apache/ivy/core/check/CheckEngineSettings
instanceKlass org/apache/ivy/core/deliver/DeliverEngineSettings
instanceKlass org/apache/ivy/core/publish/PublishEngineSettings
instanceKlass org/apache/ivy/plugins/parser/ParserSettings
instanceKlass org/apache/ivy/core/sort/SortEngineSettings
instanceKlass java/util/regex/CharPredicates$$Lambda$291
instanceKlass java/lang/Character$Subset
instanceKlass org/apache/commons/lang3/StringUtils
instanceKlass org/apache/spark/util/DependencyUtils$
instanceKlass org/apache/spark/internal/config/ConfigEntryWithDefault$$Lambda$290
instanceKlass org/apache/spark/internal/config/ConfigEntry$$Lambda$289
instanceKlass org/apache/spark/internal/config/ConfigEntry$$Lambda$288
instanceKlass org/apache/spark/internal/config/ConfigReader$$Lambda$287
instanceKlass org/apache/spark/SparkConf$$$Lambda$286
instanceKlass org/apache/spark/internal/config/SparkConfigProvider$$Lambda$285
instanceKlass org/apache/spark/internal/config/ConfigEntry$$Lambda$284
instanceKlass org/apache/spark/SparkConf$$Lambda$283
instanceKlass org/apache/spark/internal/config/SystemProvider
instanceKlass org/apache/spark/internal/config/EnvProvider
instanceKlass org/apache/spark/internal/config/SparkConfigProvider
instanceKlass org/apache/spark/internal/config/ConfigReader
instanceKlass org/apache/spark/SparkConf$$Lambda$282
instanceKlass scala/collection/generic/GenericTraversableTemplate$$Lambda$281
instanceKlass org/apache/spark/SparkConf$$$Lambda$280
instanceKlass org/apache/spark/SparkConf$$$Lambda$279
instanceKlass scala/collection/immutable/HashSet$HashSetBuilder
instanceKlass org/apache/spark/SparkConf$$$Lambda$278
instanceKlass scala/collection/immutable/HashMap$HashMapKeys$$Lambda$277
instanceKlass scala/collection/TraversableLike$$Lambda$276
instanceKlass org/apache/spark/SparkConf$$$Lambda$275
instanceKlass org/apache/spark/SparkConf$$$Lambda$274
instanceKlass org/apache/spark/internal/config/Kryo$
instanceKlass org/apache/spark/SparkConf$$$Lambda$273
instanceKlass org/apache/spark/internal/config/History$$$Lambda$272
instanceKlass org/apache/spark/internal/config/History$$$Lambda$271
instanceKlass org/apache/spark/internal/config/TypedConfigBuilder$$Lambda$270
instanceKlass org/apache/spark/internal/config/History$$$Lambda$269
instanceKlass scala/runtime/java8/JFunction0$mcI$sp
instanceKlass java/lang/invoke/LambdaForm$DMH
instanceKlass org/apache/spark/internal/config/History$$$Lambda$268
instanceKlass scala/collection/immutable/TreeSet
instanceKlass scala/collection/immutable/NewRedBlackTree$Tree
instanceKlass scala/collection/immutable/NewRedBlackTree$
instanceKlass scala/Enumeration$ValueSet$$Lambda$267
instanceKlass scala/collection/immutable/NewRedBlackTree$Helper
instanceKlass scala/collection/generic/SortedSetFactory$SortedSetCanBuildFrom
instanceKlass scala/math/Ordering$String$
instanceKlass scala/math/Ordering$StringOrdering
instanceKlass scala/collection/generic/SortedSetFactory
instanceKlass org/apache/spark/internal/config/History$$$Lambda$266
instanceKlass scala/collection/mutable/HashMap$$anon$2$$Lambda$265
instanceKlass scala/runtime/RichInt$
instanceKlass scala/collection/mutable/SortedSet
instanceKlass scala/Enumeration$ValueSet$$anon$1
instanceKlass scala/collection/generic/BitSetFactory$$anon$1
instanceKlass scala/collection/BitSet
instanceKlass scala/collection/BitSetLike
instanceKlass scala/collection/immutable/BitSet$
instanceKlass scala/collection/generic/BitSetFactory
instanceKlass org/apache/spark/internal/config/History$$$Lambda$264
instanceKlass org/apache/spark/internal/config/History$$$Lambda$263
instanceKlass org/apache/spark/internal/config/History$
instanceKlass scala/runtime/AbstractFunction3
instanceKlass scala/Function3
instanceKlass org/apache/spark/SparkConf$AlternateConfig
instanceKlass scala/Predef$ArrowAssoc$
instanceKlass org/apache/spark/SparkConf$$$Lambda$262
instanceKlass org/apache/spark/SparkConf$DeprecatedConfig
instanceKlass org/apache/spark/SparkConf$
instanceKlass org/apache/spark/deploy/SparkSubmitArguments$$Lambda$261
instanceKlass scala/collection/TraversableLike$WithFilter$$Lambda$260
instanceKlass org/apache/spark/SparkConf$$Lambda$259
instanceKlass scala/collection/TraversableLike$WithFilter$$Lambda$258
instanceKlass org/apache/spark/SparkConf$$Lambda$257
instanceKlass scala/collection/TraversableLike$WithFilter
instanceKlass org/apache/spark/SparkConf$$Lambda$256
instanceKlass scala/collection/mutable/FlatHashTable$NullSentinel$
instanceKlass scala/util/hashing/MurmurHash3$ArrayHashing
instanceKlass scala/util/hashing/Hashing
instanceKlass scala/util/hashing/MurmurHash3
instanceKlass scala/runtime/ScalaRunTime$
instanceKlass scala/collection/mutable/FlatHashTable$
instanceKlass scala/collection/mutable/FlatHashTable
instanceKlass scala/collection/mutable/FlatHashTable$HashUtils
instanceKlass scala/collection/mutable/GrowingBuilder
instanceKlass org/apache/spark/util/Utils$$$Lambda$255
instanceKlass scala/collection/convert/DecorateAsScala$$Lambda$254
instanceKlass org/apache/spark/internal/config/ConfigProvider
instanceKlass org/apache/spark/deploy/SparkSubmitArguments$$Lambda$253
instanceKlass org/apache/spark/deploy/SparkSubmitArguments$$Lambda$252
instanceKlass org/apache/spark/deploy/SparkSubmitArguments$$Lambda$251
instanceKlass org/apache/spark/deploy/SparkSubmitArguments$$Lambda$250
instanceKlass org/apache/spark/deploy/SparkSubmitArguments$$Lambda$249
instanceKlass scala/runtime/java8/JFunction0$mcJ$sp
instanceKlass java/lang/invoke/LambdaForm$DMH
instanceKlass scala/util/Try$
instanceKlass org/apache/spark/deploy/SparkSubmitArguments$$Lambda$248
instanceKlass org/apache/spark/deploy/SparkSubmitArguments$$Lambda$247
instanceKlass org/apache/spark/deploy/SparkSubmitArguments$$Lambda$246
instanceKlass org/apache/spark/deploy/SparkSubmitArguments$$Lambda$245
instanceKlass org/apache/spark/deploy/SparkSubmitArguments$$Lambda$244
instanceKlass org/apache/spark/deploy/SparkSubmitArguments$$Lambda$243
instanceKlass org/apache/spark/deploy/SparkSubmitArguments$$Lambda$242
instanceKlass org/apache/spark/deploy/SparkSubmitArguments$$Lambda$241
instanceKlass org/apache/spark/deploy/SparkSubmitArguments$$Lambda$240
instanceKlass org/apache/spark/deploy/SparkSubmitArguments$$Lambda$239
instanceKlass org/apache/spark/deploy/SparkSubmitArguments$$Lambda$238
instanceKlass org/apache/spark/deploy/SparkSubmitArguments$$Lambda$237
instanceKlass org/apache/spark/deploy/SparkSubmitArguments$$Lambda$236
instanceKlass org/apache/spark/deploy/SparkSubmitArguments$$Lambda$235
instanceKlass org/apache/spark/deploy/SparkSubmitArguments$$Lambda$234
instanceKlass org/apache/spark/deploy/SparkSubmitArguments$$Lambda$233
instanceKlass org/apache/spark/deploy/SparkSubmitArguments$$Lambda$232
instanceKlass org/apache/spark/deploy/SparkSubmitArguments$$Lambda$231
instanceKlass org/apache/spark/deploy/SparkSubmitArguments$$Lambda$230
instanceKlass org/apache/spark/deploy/SparkSubmitArguments$$Lambda$229
instanceKlass org/apache/spark/deploy/SparkSubmitArguments$$Lambda$228
instanceKlass org/apache/spark/deploy/SparkSubmitArguments$$Lambda$227
instanceKlass org/apache/spark/deploy/SparkSubmitArguments$$Lambda$226
instanceKlass org/apache/spark/deploy/SparkSubmitArguments$$Lambda$225
instanceKlass org/apache/spark/deploy/SparkSubmitArguments$$Lambda$224
instanceKlass org/apache/spark/deploy/SparkSubmitArguments$$Lambda$223
instanceKlass org/apache/spark/deploy/SparkSubmitArguments$$Lambda$222
instanceKlass org/apache/spark/deploy/SparkSubmitArguments$$Lambda$221
instanceKlass org/apache/spark/deploy/SparkSubmitArguments$$Lambda$220
instanceKlass org/apache/spark/deploy/SparkSubmitArguments$$Lambda$219
instanceKlass org/apache/spark/deploy/SparkSubmitArguments$$Lambda$218
instanceKlass org/apache/spark/internal/config/package$$$Lambda$217
instanceKlass org/apache/spark/internal/config/package$$$Lambda$216
instanceKlass org/apache/spark/internal/config/package$$$Lambda$215
instanceKlass org/apache/spark/internal/config/package$$$Lambda$214
instanceKlass org/apache/spark/internal/config/package$$$Lambda$213
instanceKlass org/apache/spark/internal/config/package$$$Lambda$212
instanceKlass scala/Enumeration$$Lambda$211
instanceKlass scala/Enumeration$$Lambda$210
instanceKlass scala/Enumeration$ValueOrdering$
instanceKlass scala/Enumeration$ValueSet$
instanceKlass scala/collection/immutable/SortedSet
instanceKlass scala/collection/SortedSet
instanceKlass scala/collection/SortedSetLike
instanceKlass scala/collection/generic/Sorted
instanceKlass java/lang/invoke/LambdaForm$MH
instanceKlass scala/Enumeration$$Lambda$209
instanceKlass org/apache/spark/internal/config/package$$$Lambda$208
instanceKlass org/apache/spark/internal/config/package$$$Lambda$207
instanceKlass org/apache/spark/internal/config/package$$$Lambda$206
instanceKlass org/apache/spark/internal/config/package$$$Lambda$205
instanceKlass org/apache/spark/internal/config/package$$$Lambda$204
instanceKlass org/apache/spark/internal/config/package$$$Lambda$203
instanceKlass org/apache/spark/internal/config/package$$$Lambda$202
instanceKlass org/apache/spark/internal/config/package$$$Lambda$201
instanceKlass org/apache/spark/internal/config/package$$$Lambda$200
instanceKlass org/apache/spark/internal/config/package$$$Lambda$199
instanceKlass org/apache/spark/internal/config/package$$$Lambda$198
instanceKlass org/apache/spark/internal/config/package$$$Lambda$197
instanceKlass org/apache/spark/internal/config/package$$$Lambda$196
instanceKlass org/apache/spark/internal/config/package$$$Lambda$195
instanceKlass org/apache/spark/internal/config/package$$$Lambda$194
instanceKlass org/apache/spark/internal/config/package$$$Lambda$193
instanceKlass org/apache/spark/shuffle/sort/io/LocalDiskShuffleDataIO
instanceKlass org/apache/spark/shuffle/api/ShuffleDataIO
instanceKlass org/apache/spark/internal/config/package$$$Lambda$192
instanceKlass org/apache/spark/internal/config/package$$$Lambda$191
instanceKlass org/apache/spark/internal/config/package$$$Lambda$190
instanceKlass org/apache/spark/internal/config/package$$$Lambda$189
instanceKlass org/apache/spark/internal/config/package$$$Lambda$188
instanceKlass org/apache/spark/internal/config/ConfigBuilder$$Lambda$187
instanceKlass org/apache/spark/internal/config/ConfigBuilder$$Lambda$186
instanceKlass org/apache/spark/util/Utils$$$Lambda$185
instanceKlass org/apache/spark/internal/config/package$$$Lambda$184
instanceKlass org/apache/spark/internal/config/package$$$Lambda$183
instanceKlass org/apache/spark/internal/config/package$$$Lambda$182
instanceKlass org/apache/spark/internal/config/TypedConfigBuilder$$Lambda$181
instanceKlass scala/collection/immutable/Set$SetBuilderImpl
instanceKlass org/apache/spark/internal/config/package$$$Lambda$180
instanceKlass org/apache/spark/internal/config/package$$$Lambda$179
instanceKlass org/apache/spark/internal/config/package$$$Lambda$178
instanceKlass org/apache/spark/internal/config/package$$$Lambda$177
instanceKlass java/time/temporal/TemporalUnit
instanceKlass java/util/concurrent/TimeUnit$1
instanceKlass org/apache/spark/internal/config/package$$$Lambda$176
instanceKlass org/apache/spark/internal/config/ConfigBuilder$$Lambda$175
instanceKlass org/apache/spark/internal/config/package$$$Lambda$174
instanceKlass org/apache/spark/internal/config/package$$$Lambda$173
instanceKlass org/apache/spark/internal/config/package$$$Lambda$172
instanceKlass org/apache/spark/internal/config/package$$$Lambda$171
instanceKlass scala/runtime/java8/JFunction1$mcZI$sp
instanceKlass java/lang/invoke/LambdaForm$DMH
instanceKlass org/apache/spark/storage/TopologyMapper
instanceKlass org/apache/spark/storage/RandomBlockReplicationPolicy
instanceKlass org/apache/spark/storage/BlockReplicationPolicy
instanceKlass org/apache/spark/internal/config/ConfigBuilder$$Lambda$170
instanceKlass org/apache/spark/internal/config/ConfigBuilder$$Lambda$169
instanceKlass org/apache/spark/internal/config/package$$$Lambda$168
instanceKlass org/sparkproject/guava/collect/Hashing
instanceKlass org/sparkproject/guava/collect/RegularImmutableMap$LinkedEntry
instanceKlass org/sparkproject/guava/collect/AbstractMapEntry
instanceKlass org/sparkproject/guava/base/Joiner$MapJoiner
instanceKlass org/sparkproject/guava/base/Joiner
instanceKlass org/sparkproject/guava/collect/Multiset
instanceKlass org/sparkproject/guava/collect/Collections2
instanceKlass org/sparkproject/guava/collect/Maps$EntryTransformer
instanceKlass org/sparkproject/guava/collect/UnmodifiableIterator
instanceKlass org/sparkproject/guava/collect/SortedMapDifference
instanceKlass org/sparkproject/guava/collect/MapDifference
instanceKlass org/sparkproject/guava/collect/Maps
instanceKlass org/sparkproject/guava/collect/Lists
instanceKlass org/sparkproject/guava/collect/ImmutableMap$Builder
instanceKlass org/sparkproject/guava/collect/BiMap
instanceKlass org/sparkproject/guava/collect/ImmutableCollection
instanceKlass org/sparkproject/guava/collect/ImmutableMap
instanceKlass org/apache/spark/network/util/JavaUtils
instanceKlass org/apache/spark/internal/config/package$$$Lambda$167
instanceKlass org/apache/spark/internal/config/package$$$Lambda$166
instanceKlass org/apache/spark/internal/config/ConfigBuilder$$Lambda$165
instanceKlass org/apache/spark/internal/config/ConfigBuilder$$Lambda$164
instanceKlass org/apache/spark/internal/config/package$$$Lambda$163
instanceKlass scala/runtime/java8/JFunction1$mcZJ$sp
instanceKlass java/lang/invoke/LambdaForm$DMH
instanceKlass java/lang/invoke/LambdaForm$DMH
instanceKlass org/apache/spark/metrics/GarbageCollectionMetrics$
instanceKlass org/apache/spark/metrics/ExecutorMetricType
instanceKlass org/apache/spark/scheduler/EventLoggingListener$
instanceKlass org/apache/spark/internal/config/ConfigBuilder$$Lambda$162
instanceKlass org/apache/spark/internal/config/TypedConfigBuilder$$Lambda$161
instanceKlass org/apache/spark/internal/config/TypedConfigBuilder$$Lambda$160
instanceKlass org/apache/spark/internal/config/package$$$Lambda$159
instanceKlass scala/runtime/java8/JFunction1$mcZD$sp
instanceKlass java/lang/invoke/LambdaForm$DMH
instanceKlass java/lang/invoke/LambdaForm$DMH
instanceKlass org/apache/spark/internal/config/ConfigBuilder$$Lambda$158
instanceKlass org/apache/spark/internal/config/TypedConfigBuilder$$Lambda$157
instanceKlass org/apache/spark/internal/config/ConfigBuilder$$Lambda$156
instanceKlass org/apache/spark/internal/config/ConfigBuilder$$Lambda$155
instanceKlass org/apache/spark/internal/config/ConfigBuilder$$Lambda$154
instanceKlass org/apache/spark/internal/config/ConfigBuilder$$Lambda$153
instanceKlass org/apache/spark/internal/config/TypedConfigBuilder$$anonfun$$lessinit$greater$1$$Lambda$152
instanceKlass org/apache/spark/internal/config/ConfigBuilder$$Lambda$151
instanceKlass org/apache/spark/internal/config/TypedConfigBuilder$$Lambda$150
instanceKlass org/apache/spark/internal/config/TypedConfigBuilder$$Lambda$149
instanceKlass org/apache/spark/internal/config/ConfigEntry$$$Lambda$148
instanceKlass org/apache/spark/internal/config/ConfigEntry$
instanceKlass scala/collection/mutable/WrappedArray$$anon$10
instanceKlass scala/collection/mutable/WrappedArray$$anon$9
instanceKlass scala/collection/mutable/WrappedArray$$anon$8
instanceKlass scala/collection/mutable/WrappedArray$$anon$7
instanceKlass scala/collection/mutable/WrappedArray$$anon$6
instanceKlass scala/collection/mutable/WrappedArray$$anon$5
instanceKlass scala/collection/mutable/WrappedArray$$anon$4
instanceKlass scala/collection/mutable/WrappedArray$$anon$3
instanceKlass scala/collection/mutable/WrappedArray$$anon$2
instanceKlass scala/collection/mutable/WrappedArray$$anon$1
instanceKlass scala/collection/mutable/WrappedArray$
instanceKlass java/lang/invoke/LambdaForm$MH
instanceKlass java/lang/invoke/LambdaForm$DMH
instanceKlass java/lang/invoke/LambdaForm$DMH
instanceKlass scala/collection/TraversableLike$$Lambda$147
instanceKlass org/apache/spark/util/Utils$$$Lambda$146
instanceKlass scala/collection/TraversableLike$$Lambda$145
instanceKlass scala/Array$$anon$11
instanceKlass scala/Array$$anon$10
instanceKlass scala/Array$$anon$9
instanceKlass scala/Array$$anon$8
instanceKlass scala/Array$$anon$7
instanceKlass scala/Array$$anon$6
instanceKlass scala/Array$$anon$5
instanceKlass scala/Array$$anon$4
instanceKlass scala/Array$$anon$3
instanceKlass scala/Array$$anon$2
instanceKlass scala/reflect/ClassTag$GenericClassTag
instanceKlass scala/reflect/ClassTag$
instanceKlass scala/FallbackArrayBuilding
instanceKlass org/apache/spark/util/Utils$$$Lambda$144
instanceKlass org/apache/spark/internal/config/ConfigHelpers$
instanceKlass org/apache/spark/internal/config/TypedConfigBuilder$$Lambda$143
instanceKlass org/apache/spark/internal/config/TypedConfigBuilder$$Lambda$142
instanceKlass scala/runtime/AbstractFunction1
instanceKlass org/apache/spark/internal/config/ConfigBuilder$$Lambda$141
instanceKlass org/apache/spark/internal/config/TypedConfigBuilder
instanceKlass org/apache/spark/internal/config/ConfigBuilder
instanceKlass org/apache/spark/internal/config/package$
instanceKlass org/apache/spark/deploy/SparkSubmitArguments$$Lambda$140
instanceKlass org/apache/spark/deploy/SparkSubmitArguments$$Lambda$139
instanceKlass org/apache/spark/deploy/SparkSubmitArguments$$Lambda$138
instanceKlass org/apache/spark/deploy/SparkSubmitArguments$$Lambda$137
instanceKlass org/apache/spark/deploy/SparkSubmitArguments$$Lambda$136
instanceKlass scala/collection/mutable/HashMap$$anon$1$$Lambda$135
instanceKlass org/apache/spark/deploy/SparkSubmitArguments$$Lambda$134
instanceKlass scala/collection/mutable/HashMap$$Lambda$133
instanceKlass org/apache/spark/deploy/SparkSubmitArguments$$Lambda$132
instanceKlass org/apache/spark/deploy/SparkSubmitArguments$$Lambda$131
instanceKlass org/apache/spark/util/Utils$$$Lambda$130
instanceKlass org/apache/spark/util/Utils$$$Lambda$129
instanceKlass org/apache/spark/util/Utils$$$Lambda$128
instanceKlass org/apache/spark/util/Utils$$$Lambda$127
instanceKlass org/apache/spark/deploy/SparkSubmitArguments$$Lambda$126
instanceKlass scala/collection/convert/Wrappers$IteratorWrapper
instanceKlass java/util/AbstractList$Itr
instanceKlass java/util/AbstractList$SubList$1
instanceKlass scala/collection/convert/WrapAsScala$
instanceKlass scala/collection/convert/WrapAsScala
instanceKlass scala/collection/convert/LowPriorityWrapAsScala
instanceKlass scala/collection/convert/DecorateAsScala$$Lambda$125
instanceKlass scala/Enumeration$Value
instanceKlass scala/Enumeration
instanceKlass scala/collection/mutable/DefaultEntry
instanceKlass scala/util/hashing/package$
instanceKlass scala/collection/mutable/ArrayOps$ofRef$
instanceKlass scala/collection/mutable/ArrayOps$ofRef
instanceKlass scala/collection/mutable/ArrayOps
instanceKlass scala/collection/generic/SeqForwarder
instanceKlass scala/collection/generic/IterableForwarder
instanceKlass scala/collection/generic/TraversableForwarder
instanceKlass org/apache/ivy/core/module/descriptor/DependencyDescriptor
instanceKlass org/apache/ivy/core/module/descriptor/InheritableItem
instanceKlass org/apache/ivy/core/module/descriptor/ModuleDescriptor
instanceKlass org/apache/ivy/core/module/descriptor/DependencyDescriptorMediator
instanceKlass org/apache/ivy/plugins/latest/ArtifactInfo
instanceKlass org/apache/ivy/core/LogOptions
instanceKlass org/apache/ivy/plugins/repository/Repository
instanceKlass org/apache/ivy/plugins/resolver/DependencyResolver
instanceKlass org/apache/ivy/plugins/matcher/PatternMatcher
instanceKlass org/apache/ivy/core/module/descriptor/ExcludeRule
instanceKlass org/apache/ivy/util/extendable/ExtendableItem
instanceKlass org/apache/spark/deploy/SparkSubmitUtils$
instanceKlass java/util/regex/Pattern$CharPredicate$$Lambda$124
instanceKlass java/lang/invoke/LambdaForm$DMH
instanceKlass scala/collection/convert/Wrappers$IterableWrapperTrait
instanceKlass scala/collection/convert/DecorateAsJava$$Lambda$123
instanceKlass scala/collection/convert/Decorators$AsJava
instanceKlass scala/collection/mutable/HashTable$
instanceKlass scala/collection/mutable/HashEntry
instanceKlass org/apache/spark/deploy/SparkSubmitArguments$
instanceKlass org/slf4j/spi/LoggingEventBuilder
instanceKlass org/apache/logging/slf4j/Log4jLogger
instanceKlass org/slf4j/spi/LocationAwareLogger
instanceKlass org/apache/logging/log4j/util/StackLocator$$Lambda$122
instanceKlass org/apache/logging/log4j/util/StackLocator$$Lambda$121
instanceKlass org/apache/logging/log4j/util/StackLocator$$Lambda$120
instanceKlass org/apache/logging/log4j/util/StackLocator$$Lambda$119
instanceKlass org/apache/spark/internal/Logging$$Lambda$118
instanceKlass scala/runtime/BoxedUnit
instanceKlass org/apache/logging/log4j/core/jmx/LoggerConfigAdmin
instanceKlass org/apache/logging/log4j/core/jmx/LoggerConfigAdminMBean
instanceKlass org/apache/logging/log4j/util/EnglishEnums
instanceKlass org/apache/logging/log4j/core/config/plugins/convert/EnumConverter
instanceKlass org/apache/logging/log4j/core/filter/AbstractFilterable$Builder
instanceKlass org/apache/logging/log4j/core/layout/PatternLayout$NoFormatPatternSerializer
instanceKlass org/apache/logging/log4j/core/util/datetime/FastDateParser$StrategyAndWidth
instanceKlass org/apache/logging/log4j/core/util/datetime/FastDateParser$StrategyParser
instanceKlass org/apache/logging/log4j/core/util/datetime/FastDateParser$$Lambda$116
instanceKlass java/lang/invoke/LambdaForm$DMH
instanceKlass sun/util/locale/Extension
instanceKlass sun/util/locale/LocaleExtensions
instanceKlass org/apache/logging/log4j/core/util/datetime/FastDateParser$Strategy
instanceKlass org/apache/logging/log4j/core/util/datetime/FastDateParser
instanceKlass org/apache/logging/log4j/core/util/datetime/FastDatePrinter$TwoDigitNumberField
instanceKlass org/apache/logging/log4j/core/util/datetime/FastDatePrinter$TwoDigitMonthField
instanceKlass org/apache/logging/log4j/core/util/datetime/FastDatePrinter$CharacterLiteral
instanceKlass org/apache/logging/log4j/core/util/datetime/FastDatePrinter$TwoDigitYearField
instanceKlass org/apache/logging/log4j/core/util/datetime/FastDatePrinter$NumberRule
instanceKlass org/apache/logging/log4j/core/util/datetime/FastDatePrinter$Rule
instanceKlass org/apache/logging/log4j/core/util/datetime/FastDatePrinter
instanceKlass org/apache/logging/log4j/core/util/datetime/FormatCache$MultipartKey
instanceKlass org/apache/logging/log4j/core/util/datetime/FormatCache
instanceKlass org/apache/logging/log4j/core/util/datetime/Format
instanceKlass org/apache/logging/log4j/core/util/datetime/DatePrinter
instanceKlass org/apache/logging/log4j/core/util/datetime/DateParser
instanceKlass org/apache/logging/log4j/core/config/Loggers
instanceKlass org/apache/logging/log4j/core/config/LoggerConfig$RootLogger$Builder
instanceKlass java/lang/Character$CharacterCache
instanceKlass org/apache/logging/log4j/core/config/plugins/PluginAttribute
instanceKlass org/apache/logging/log4j/core/config/plugins/PluginFactory
instanceKlass org/apache/logging/log4j/core/config/AwaitCompletionReliabilityStrategy
instanceKlass org/apache/logging/log4j/core/config/ReliabilityStrategyFactory
instanceKlass org/apache/logging/log4j/core/util/Assert
instanceKlass org/apache/logging/log4j/core/config/plugins/validation/ConstraintValidators
instanceKlass org/apache/logging/log4j/core/config/plugins/PluginConfiguration
instanceKlass org/apache/logging/log4j/core/config/plugins/PluginElement
instanceKlass org/apache/logging/log4j/core/config/plugins/validation/validators/RequiredValidator
instanceKlass org/apache/logging/log4j/core/config/plugins/validation/ConstraintValidator
instanceKlass org/apache/logging/log4j/core/config/plugins/validation/Constraint
instanceKlass org/apache/logging/log4j/core/config/plugins/validation/constraints/Required
instanceKlass org/apache/logging/log4j/util/StringBuilders
instanceKlass org/apache/logging/log4j/core/appender/rolling/action/Duration
instanceKlass org/apache/logging/log4j/core/util/CronExpression
instanceKlass java/lang/reflect/WildcardType
instanceKlass sun/reflect/generics/tree/Wildcard
instanceKlass sun/reflect/generics/tree/BottomSignature
instanceKlass sun/reflect/generics/tree/CharSignature
instanceKlass sun/reflect/generics/tree/ArrayTypeSignature
instanceKlass sun/reflect/generics/tree/ByteSignature
instanceKlass org/apache/logging/log4j/core/config/plugins/convert/TypeConverterRegistry
instanceKlass org/apache/logging/log4j/core/config/plugins/convert/TypeConverters
instanceKlass org/apache/logging/log4j/core/config/plugins/visitors/AbstractPluginVisitor
instanceKlass org/apache/logging/log4j/core/config/plugins/visitors/PluginVisitor
instanceKlass sun/reflect/annotation/AnnotationParser$$Lambda$115
instanceKlass org/apache/logging/log4j/core/config/plugins/visitors/PluginVisitors
instanceKlass org/apache/logging/log4j/core/config/plugins/PluginVisitorStrategy
instanceKlass org/apache/logging/log4j/core/config/plugins/PluginBuilderAttribute
instanceKlass org/apache/logging/log4j/core/util/TypeUtil
instanceKlass org/apache/logging/log4j/core/config/plugins/PluginBuilderFactory
instanceKlass org/apache/logging/log4j/core/config/LoggerConfig$LevelAndRefs
instanceKlass org/apache/logging/log4j/core/config/LoggerConfig$Builder
instanceKlass org/apache/logging/log4j/core/config/plugins/util/PluginBuilder
instanceKlass org/apache/logging/log4j/core/config/plugins/PluginAliases
instanceKlass org/apache/logging/log4j/core/config/Scheduled
instanceKlass java/util/concurrent/LinkedBlockingQueue$Itr
instanceKlass org/apache/logging/log4j/status/StatusConsoleListener
instanceKlass org/apache/logging/log4j/core/config/status/StatusConfiguration
instanceKlass org/apache/logging/log4j/core/config/plugins/util/ResolverUtil
instanceKlass org/apache/logging/log4j/core/config/builder/impl/DefaultComponentBuilder
instanceKlass org/apache/logging/log4j/core/config/builder/api/Component
instanceKlass javax/xml/transform/Source
instanceKlass javax/xml/transform/Result
instanceKlass org/apache/logging/log4j/core/config/builder/api/RootLoggerComponentBuilder
instanceKlass org/apache/logging/log4j/core/config/builder/api/PropertyComponentBuilder
instanceKlass org/apache/logging/log4j/core/config/builder/api/LayoutComponentBuilder
instanceKlass org/apache/logging/log4j/core/config/builder/api/AppenderRefComponentBuilder
instanceKlass org/apache/logging/log4j/core/config/builder/api/ScriptFileComponentBuilder
instanceKlass org/apache/logging/log4j/core/config/builder/api/CustomLevelComponentBuilder
instanceKlass org/apache/logging/log4j/core/config/builder/api/KeyValuePairComponentBuilder
instanceKlass org/apache/logging/log4j/core/config/builder/api/ScriptComponentBuilder
instanceKlass org/apache/logging/log4j/core/config/builder/api/AppenderComponentBuilder
instanceKlass org/apache/logging/log4j/core/config/builder/api/LoggerComponentBuilder
instanceKlass org/apache/logging/log4j/core/config/builder/api/FilterComponentBuilder
instanceKlass org/apache/logging/log4j/core/config/builder/impl/DefaultConfigurationBuilder
instanceKlass org/apache/logging/log4j/core/config/Reconfigurable
instanceKlass org/apache/logging/log4j/core/config/builder/api/LoggableComponentBuilder
instanceKlass org/apache/logging/log4j/core/config/builder/api/FilterableComponentBuilder
instanceKlass org/apache/logging/log4j/core/config/builder/api/ComponentBuilder
instanceKlass org/apache/logging/log4j/core/util/Source
instanceKlass org/apache/logging/log4j/core/net/UrlConnectionFactory
instanceKlass org/apache/logging/log4j/core/util/FileUtils
instanceKlass org/apache/logging/log4j/message/Clearable
instanceKlass java/text/DontCareFieldPosition$1
instanceKlass java/text/Format$FieldDelegate
instanceKlass java/text/DigitList
instanceKlass java/text/FieldPosition
instanceKlass sun/util/locale/provider/JRELocaleProviderAdapter$$Lambda$112
instanceKlass java/text/DecimalFormatSymbols
instanceKlass sun/util/locale/provider/JRELocaleProviderAdapter$$Lambda$111
instanceKlass sun/util/locale/provider/JRELocaleProviderAdapter$$Lambda$110
instanceKlass java/text/DateFormatSymbols
instanceKlass java/text/AttributedCharacterIterator$Attribute
instanceKlass java/lang/StackTraceElement$HashedModules
instanceKlass org/apache/logging/log4j/message/SimpleMessage
instanceKlass org/apache/logging/log4j/core/impl/ContextAnchor
instanceKlass org/apache/logging/log4j/core/util/NameUtil
instanceKlass org/apache/logging/log4j/core/Logger$PrivateConfig
instanceKlass org/apache/logging/log4j/core/LoggerContext$1
instanceKlass org/apache/logging/log4j/core/util/ExecutorServices
instanceKlass org/apache/logging/log4j/core/util/SystemClock
instanceKlass org/apache/logging/log4j/core/time/PreciseClock
instanceKlass org/apache/logging/log4j/core/util/Clock
instanceKlass org/apache/logging/log4j/core/util/ClockFactory
instanceKlass org/apache/logging/log4j/core/impl/Log4jLogEvent
instanceKlass org/apache/logging/log4j/core/jmx/AppenderAdmin
instanceKlass org/apache/logging/log4j/core/jmx/AppenderAdminMBean
instanceKlass org/apache/logging/log4j/core/jmx/ContextSelectorAdmin
instanceKlass org/apache/logging/log4j/core/jmx/ContextSelectorAdminMBean
instanceKlass org/apache/logging/log4j/status/StatusData
instanceKlass org/apache/logging/log4j/core/jmx/StatusLoggerAdminMBean
instanceKlass org/apache/logging/log4j/status/StatusListener
instanceKlass java/beans/PropertyChangeListener
instanceKlass org/apache/logging/log4j/core/jmx/LoggerContextAdminMBean
instanceKlass com/sun/jmx/mbeanserver/Repository$ObjectNamePattern
instanceKlass java/util/StringJoiner
instanceKlass java/time/Duration
instanceKlass java/time/temporal/TemporalAmount
instanceKlass jdk/management/jfr/FlightRecorderMXBeanImpl$MXBeanListener
instanceKlass jdk/jfr/FlightRecorderListener
instanceKlass jdk/jfr/FlightRecorder
instanceKlass jdk/jfr/Recording
instanceKlass javax/management/NotificationFilter
instanceKlass javax/management/NotificationListener
instanceKlass java/util/EventListener
instanceKlass javax/management/StandardMBean$MBeanInfoSafeAction
instanceKlass jdk/management/jfr/StreamManager
instanceKlass jdk/management/jfr/EventTypeInfo
instanceKlass jdk/management/jfr/ConfigurationInfo
instanceKlass jdk/management/jfr/RecordingInfo
instanceKlass sun/reflect/generics/tree/VoidDescriptor
instanceKlass sun/reflect/generics/tree/LongSignature
instanceKlass jdk/management/jfr/SettingDescriptorInfo$1
instanceKlass jdk/management/jfr/SettingDescriptorInfo
instanceKlass com/sun/management/VMOption
instanceKlass com/sun/management/internal/HotSpotDiagnostic
instanceKlass com/sun/management/HotSpotDiagnosticMXBean
instanceKlass java/lang/management/DefaultPlatformMBeanProvider$10$$Lambda$108
instanceKlass sun/nio/ch/FileChannelImpl$1
instanceKlass sun/nio/ch/IOUtil$1
instanceKlass sun/nio/ch/IOUtil
instanceKlass java/nio/file/attribute/FileAttribute
instanceKlass java/nio/channels/spi/AbstractInterruptibleChannel
instanceKlass java/nio/channels/InterruptibleChannel
instanceKlass java/nio/channels/ScatteringByteChannel
instanceKlass java/nio/channels/GatheringByteChannel
instanceKlass java/nio/channels/SeekableByteChannel
instanceKlass java/nio/channels/ByteChannel
instanceKlass java/nio/channels/ReadableByteChannel
instanceKlass sun/management/ManagementFactoryHelper$1
instanceKlass java/lang/management/BufferPoolMXBean
instanceKlass com/sun/management/GcInfo
instanceKlass javax/management/openmbean/CompositeDataView
instanceKlass com/sun/management/internal/DiagnosticCommandImpl$Wrapper
instanceKlass com/sun/management/internal/DiagnosticCommandArgumentInfo
instanceKlass com/sun/management/internal/DiagnosticCommandInfo
instanceKlass com/sun/management/internal/DiagnosticCommandImpl$OperationInfoComparator
instanceKlass sun/management/ClassLoadingImpl
instanceKlass java/lang/management/ClassLoadingMXBean
instanceKlass javax/management/MBeanInfo$ArrayGettersSafeAction
instanceKlass javax/management/openmbean/OpenMBeanOperationInfo
instanceKlass java/util/logging/Logging
instanceKlass java/lang/Deprecated
instanceKlass java/util/logging/LoggingMXBean
instanceKlass sun/management/ManagementFactoryHelper$PlatformLoggingImpl
instanceKlass java/lang/management/PlatformLoggingMXBean
instanceKlass sun/management/CompilationImpl
instanceKlass java/lang/management/CompilationMXBean
instanceKlass sun/management/VMManagementImpl$1
instanceKlass java/lang/management/MemoryUsage
instanceKlass sun/management/Sensor
instanceKlass sun/management/MemoryPoolImpl
instanceKlass java/lang/management/MemoryPoolMXBean
instanceKlass java/util/stream/Collectors$$Lambda$107
instanceKlass java/util/stream/Collectors$$Lambda$106
instanceKlass java/lang/invoke/LambdaForm$DMH
instanceKlass java/util/stream/Collectors$$Lambda$105
instanceKlass java/lang/management/DefaultPlatformMBeanProvider$5$$Lambda$104
instanceKlass java/lang/management/DefaultPlatformMBeanProvider$5$$Lambda$103
instanceKlass com/sun/management/GarbageCollectorMXBean
instanceKlass java/lang/management/GarbageCollectorMXBean
instanceKlass java/lang/management/MemoryManagerMXBean
instanceKlass java/lang/management/MemoryMXBean
instanceKlass sun/management/BaseOperatingSystemImpl
instanceKlass com/sun/management/OperatingSystemMXBean
instanceKlass java/lang/management/OperatingSystemMXBean
instanceKlass com/sun/jmx/mbeanserver/PerInterface$MethodAndSig
instanceKlass java/lang/invoke/LambdaForm$MH
instanceKlass java/lang/invoke/LambdaForm$DMH
instanceKlass java/lang/invoke/LambdaForm$MH
instanceKlass java/lang/invoke/LambdaForm$BMH
instanceKlass java/lang/invoke/LambdaForm$DMH
instanceKlass java/lang/invoke/LambdaForm$DMH
instanceKlass java/lang/invoke/LambdaForm$MH
instanceKlass java/lang/invoke/LambdaForm$MH
instanceKlass java/lang/invoke/LambdaForm$DMH
instanceKlass java/lang/invoke/LambdaForm$MH
instanceKlass java/lang/invoke/LambdaForm$MH
instanceKlass java/lang/invoke/LambdaForm$BMH
instanceKlass java/lang/invoke/LambdaForm$DMH
instanceKlass java/lang/invoke/LambdaForm$DMH
instanceKlass java/lang/invoke/LambdaForm$MH
instanceKlass java/lang/invoke/LambdaForm$MH
instanceKlass java/lang/invoke/LambdaFormEditor$1
instanceKlass java/lang/invoke/LambdaForm$MH
instanceKlass java/lang/invoke/LambdaForm$MH
instanceKlass java/lang/invoke/LambdaForm$MH
instanceKlass java/lang/invoke/LambdaForm$MH
instanceKlass java/lang/invoke/LambdaForm$MH
instanceKlass java/lang/invoke/LambdaForm$MH
instanceKlass java/lang/management/ThreadInfo
instanceKlass sun/management/ThreadImpl
instanceKlass com/sun/management/ThreadMXBean
instanceKlass java/lang/management/ThreadMXBean
instanceKlass com/sun/jmx/mbeanserver/WeakIdentityHashMap
instanceKlass com/sun/jmx/mbeanserver/MXBeanLookup
instanceKlass com/sun/jmx/mbeanserver/PerInterface$InitMaps
instanceKlass com/sun/jmx/mbeanserver/PerInterface
instanceKlass javax/management/openmbean/OpenMBeanAttributeInfo
instanceKlass javax/management/openmbean/OpenMBeanParameterInfo
instanceKlass com/sun/jmx/mbeanserver/MBeanIntrospector$MBeanInfoMaker
instanceKlass com/sun/jmx/mbeanserver/MBeanAnalyzer$MBeanVisitor
instanceKlass sun/reflect/generics/tree/TypeVariableSignature
instanceKlass sun/reflect/generics/reflectiveObjects/LazyReflectiveObjectGenerator
instanceKlass java/lang/reflect/TypeVariable
instanceKlass sun/reflect/generics/tree/ClassSignature
instanceKlass sun/reflect/generics/reflectiveObjects/ParameterizedTypeImpl
instanceKlass java/lang/reflect/ParameterizedType
instanceKlass sun/reflect/generics/tree/MethodTypeSignature
instanceKlass sun/reflect/generics/tree/Signature
instanceKlass sun/reflect/generics/tree/FormalTypeParameter
instanceKlass sun/reflect/generics/repository/AbstractRepository
instanceKlass com/sun/jmx/mbeanserver/MBeanAnalyzer$AttrMethods
instanceKlass jdk/internal/reflect/UnsafeFieldAccessorFactory
instanceKlass com/sun/jmx/mbeanserver/MXBeanMapping
instanceKlass javax/management/openmbean/TabularData
instanceKlass javax/management/openmbean/CompositeData
instanceKlass javax/management/openmbean/OpenType
instanceKlass com/sun/jmx/mbeanserver/MXBeanMappingFactory
instanceKlass com/sun/jmx/mbeanserver/ConvertingMethod
instanceKlass com/sun/jmx/mbeanserver/MBeanAnalyzer$MethodOrder
instanceKlass com/sun/jmx/mbeanserver/MBeanAnalyzer
instanceKlass com/sun/jmx/mbeanserver/MBeanIntrospector
instanceKlass javax/management/MXBean
instanceKlass com/sun/jmx/mbeanserver/MBeanSupport
instanceKlass com/sun/jmx/mbeanserver/DescriptorCache
instanceKlass javax/management/JMX
instanceKlass javax/management/StandardMBean
instanceKlass java/lang/management/ManagementFactory$$Lambda$102
instanceKlass java/util/AbstractMap$SimpleImmutableEntry
instanceKlass java/lang/management/ManagementFactory$$Lambda$101
instanceKlass java/lang/management/ManagementFactory$$Lambda$100
instanceKlass java/lang/management/ManagementFactory$$Lambda$99
instanceKlass java/lang/invoke/LambdaForm$DMH
instanceKlass com/sun/jmx/mbeanserver/JmxMBeanServer$3
instanceKlass javax/management/ObjectInstance
instanceKlass com/sun/jmx/mbeanserver/NamedObject
instanceKlass com/sun/jmx/interceptor/DefaultMBeanServerInterceptor$ResourceContext$1
instanceKlass com/sun/jmx/interceptor/DefaultMBeanServerInterceptor$ResourceContext
instanceKlass com/sun/jmx/mbeanserver/Repository$RegistrationContext
instanceKlass com/sun/jmx/mbeanserver/DynamicMBean2
instanceKlass com/sun/jmx/defaults/JmxProperties
instanceKlass com/sun/jmx/mbeanserver/Introspector
instanceKlass com/sun/jmx/mbeanserver/JmxMBeanServer$2
instanceKlass com/sun/jmx/interceptor/DefaultMBeanServerInterceptor
instanceKlass com/sun/jmx/interceptor/MBeanServerInterceptor
instanceKlass com/sun/jmx/mbeanserver/Repository
instanceKlass com/sun/jmx/mbeanserver/JmxMBeanServer$1
instanceKlass com/sun/jmx/mbeanserver/SecureClassLoaderRepository
instanceKlass com/sun/jmx/mbeanserver/MBeanInstantiator
instanceKlass com/sun/jmx/mbeanserver/ClassLoaderRepositorySupport$LoaderEntry
instanceKlass com/sun/jmx/mbeanserver/ClassLoaderRepositorySupport
instanceKlass com/sun/jmx/mbeanserver/ModifiableClassLoaderRepository
instanceKlass javax/management/loading/ClassLoaderRepository
instanceKlass javax/management/ImmutableDescriptor
instanceKlass javax/management/Descriptor
instanceKlass sun/security/util/SecurityConstants
instanceKlass jdk/internal/logger/LoggerFinderLoader
instanceKlass java/lang/System$LoggerFinder$$Lambda$98
instanceKlass jdk/internal/logger/LazyLoggers$LazyLoggerFactories
instanceKlass jdk/internal/logger/LazyLoggers$1
instanceKlass jdk/internal/logger/LazyLoggers
instanceKlass com/sun/jmx/remote/util/ClassLogger
instanceKlass javax/management/NotificationBroadcasterSupport$1
instanceKlass javax/management/NotificationBroadcasterSupport
instanceKlass java/util/ComparableTimSort
instanceKlass javax/management/ObjectName$Property
instanceKlass javax/management/ObjectName
instanceKlass javax/management/QueryExp
instanceKlass com/sun/jmx/mbeanserver/Util
instanceKlass javax/management/MBeanInfo
instanceKlass javax/management/MBeanFeatureInfo
instanceKlass javax/management/DescriptorRead
instanceKlass javax/management/MBeanServerDelegate
instanceKlass javax/management/MBeanServerDelegateMBean
instanceKlass javax/management/MBeanRegistration
instanceKlass com/sun/jmx/mbeanserver/JmxMBeanServer
instanceKlass com/sun/jmx/mbeanserver/SunJmxMBeanServer
instanceKlass javax/management/MBeanServer
instanceKlass javax/management/MBeanServerConnection
instanceKlass javax/management/MBeanServerBuilder
instanceKlass com/sun/jmx/mbeanserver/GetPropertyAction
instanceKlass javax/management/MBeanServerFactory
instanceKlass org/apache/logging/log4j/core/jmx/Server
instanceKlass java/util/EventObject
instanceKlass java/util/Formattable
instanceKlass java/util/Formatter$FixedString
instanceKlass java/util/Formatter$Conversion
instanceKlass java/util/Formatter$Flags
instanceKlass java/util/Formatter$FormatSpecifier
instanceKlass java/util/Formatter$FormatString
instanceKlass java/util/regex/CharPredicates$$Lambda$97
instanceKlass java/util/regex/CharPredicates
instanceKlass java/util/Formatter
instanceKlass org/apache/logging/log4j/core/Version
instanceKlass java/net/InetAddress$CachedLocalHost
instanceKlass java/net/InetAddress$CachedAddresses
instanceKlass sun/net/InetAddressCachePolicy$2
instanceKlass sun/net/InetAddressCachePolicy$1
instanceKlass sun/net/InetAddressCachePolicy
instanceKlass java/net/Inet6Address$Inet6AddressHolder
instanceKlass java/net/InetAddress$NameServiceAddresses
instanceKlass java/net/InetAddress$Addresses
instanceKlass java/net/InetAddress$PlatformNameService
instanceKlass java/net/InetAddress$NameService
instanceKlass java/net/Inet6AddressImpl
instanceKlass java/net/InetAddressImpl
instanceKlass java/net/InetAddressImplFactory
instanceKlass java/net/InetAddress$InetAddressHolder
instanceKlass java/net/InetAddress$2
instanceKlass jdk/internal/access/JavaNetInetAddressAccess
instanceKlass java/net/InetAddress$1
instanceKlass java/net/InetAddress
instanceKlass org/apache/logging/log4j/core/util/NetUtils
instanceKlass org/apache/logging/log4j/core/LoggerContext$$Lambda$96
instanceKlass org/apache/logging/log4j/core/util/BasicAuthorizationProvider$$Lambda$94
instanceKlass org/apache/logging/log4j/core/util/BasicAuthorizationProvider$$Lambda$93
instanceKlass org/apache/logging/log4j/core/util/BasicAuthorizationProvider$$Lambda$92
instanceKlass org/apache/logging/log4j/core/util/BasicAuthorizationProvider
instanceKlass com/fasterxml/jackson/core/TokenStreamFactory
instanceKlass com/fasterxml/jackson/core/JsonParser
instanceKlass com/fasterxml/jackson/databind/JsonSerializable$Base
instanceKlass com/fasterxml/jackson/databind/JsonSerializable
instanceKlass com/fasterxml/jackson/core/TreeNode
instanceKlass com/fasterxml/jackson/core/TreeCodec
instanceKlass com/fasterxml/jackson/core/Versioned
instanceKlass org/apache/logging/log4j/core/config/Order
instanceKlass java/util/TimSort
instanceKlass java/util/Arrays$LegacyMergeSort
instanceKlass org/apache/logging/log4j/core/config/OrderComparator
instanceKlass org/apache/logging/log4j/core/util/AuthorizationProvider
instanceKlass org/apache/logging/log4j/core/config/builder/api/ConfigurationBuilder
instanceKlass org/apache/logging/log4j/core/selector/ClassLoaderContextSelector$$Lambda$91
instanceKlass org/apache/logging/log4j/core/appender/DefaultErrorHandler
instanceKlass org/apache/logging/log4j/core/appender/ConsoleAppender$FactoryData
instanceKlass org/apache/logging/log4j/core/appender/ConsoleAppender$ConsoleManagerFactory
instanceKlass org/apache/logging/log4j/core/layout/ByteBufferDestination
instanceKlass org/apache/logging/log4j/core/ErrorHandler
instanceKlass org/apache/logging/log4j/core/layout/PatternLayout$PatternFormatterPatternSerializer
instanceKlass org/apache/logging/log4j/core/pattern/PlainTextRenderer
instanceKlass org/apache/logging/log4j/core/impl/ThrowableFormatOptions
instanceKlass org/apache/logging/log4j/core/pattern/PatternFormatter
instanceKlass org/apache/logging/log4j/core/pattern/TextRenderer
instanceKlass org/apache/logging/log4j/core/util/Integers
instanceKlass org/apache/logging/log4j/core/pattern/NameAbbreviator
instanceKlass org/apache/logging/log4j/core/util/OptionConverter
instanceKlass sun/util/calendar/CalendarUtils
instanceKlass sun/util/calendar/CalendarDate
instanceKlass sun/util/resources/Bundles$CacheKeyReference
instanceKlass java/util/ResourceBundle$ResourceBundleProviderHelper$$Lambda$90
instanceKlass java/util/ResourceBundle$ResourceBundleProviderHelper
instanceKlass sun/util/resources/Bundles$CacheKey
instanceKlass java/util/ResourceBundle$1
instanceKlass jdk/internal/access/JavaUtilResourceBundleAccess
instanceKlass sun/util/resources/Bundles
instanceKlass sun/util/resources/LocaleData$LocaleDataStrategy
instanceKlass sun/util/resources/Bundles$Strategy
instanceKlass sun/util/resources/LocaleData$1
instanceKlass sun/util/cldr/CLDRLocaleProviderAdapter$$Lambda$89
instanceKlass sun/util/locale/provider/CalendarDataUtility$CalendarWeekParameterGetter
instanceKlass sun/util/locale/provider/LocaleServiceProviderPool$LocalizedObjectGetter
instanceKlass sun/util/locale/provider/LocaleServiceProviderPool
instanceKlass sun/util/locale/provider/CalendarDataUtility
instanceKlass sun/util/calendar/CalendarSystem$GregorianHolder
instanceKlass sun/util/calendar/CalendarSystem
instanceKlass java/util/Calendar$Builder
instanceKlass sun/util/locale/provider/AvailableLanguageTags
instanceKlass sun/util/locale/provider/JRELocaleProviderAdapter$$Lambda$88
instanceKlass sun/util/resources/cldr/provider/CLDRLocaleDataMetaInfo
instanceKlass jdk/internal/module/ModulePatcher$PatchedModuleReader
instanceKlass sun/util/cldr/CLDRLocaleProviderAdapter$1
instanceKlass sun/util/locale/StringTokenIterator
instanceKlass sun/util/locale/ParseStatus
instanceKlass sun/util/cldr/CLDRBaseLocaleDataMetaInfo
instanceKlass sun/util/locale/provider/LocaleDataMetaInfo
instanceKlass sun/util/locale/provider/LocaleProviderAdapter$1
instanceKlass java/util/ResourceBundle
instanceKlass java/util/ResourceBundle$Control
instanceKlass sun/util/resources/LocaleData
instanceKlass sun/util/locale/provider/LocaleResources
instanceKlass sun/util/locale/LanguageTag
instanceKlass sun/util/locale/provider/ResourceBundleBasedAdapter
instanceKlass sun/util/locale/provider/LocaleProviderAdapter
instanceKlass java/util/spi/LocaleServiceProvider
instanceKlass java/util/Locale$1
instanceKlass java/util/Calendar
instanceKlass sun/util/calendar/ZoneInfoFile$ZoneOffsetTransitionRule
instanceKlass sun/util/calendar/ZoneInfoFile$1
instanceKlass sun/util/calendar/ZoneInfoFile
instanceKlass java/util/TimeZone
instanceKlass org/apache/logging/log4j/core/pattern/DatePatternConverter$CachedTime
instanceKlass org/apache/logging/log4j/core/time/MutableInstant
instanceKlass java/time/temporal/TemporalAccessor
instanceKlass org/apache/logging/log4j/core/util/datetime/FixedDateFormat
instanceKlass java/util/Date
instanceKlass org/apache/logging/log4j/core/pattern/DatePatternConverter$Formatter
instanceKlass org/apache/logging/log4j/core/time/Instant
instanceKlass org/apache/logging/log4j/core/pattern/PatternParser$1
instanceKlass org/apache/logging/log4j/core/pattern/FormattingInfo
instanceKlass jdk/internal/reflect/ClassDefiner$1
instanceKlass jdk/internal/reflect/ClassDefiner
instanceKlass jdk/internal/reflect/MethodAccessorGenerator$1
instanceKlass jdk/internal/reflect/Label$PatchInfo
instanceKlass jdk/internal/reflect/Label
instanceKlass jdk/internal/reflect/UTF8
instanceKlass jdk/internal/reflect/ClassFileAssembler
instanceKlass jdk/internal/reflect/ByteVectorImpl
instanceKlass jdk/internal/reflect/ByteVector
instanceKlass jdk/internal/reflect/ByteVectorFactory
instanceKlass jdk/internal/reflect/AccessorGenerator
instanceKlass jdk/internal/reflect/ClassFileConstants
instanceKlass java/lang/Class$AnnotationData
instanceKlass java/lang/annotation/Target
instanceKlass java/lang/reflect/Proxy$ProxyBuilder$1
instanceKlass java/lang/reflect/ProxyGenerator$ExceptionTableEntry
instanceKlass java/lang/reflect/ProxyGenerator$PrimitiveTypeInfo
instanceKlass java/lang/reflect/ProxyGenerator$FieldInfo
instanceKlass java/lang/reflect/ProxyGenerator$ConstantPool$Entry
instanceKlass java/lang/reflect/ProxyGenerator$MethodInfo
instanceKlass java/lang/reflect/ProxyGenerator$ProxyMethod
instanceKlass java/lang/reflect/ProxyGenerator$ConstantPool
instanceKlass java/lang/reflect/ProxyGenerator
instanceKlass java/lang/reflect/Proxy$$Lambda$87
instanceKlass java/util/Collections$1
instanceKlass java/lang/reflect/Proxy$ProxyBuilder
instanceKlass java/lang/reflect/Proxy$$Lambda$86
instanceKlass java/lang/reflect/Proxy
instanceKlass sun/reflect/annotation/AnnotationInvocationHandler
instanceKlass java/lang/reflect/InvocationHandler
instanceKlass sun/reflect/annotation/AnnotationParser$1
instanceKlass java/lang/annotation/Documented
instanceKlass java/lang/annotation/Inherited
instanceKlass java/lang/annotation/Retention
instanceKlass sun/reflect/annotation/ExceptionProxy
instanceKlass sun/reflect/annotation/AnnotationType$1
instanceKlass sun/reflect/annotation/AnnotationType
instanceKlass java/lang/reflect/GenericArrayType
instanceKlass org/apache/logging/log4j/core/config/plugins/Plugin
instanceKlass sun/reflect/generics/visitor/Reifier
instanceKlass sun/reflect/generics/visitor/TypeTreeVisitor
instanceKlass sun/reflect/generics/factory/CoreReflectionFactory
instanceKlass sun/reflect/generics/factory/GenericsFactory
instanceKlass sun/reflect/generics/scope/AbstractScope
instanceKlass sun/reflect/generics/scope/Scope
instanceKlass sun/reflect/generics/tree/ClassTypeSignature
instanceKlass sun/reflect/generics/tree/SimpleClassTypeSignature
instanceKlass sun/reflect/generics/tree/FieldTypeSignature
instanceKlass sun/reflect/generics/tree/BaseType
instanceKlass sun/reflect/generics/tree/TypeSignature
instanceKlass sun/reflect/generics/tree/ReturnType
instanceKlass sun/reflect/generics/tree/TypeArgument
instanceKlass sun/reflect/generics/tree/TypeTree
instanceKlass sun/reflect/generics/tree/Tree
instanceKlass sun/reflect/generics/parser/SignatureParser
instanceKlass org/apache/logging/log4j/core/pattern/ConverterKeys
instanceKlass org/apache/logging/log4j/core/pattern/PatternParser
instanceKlass org/apache/logging/log4j/core/layout/StringBuilderEncoder
instanceKlass org/apache/logging/log4j/core/layout/PatternLayout$PatternSerializer
instanceKlass org/apache/logging/log4j/core/layout/AbstractStringLayout$Serializer
instanceKlass org/apache/logging/log4j/core/layout/PatternLayout$SerializerBuilder
instanceKlass org/apache/logging/log4j/core/layout/PatternLayout$Builder
instanceKlass org/apache/logging/log4j/core/layout/AbstractStringLayout$Serializer2
instanceKlass org/apache/logging/log4j/spi/LoggerRegistry$ConcurrentMapFactory
instanceKlass org/apache/logging/log4j/spi/LoggerRegistry$MapFactory
instanceKlass org/apache/logging/log4j/spi/LoggerRegistry
instanceKlass org/apache/logging/log4j/core/config/Node
instanceKlass org/apache/logging/log4j/core/util/DummyNanoClock
instanceKlass org/apache/logging/log4j/core/util/InjectedInvoker
instanceKlass org/apache/logging/log4j/core/util/WatchEventService
instanceKlass java/util/UUID
instanceKlass org/apache/logging/log4j/core/util/WatchManager$LocalUUID
instanceKlass java/util/concurrent/Future
instanceKlass java/util/concurrent/ScheduledExecutorService
instanceKlass java/util/concurrent/ExecutorService
instanceKlass java/util/concurrent/Executor
instanceKlass org/apache/logging/log4j/core/config/DefaultReliabilityStrategy
instanceKlass org/apache/logging/log4j/core/config/LocationAwareReliabilityStrategy
instanceKlass java/util/concurrent/atomic/AtomicReferenceFieldUpdater$AtomicReferenceFieldUpdaterImpl$1
instanceKlass java/util/concurrent/atomic/AtomicReferenceFieldUpdater
instanceKlass org/apache/logging/log4j/core/config/AppenderControlArraySet
instanceKlass org/apache/logging/log4j/core/impl/DefaultLogEventFactory
instanceKlass org/apache/logging/log4j/core/LogEvent
instanceKlass org/apache/logging/log4j/core/impl/LogEventFactory
instanceKlass org/apache/logging/log4j/core/impl/LocationAwareLogEventFactory
instanceKlass org/apache/logging/log4j/core/config/ReliabilityStrategy
instanceKlass java/util/DualPivotQuicksort
instanceKlass org/apache/logging/log4j/core/lookup/StrMatcher
instanceKlass sun/management/Util
instanceKlass java/util/stream/Collectors$$Lambda$83
instanceKlass java/util/stream/Collectors$$Lambda$82
instanceKlass java/util/stream/Collectors$$Lambda$81
instanceKlass sun/management/spi/PlatformMBeanProvider$PlatformComponent$$Lambda$80
instanceKlass sun/management/spi/PlatformMBeanProvider$PlatformComponent$$Lambda$79
instanceKlass sun/management/RuntimeImpl
instanceKlass java/util/stream/ReduceOps$2ReducingSink
instanceKlass java/lang/management/ManagementFactory$PlatformMBeanFinder$$Lambda$78
instanceKlass java/lang/management/ManagementFactory$PlatformMBeanFinder$$Lambda$77
instanceKlass java/lang/management/ManagementFactory$PlatformMBeanFinder$$Lambda$76
instanceKlass java/lang/management/ManagementFactory$PlatformMBeanFinder$$Lambda$75
instanceKlass java/util/Collections$2
instanceKlass jdk/management/jfr/internal/FlightRecorderMXBeanProvider$SingleMBeanComponent
instanceKlass jdk/management/jfr/FlightRecorderMXBean
instanceKlass java/util/stream/Collectors$$Lambda$74
instanceKlass java/util/stream/Collectors$$Lambda$73
instanceKlass java/lang/invoke/LambdaForm$DMH
instanceKlass java/util/stream/Collectors$$Lambda$72
instanceKlass java/lang/management/ManagementFactory$PlatformMBeanFinder$$Lambda$71
instanceKlass java/util/function/Function$$Lambda$70
instanceKlass java/lang/management/ManagementFactory$PlatformMBeanFinder$$Lambda$69
instanceKlass java/lang/management/ManagementFactory$PlatformMBeanFinder$$Lambda$68
instanceKlass java/lang/management/DefaultPlatformMBeanProvider$11
instanceKlass java/lang/management/DefaultPlatformMBeanProvider$10
instanceKlass java/lang/management/DefaultPlatformMBeanProvider$9
instanceKlass sun/management/ManagementFactoryHelper$LoggingMXBeanAccess$1
instanceKlass sun/management/ManagementFactoryHelper$LoggingMXBeanAccess
instanceKlass java/lang/management/DefaultPlatformMBeanProvider$8
instanceKlass java/lang/management/DefaultPlatformMBeanProvider$7
instanceKlass java/lang/management/DefaultPlatformMBeanProvider$6
instanceKlass java/lang/management/DefaultPlatformMBeanProvider$5
instanceKlass java/lang/management/DefaultPlatformMBeanProvider$4
instanceKlass java/lang/management/DefaultPlatformMBeanProvider$3
instanceKlass java/lang/management/DefaultPlatformMBeanProvider$2
instanceKlass java/lang/management/DefaultPlatformMBeanProvider$1
instanceKlass com/sun/management/internal/PlatformMBeanProviderImpl$5
instanceKlass sun/management/VMManagementImpl
instanceKlass sun/management/VMManagement
instanceKlass sun/management/ManagementFactoryHelper
instanceKlass sun/management/NotificationEmitterSupport
instanceKlass javax/management/NotificationEmitter
instanceKlass javax/management/NotificationBroadcaster
instanceKlass com/sun/management/DiagnosticCommandMBean
instanceKlass javax/management/DynamicMBean
instanceKlass com/sun/management/internal/PlatformMBeanProviderImpl$4
instanceKlass com/sun/management/internal/PlatformMBeanProviderImpl$3
instanceKlass com/sun/management/internal/PlatformMBeanProviderImpl$2
instanceKlass java/util/stream/Collectors$$Lambda$67
instanceKlass java/util/stream/Collectors$$Lambda$66
instanceKlass java/util/stream/Collectors$$Lambda$65
instanceKlass java/util/function/BiConsumer
instanceKlass java/util/stream/Collectors$$Lambda$64
instanceKlass java/util/stream/Collectors$CollectorImpl
instanceKlass java/util/stream/Collector
instanceKlass java/util/stream/Collectors
instanceKlass com/sun/management/internal/PlatformMBeanProviderImpl$1
instanceKlass sun/management/spi/PlatformMBeanProvider$PlatformComponent
instanceKlass com/sun/management/internal/PlatformMBeanProviderImpl$$Lambda$63
instanceKlass java/util/concurrent/Callable
instanceKlass java/lang/management/ManagementFactory$PlatformMBeanFinder$$Lambda$62
instanceKlass sun/management/spi/PlatformMBeanProvider
instanceKlass java/io/FilePermission$1
instanceKlass jdk/internal/access/JavaIOFilePermissionAccess
instanceKlass java/lang/management/ManagementFactory$PlatformMBeanFinder$$Lambda$61
instanceKlass java/lang/management/ManagementFactory$PlatformMBeanFinder
instanceKlass java/lang/management/RuntimeMXBean
instanceKlass java/lang/management/PlatformManagedObject
instanceKlass java/lang/management/ManagementFactory$$Lambda$60
instanceKlass java/lang/management/ManagementFactory
instanceKlass org/apache/logging/log4j/core/net/JndiManager$JndiManagerFactory
instanceKlass javax/naming/Context
instanceKlass org/apache/logging/log4j/core/appender/ManagerFactory
instanceKlass org/apache/logging/log4j/core/appender/AbstractManager
instanceKlass org/apache/logging/log4j/core/impl/ThreadContextDataProvider
instanceKlass org/apache/logging/log4j/core/impl/ThreadContextDataInjector$$Lambda$59
instanceKlass org/apache/logging/log4j/core/impl/InjectedInvoker
instanceKlass org/apache/logging/log4j/core/util/ContextDataProvider
instanceKlass java/util/concurrent/ConcurrentLinkedDeque$Node
instanceKlass org/apache/logging/log4j/core/impl/ThreadContextDataInjector
instanceKlass org/apache/logging/log4j/core/impl/ThreadContextDataInjector$ForDefaultThreadContextMap
instanceKlass org/apache/logging/log4j/spi/DefaultThreadContextStack
instanceKlass org/apache/logging/log4j/spi/DefaultThreadContextMap
instanceKlass org/apache/logging/log4j/spi/GarbageFreeSortedArrayThreadContextMap
instanceKlass java/io/ObjectInputFilter$FilterInfo
instanceKlass org/apache/logging/log4j/util/internal/DefaultObjectInputFilter
instanceKlass java/io/ObjectInputFilter
instanceKlass java/io/ObjectInputValidation
instanceKlass java/io/ObjectInputStream$GetField
instanceKlass java/lang/PublicMethods
instanceKlass org/apache/logging/log4j/util/SortedArrayStringMap$$Lambda$57
instanceKlass org/apache/logging/log4j/util/TriConsumer
instanceKlass java/lang/invoke/LambdaForm$DMH
instanceKlass java/lang/invoke/LambdaForm$DMH
instanceKlass org/apache/logging/log4j/util/SortedArrayStringMap
instanceKlass org/apache/logging/log4j/util/IndexedStringMap
instanceKlass org/apache/logging/log4j/util/IndexedReadOnlyStringMap
instanceKlass org/apache/logging/log4j/util/StringMap
instanceKlass org/apache/logging/log4j/util/ReadOnlyStringMap
instanceKlass org/apache/logging/log4j/spi/CopyOnWriteSortedArrayThreadContextMap
instanceKlass org/apache/logging/log4j/spi/CopyOnWrite
instanceKlass org/apache/logging/log4j/spi/ObjectThreadContextMap
instanceKlass org/apache/logging/log4j/spi/CleanableThreadContextMap
instanceKlass org/apache/logging/log4j/spi/ThreadContextMap2
instanceKlass org/apache/logging/log4j/spi/ReadOnlyThreadContextMap
instanceKlass org/apache/logging/log4j/spi/ThreadContextMapFactory
instanceKlass org/apache/logging/log4j/ThreadContext$EmptyIterator
instanceKlass org/apache/logging/log4j/spi/ThreadContextMap
instanceKlass org/apache/logging/log4j/spi/ThreadContextStack
instanceKlass org/apache/logging/log4j/ThreadContext$ContextStack
instanceKlass org/apache/logging/log4j/ThreadContext
instanceKlass org/apache/logging/log4j/core/ContextDataInjector
instanceKlass org/apache/logging/log4j/core/impl/ContextDataInjectorFactory
instanceKlass org/apache/logging/log4j/core/util/ReflectionUtil
instanceKlass java/lang/invoke/LambdaForm$MH
instanceKlass java/lang/invoke/LambdaForm$DMH
instanceKlass org/apache/logging/log4j/core/config/plugins/util/PluginRegistry$$Lambda$56
instanceKlass org/apache/logging/log4j/util/Supplier
instanceKlass java/lang/invoke/LambdaForm$DMH
instanceKlass org/apache/logging/log4j/core/util/AbstractWatcher
instanceKlass org/apache/logging/log4j/core/config/plugins/convert/TypeConverters$UuidConverter
instanceKlass org/apache/logging/log4j/core/config/plugins/convert/TypeConverters$UrlConverter
instanceKlass org/apache/logging/log4j/core/config/plugins/convert/TypeConverters$UriConverter
instanceKlass org/apache/logging/log4j/core/config/plugins/convert/TypeConverters$StringConverter
instanceKlass org/apache/logging/log4j/core/config/plugins/convert/TypeConverters$ShortConverter
instanceKlass org/apache/logging/log4j/core/config/plugins/convert/TypeConverters$SecurityProviderConverter
instanceKlass org/apache/logging/log4j/core/config/plugins/convert/TypeConverters$PatternConverter
instanceKlass org/apache/logging/log4j/core/config/plugins/convert/TypeConverters$PathConverter
instanceKlass org/apache/logging/log4j/core/config/plugins/convert/TypeConverters$LongConverter
instanceKlass org/apache/logging/log4j/core/config/plugins/convert/TypeConverters$LevelConverter
instanceKlass org/apache/logging/log4j/core/config/plugins/convert/TypeConverters$IntegerConverter
instanceKlass org/apache/logging/log4j/core/config/plugins/convert/TypeConverters$InetAddressConverter
instanceKlass org/apache/logging/log4j/core/config/plugins/convert/TypeConverters$FloatConverter
instanceKlass org/apache/logging/log4j/core/config/plugins/convert/TypeConverters$FileConverter
instanceKlass org/apache/logging/log4j/core/config/plugins/convert/TypeConverters$DurationConverter
instanceKlass org/apache/logging/log4j/core/config/plugins/convert/TypeConverters$DoubleConverter
instanceKlass org/apache/logging/log4j/core/config/plugins/convert/TypeConverters$CronExpressionConverter
instanceKlass org/apache/logging/log4j/core/config/plugins/convert/TypeConverters$ClassConverter
instanceKlass org/apache/logging/log4j/core/config/plugins/convert/TypeConverters$CharsetConverter
instanceKlass org/apache/logging/log4j/core/config/plugins/convert/TypeConverters$CharArrayConverter
instanceKlass org/apache/logging/log4j/core/config/plugins/convert/TypeConverters$CharacterConverter
instanceKlass org/apache/logging/log4j/core/config/plugins/convert/TypeConverters$ByteArrayConverter
instanceKlass org/apache/logging/log4j/core/config/plugins/convert/TypeConverters$ByteConverter
instanceKlass org/apache/logging/log4j/core/config/plugins/convert/TypeConverters$BooleanConverter
instanceKlass org/apache/logging/log4j/core/config/plugins/convert/TypeConverters$BigIntegerConverter
instanceKlass org/apache/logging/log4j/core/config/plugins/convert/TypeConverters$BigDecimalConverter
instanceKlass org/apache/logging/log4j/core/config/plugins/convert/TypeConverter
instanceKlass org/apache/logging/log4j/core/lookup/UpperLookup
instanceKlass org/apache/logging/log4j/core/lookup/StructuredDataLookup
instanceKlass org/apache/logging/log4j/core/lookup/LowerLookup
instanceKlass org/apache/logging/log4j/core/lookup/MapLookup
instanceKlass org/apache/logging/log4j/core/lookup/DateLookup
instanceKlass org/apache/logging/log4j/core/lookup/ContextMapLookup
instanceKlass org/apache/log4j/builders/appender/NullAppenderBuilder
instanceKlass org/apache/log4j/builders/filter/DenyAllFilterBuilder
instanceKlass org/apache/log4j/builders/filter/FilterBuilder
instanceKlass org/apache/log4j/builders/layout/SimpleLayoutBuilder
instanceKlass org/apache/log4j/builders/rolling/TriggeringPolicyBuilder
instanceKlass org/apache/log4j/builders/layout/LayoutBuilder
instanceKlass org/apache/log4j/builders/Parser
instanceKlass org/apache/log4j/builders/AbstractBuilder
instanceKlass org/apache/log4j/builders/appender/AppenderBuilder
instanceKlass org/apache/log4j/builders/Builder
instanceKlass org/apache/logging/log4j/core/pattern/FileDatePatternConverter
instanceKlass org/apache/logging/log4j/core/config/arbiters/SystemPropertyArbiter
instanceKlass org/apache/logging/log4j/core/net/ssl/SslConfiguration
instanceKlass org/apache/logging/log4j/core/appender/rolling/action/PathSortByModificationTime
instanceKlass org/apache/logging/log4j/core/appender/rolling/action/PathSorter
instanceKlass org/apache/logging/log4j/core/net/SocketPerformancePreferences
instanceKlass org/apache/logging/log4j/core/net/SocketOptions
instanceKlass org/apache/logging/log4j/core/util/Builder
instanceKlass org/apache/logging/log4j/core/net/SocketAddress
instanceKlass org/apache/logging/log4j/core/config/arbiters/SelectArbiter
instanceKlass org/apache/logging/log4j/core/config/ScriptsPlugin
instanceKlass org/apache/logging/log4j/core/layout/ScriptPatternSelector
instanceKlass org/apache/logging/log4j/core/appender/rolling/action/ScriptCondition
instanceKlass org/apache/logging/log4j/core/config/arbiters/ScriptArbiter
instanceKlass org/apache/logging/log4j/core/script/AbstractScript
instanceKlass org/apache/logging/log4j/core/appender/routing/Routes
instanceKlass org/apache/logging/log4j/core/appender/routing/Route
instanceKlass org/apache/logging/log4j/core/pattern/RegexReplacement
instanceKlass org/apache/logging/log4j/core/appender/rewrite/PropertiesRewritePolicy
instanceKlass org/apache/logging/log4j/core/config/PropertiesPlugin
instanceKlass org/apache/logging/log4j/core/layout/PatternMatch
instanceKlass org/apache/logging/log4j/core/net/MulticastDnsAdvertiser
instanceKlass org/apache/logging/log4j/core/layout/MarkerPatternSelector
instanceKlass org/apache/logging/log4j/core/appender/rewrite/MapRewritePolicy
instanceKlass org/apache/logging/log4j/core/config/LoggersPlugin
instanceKlass org/apache/logging/log4j/core/appender/rewrite/LoggerNameLevelRewritePolicy
instanceKlass org/apache/logging/log4j/core/appender/rewrite/RewritePolicy
instanceKlass org/apache/logging/log4j/core/layout/LoggerFields
instanceKlass org/apache/logging/log4j/core/async/LinkedTransferQueueFactory
instanceKlass org/apache/logging/log4j/core/layout/LevelPatternSelector
instanceKlass org/apache/logging/log4j/core/layout/PatternSelector
instanceKlass org/apache/logging/log4j/core/util/KeyValuePair
instanceKlass org/apache/logging/log4j/core/net/ssl/StoreConfiguration
instanceKlass org/apache/logging/log4j/core/async/JCToolsBlockingQueueFactory
instanceKlass org/apache/logging/log4j/core/appender/rolling/action/IfNot
instanceKlass org/apache/logging/log4j/core/appender/rolling/action/IfLastModified
instanceKlass org/apache/logging/log4j/core/appender/rolling/action/IfFileName
instanceKlass org/apache/logging/log4j/core/appender/rolling/action/IfAny
instanceKlass org/apache/logging/log4j/core/appender/rolling/action/IfAll
instanceKlass org/apache/logging/log4j/core/appender/rolling/action/IfAccumulatedFileSize
instanceKlass org/apache/logging/log4j/core/appender/rolling/action/IfAccumulatedFileCount
instanceKlass org/apache/logging/log4j/core/appender/rolling/action/PathCondition
instanceKlass org/apache/logging/log4j/core/appender/routing/PurgePolicy
instanceKlass org/apache/logging/log4j/core/appender/FailoversPlugin
instanceKlass org/apache/logging/log4j/core/async/DisruptorBlockingQueueFactory
instanceKlass org/apache/logging/log4j/core/appender/rolling/DirectFileRolloverStrategy
instanceKlass org/apache/logging/log4j/core/appender/rolling/action/AbstractAction
instanceKlass org/apache/logging/log4j/core/appender/rolling/action/Action
instanceKlass org/apache/logging/log4j/core/appender/rolling/AbstractRolloverStrategy
instanceKlass org/apache/logging/log4j/core/appender/rolling/RolloverStrategy
instanceKlass org/apache/logging/log4j/core/config/arbiters/DefaultArbiter
instanceKlass org/apache/logging/log4j/core/config/CustomLevels
instanceKlass org/apache/logging/log4j/core/config/CustomLevelConfig
instanceKlass org/apache/logging/log4j/core/layout/AbstractLayout
instanceKlass org/apache/logging/log4j/core/StringLayout
instanceKlass org/apache/logging/log4j/core/appender/rolling/TriggeringPolicy
instanceKlass org/apache/logging/log4j/core/appender/db/jdbc/ConnectionSource
instanceKlass org/apache/logging/log4j/core/appender/db/ColumnMapping
instanceKlass org/apache/logging/log4j/core/appender/db/jdbc/ColumnConfig
instanceKlass org/apache/logging/log4j/core/config/arbiters/ClassArbiter
instanceKlass org/apache/logging/log4j/core/config/arbiters/Arbiter
instanceKlass org/apache/logging/log4j/core/async/AsyncWaitStrategyFactoryConfig
instanceKlass org/apache/logging/log4j/core/async/ArrayBlockingQueueFactory
instanceKlass org/apache/logging/log4j/core/async/BlockingQueueFactory
instanceKlass org/apache/logging/log4j/core/appender/AppenderSet
instanceKlass org/apache/logging/log4j/core/config/AppendersPlugin
instanceKlass org/apache/logging/log4j/core/config/AppenderRef
instanceKlass org/apache/logging/log4j/core/pattern/AnsiConverter
instanceKlass org/apache/logging/log4j/core/pattern/ArrayPatternConverter
instanceKlass org/apache/logging/log4j/core/impl/LocationAware
instanceKlass org/apache/logging/log4j/core/pattern/AbstractPatternConverter
instanceKlass org/apache/logging/log4j/core/pattern/PatternConverter
instanceKlass org/apache/logging/log4j/core/config/plugins/util/PluginType
instanceKlass org/apache/logging/log4j/core/config/builder/api/ConfigurationBuilderFactory
instanceKlass java/util/TreeMap$PrivateEntryIterator
instanceKlass java/lang/invoke/LambdaForm$MH
instanceKlass java/lang/invoke/LambdaForm$DMH
instanceKlass java/lang/invoke/LambdaForm$DMH
instanceKlass org/apache/logging/log4j/core/config/plugins/processor/PluginCache$$Lambda$55
instanceKlass java/lang/invoke/LambdaForm$DMH
instanceKlass org/apache/logging/log4j/core/config/plugins/processor/PluginEntry
instanceKlass org/apache/logging/log4j/core/config/plugins/processor/PluginCache$$Lambda$54
instanceKlass org/apache/logging/log4j/core/config/plugins/processor/PluginCache
instanceKlass org/apache/logging/log4j/core/config/plugins/util/ResolverUtil$Test
instanceKlass org/apache/logging/log4j/core/config/plugins/util/PluginRegistry
instanceKlass org/apache/logging/log4j/core/config/plugins/util/PluginManager
instanceKlass org/apache/logging/log4j/core/lookup/PropertiesLookup
instanceKlass org/apache/logging/log4j/core/lookup/LookupResult
instanceKlass org/apache/logging/log4j/core/lookup/AbstractLookup
instanceKlass org/apache/logging/log4j/core/config/LoggerContextAware
instanceKlass org/apache/logging/log4j/core/config/DefaultAdvertiser
instanceKlass org/apache/logging/log4j/core/config/Property
instanceKlass org/apache/logging/log4j/core/config/ConfigurationSource
instanceKlass org/apache/logging/log4j/core/async/AsyncLoggerConfigDelegate
instanceKlass org/apache/logging/log4j/core/Appender
instanceKlass org/apache/logging/log4j/core/Layout
instanceKlass org/apache/logging/log4j/core/layout/Encoder
instanceKlass org/apache/logging/log4j/core/util/Watcher
instanceKlass org/apache/logging/log4j/core/util/NanoClock
instanceKlass org/apache/logging/log4j/core/lookup/StrLookup
instanceKlass org/apache/logging/log4j/core/net/Advertiser
instanceKlass org/apache/logging/log4j/core/lookup/StrSubstitutor
instanceKlass org/apache/logging/log4j/core/config/ConfigurationAware
instanceKlass org/apache/logging/log4j/core/AbstractLifeCycle
instanceKlass org/apache/logging/log4j/spi/LoggerContextShutdownEnabled
instanceKlass org/apache/logging/log4j/core/config/ConfigurationListener
instanceKlass org/apache/logging/log4j/spi/Terminable
instanceKlass org/apache/logging/log4j/util/StackLocator$$Lambda$53
instanceKlass java/util/stream/WhileOps$DropWhileSink
instanceKlass org/apache/logging/log4j/util/StackLocator$$Lambda$52
instanceKlass org/apache/logging/log4j/util/StackLocator$$Lambda$51
instanceKlass java/util/stream/WhileOps$DropWhileOp
instanceKlass java/util/stream/WhileOps
instanceKlass org/apache/logging/log4j/util/StackLocator$$Lambda$50
instanceKlass java/lang/StackStreamFactory$FrameBuffer
instanceKlass java/lang/StackStreamFactory$1
instanceKlass java/lang/StackStreamFactory
instanceKlass org/apache/logging/log4j/util/StackLocator$$Lambda$49
instanceKlass org/apache/logging/log4j/util/StackLocator
instanceKlass org/apache/logging/log4j/util/StackLocatorUtil
instanceKlass org/apache/logging/log4j/internal/LogManagerStatus
instanceKlass java/util/concurrent/Executors$DefaultThreadFactory
instanceKlass java/util/concurrent/Executors
instanceKlass org/apache/logging/log4j/core/util/Cancellable
instanceKlass org/apache/logging/log4j/core/util/DefaultShutdownCallbackRegistry
instanceKlass org/apache/logging/log4j/core/LifeCycle2
instanceKlass java/util/concurrent/atomic/AtomicReference
instanceKlass org/apache/logging/log4j/core/selector/ClassLoaderContextSelector
instanceKlass org/apache/logging/log4j/core/util/Loader
instanceKlass org/apache/logging/log4j/core/util/Constants
instanceKlass org/apache/logging/log4j/core/selector/ContextSelector
instanceKlass org/apache/logging/log4j/core/config/Configuration
instanceKlass org/apache/logging/log4j/core/filter/Filterable
instanceKlass org/apache/logging/log4j/spi/LoggerContext
instanceKlass java/util/zip/ZipFile$ZipEntryIterator
instanceKlass java/util/jar/JarFile$$Lambda$48
instanceKlass org/apache/logging/log4j/core/impl/Log4jContextFactory
instanceKlass org/apache/logging/log4j/core/util/ShutdownCallbackRegistry
instanceKlass org/apache/logging/log4j/util/ProviderUtil$$Lambda$47
instanceKlass org/apache/logging/log4j/util/ProviderUtil$$Lambda$46
instanceKlass org/apache/logging/log4j/util/InjectedInvoker
instanceKlass org/apache/logging/log4j/spi/Provider
instanceKlass org/apache/logging/log4j/util/ProviderUtil
instanceKlass org/apache/logging/log4j/spi/LoggerContextFactory
instanceKlass org/apache/logging/log4j/LogManager
instanceKlass org/apache/logging/slf4j/Log4jMDCAdapter$ThreadLocalMapOfStacks$$Lambda$44
instanceKlass org/apache/logging/slf4j/Log4jMDCAdapter$ThreadLocalMapOfStacks
instanceKlass org/apache/logging/slf4j/Log4jMDCAdapter
instanceKlass org/apache/logging/slf4j/Log4jLoggerFactory$$Lambda$43
instanceKlass java/lang/invoke/LambdaForm$DMH
instanceKlass org/apache/logging/log4j/spi/AbstractLoggerAdapter
instanceKlass org/apache/logging/log4j/spi/LoggerContextShutdownAware
instanceKlass org/apache/logging/log4j/spi/LoggerAdapter
instanceKlass java/text/Format
instanceKlass java/util/RegularEnumSet$EnumSetIterator
instanceKlass org/apache/logging/log4j/Level
instanceKlass org/apache/logging/log4j/util/Strings$$Lambda$42
instanceKlass org/apache/logging/log4j/util/Strings
instanceKlass java/util/concurrent/ConcurrentLinkedQueue$Node
instanceKlass java/util/concurrent/locks/ReentrantReadWriteLock$WriteLock
instanceKlass java/util/concurrent/locks/ReentrantReadWriteLock$ReadLock
instanceKlass java/util/concurrent/locks/ReentrantReadWriteLock
instanceKlass org/apache/logging/log4j/message/EntryMessage
instanceKlass org/apache/logging/log4j/message/ExitMessage
instanceKlass org/apache/logging/log4j/message/FlowMessage
instanceKlass org/apache/logging/log4j/message/DefaultFlowMessageFactory
instanceKlass org/apache/logging/log4j/message/FlowMessageFactory
instanceKlass javax/servlet/Servlet
instanceKlass java/util/regex/Pattern$2
instanceKlass java/util/concurrent/ConcurrentSkipListMap$Iter
instanceKlass java/lang/invoke/LambdaForm$MH
instanceKlass java/lang/invoke/LambdaForm$DMH
instanceKlass java/lang/invoke/LambdaForm$DMH
instanceKlass org/apache/logging/log4j/util/PropertiesUtil$Environment$$Lambda$40
instanceKlass java/lang/invoke/LambdaForm$DMH
instanceKlass java/util/regex/IntHashSet
instanceKlass java/util/regex/Matcher
instanceKlass java/util/regex/MatchResult
instanceKlass java/util/regex/ASCII
instanceKlass org/apache/logging/log4j/util/PropertySource$Util
instanceKlass org/apache/logging/log4j/util/PropertiesUtil$Environment$$Lambda$39
instanceKlass org/apache/logging/log4j/util/PropertiesUtil$Environment$$Lambda$38
instanceKlass java/util/HashMap$HashMapSpliterator
instanceKlass java/util/stream/ReduceOps$Box
instanceKlass java/util/stream/ReduceOps$AccumulatingSink
instanceKlass java/util/stream/ReduceOps$ReduceOp
instanceKlass java/util/stream/ReduceOps
instanceKlass org/apache/logging/log4j/util/PropertiesUtil$Environment$$Lambda$37
instanceKlass java/util/function/BinaryOperator
instanceKlass org/apache/logging/log4j/util/PropertiesUtil$Environment$$Lambda$36
instanceKlass java/util/concurrent/ConcurrentSkipListMap$CSLMSpliterator
instanceKlass org/apache/logging/log4j/util/SystemPropertiesPropertySource
instanceKlass org/apache/logging/log4j/util/EnvironmentPropertySource
instanceKlass java/util/stream/ForEachOps$ForEachOp
instanceKlass java/util/stream/ForEachOps
instanceKlass org/apache/logging/log4j/util/PropertiesUtil$Environment$$Lambda$35
instanceKlass org/apache/logging/log4j/util/ServiceLoaderUtil$$Lambda$34
instanceKlass org/apache/logging/log4j/util/ServiceLoaderUtil$$Lambda$33
instanceKlass java/lang/invoke/LambdaForm$DMH
instanceKlass org/apache/logging/log4j/util/ServiceLoaderUtil$$Lambda$32
instanceKlass java/lang/invoke/LambdaForm$DMH
instanceKlass java/util/ServiceLoader$ProviderSpliterator
instanceKlass java/lang/invoke/LambdaForm$MH
instanceKlass java/lang/invoke/LambdaForm$MH
instanceKlass java/lang/invoke/LambdaForm$MH
instanceKlass java/lang/invoke/LambdaForm$DMH
instanceKlass org/apache/logging/log4j/util/InjectedInvoker
instanceKlass java/lang/invoke/LambdaForm$MH
instanceKlass java/lang/invoke/LambdaForm$MH
instanceKlass java/lang/invoke/LambdaForm$DMH
instanceKlass java/lang/invoke/LambdaForm$DMH
instanceKlass java/lang/invoke/MethodHandleImpl$ArrayAccessor
instanceKlass java/lang/invoke/MethodHandleImpl$2
instanceKlass java/lang/invoke/MethodHandleImpl$LoopClauses
instanceKlass java/lang/invoke/LambdaForm$MH
instanceKlass java/lang/invoke/LambdaForm$MH
instanceKlass java/lang/invoke/LambdaForm$MH
instanceKlass java/lang/invoke/MethodHandleImpl$BindCaller
instanceKlass org/apache/logging/log4j/util/ServiceLoaderUtil
instanceKlass java/util/concurrent/atomic/Striped64$1
instanceKlass org/apache/logging/log4j/util/PropertiesUtil$Environment$$Lambda$30
instanceKlass org/apache/logging/log4j/util/BiConsumer
instanceKlass java/util/concurrent/ConcurrentSkipListMap$Node
instanceKlass java/util/concurrent/ConcurrentSkipListMap$Index
instanceKlass java/util/concurrent/ConcurrentNavigableMap
instanceKlass org/apache/logging/log4j/util/PropertySource$Comparator
instanceKlass java/util/NavigableSet
instanceKlass java/util/SortedSet
instanceKlass org/apache/logging/log4j/util/PropertiesUtil$Environment
instanceKlass org/apache/logging/log4j/util/LoaderUtil$ThreadContextClassLoaderGetter
instanceKlass org/apache/logging/log4j/util/LoaderUtil
instanceKlass org/apache/logging/log4j/util/PropertiesPropertySource
instanceKlass org/apache/logging/log4j/util/PropertySource
instanceKlass org/apache/logging/log4j/util/PropertiesUtil
instanceKlass org/apache/logging/log4j/util/Constants
instanceKlass org/apache/logging/log4j/message/AbstractMessageFactory
instanceKlass org/apache/logging/log4j/message/ReusableMessageFactory
instanceKlass org/apache/logging/log4j/MarkerManager$Log4jMarker
instanceKlass org/apache/logging/log4j/util/StringBuilderFormattable
instanceKlass org/apache/logging/log4j/Marker
instanceKlass org/apache/logging/log4j/MarkerManager
instanceKlass java/util/concurrent/locks/ReadWriteLock
instanceKlass org/apache/logging/log4j/message/MessageFactory2
instanceKlass org/apache/logging/log4j/LogBuilder
instanceKlass org/apache/logging/log4j/message/Message
instanceKlass org/apache/logging/log4j/message/MessageFactory
instanceKlass org/apache/logging/log4j/spi/AbstractLogger
instanceKlass org/apache/logging/log4j/spi/LocationAwareLogger
instanceKlass org/apache/logging/log4j/spi/ExtendedLogger
instanceKlass org/apache/logging/log4j/Logger
instanceKlass org/apache/logging/slf4j/Log4jMarkerFactory
instanceKlass org/apache/logging/slf4j/SLF4JServiceProvider
instanceKlass sun/net/www/protocol/jar/URLJarFileCallBack
instanceKlass sun/net/www/MessageHeader
instanceKlass sun/net/www/protocol/jar/JarFileFactory
instanceKlass sun/net/www/protocol/jar/URLJarFile$URLJarFileCloseController
instanceKlass java/net/URLConnection
instanceKlass org/slf4j/helpers/Util
instanceKlass org/slf4j/helpers/NOPMDCAdapter
instanceKlass org/slf4j/helpers/NOPLoggerFactory
instanceKlass org/slf4j/helpers/NOP_FallbackServiceProvider
instanceKlass org/slf4j/helpers/ThreadLocalMapOfStacks
instanceKlass org/slf4j/helpers/BasicMDCAdapter
instanceKlass org/slf4j/Marker
instanceKlass org/slf4j/helpers/BasicMarkerFactory
instanceKlass java/util/concurrent/LinkedBlockingQueue$Node
instanceKlass java/util/concurrent/locks/AbstractQueuedSynchronizer$ConditionObject
instanceKlass java/util/concurrent/locks/Condition
instanceKlass java/util/concurrent/BlockingQueue
instanceKlass org/slf4j/helpers/SubstituteLoggerFactory
instanceKlass org/slf4j/ILoggerFactory
instanceKlass org/slf4j/spi/MDCAdapter
instanceKlass org/slf4j/IMarkerFactory
instanceKlass org/slf4j/helpers/SubstituteServiceProvider
instanceKlass org/slf4j/event/LoggingEvent
instanceKlass org/slf4j/spi/SLF4JServiceProvider
instanceKlass org/slf4j/LoggerFactory
instanceKlass java/util/logging/LogManager$CloseOnReset
instanceKlass java/util/logging/StreamHandler$1
instanceKlass java/util/logging/Handler$1
instanceKlass java/util/logging/ErrorManager
instanceKlass jdk/internal/logger/SimpleConsoleLogger$Formatting
instanceKlass sun/util/logging/PlatformLogger
instanceKlass sun/util/logging/PlatformLogger$ConfigurableBridge$LoggerConfiguration
instanceKlass java/util/logging/SimpleFormatter$$Lambda$29
instanceKlass java/util/logging/Formatter
instanceKlass java/util/logging/LogRecord
instanceKlass org/apache/spark/util/Utils$$$Lambda$28
instanceKlass java/util/regex/Pattern$BmpCharPredicate$$Lambda$27
instanceKlass jdk/internal/math/FDBigInteger
instanceKlass jdk/internal/math/FloatingDecimal$ASCIIToBinaryBuffer
instanceKlass jdk/internal/math/FloatingDecimal$PreparedASCIIToBinaryBuffer
instanceKlass jdk/internal/math/FloatingDecimal$ASCIIToBinaryConverter
instanceKlass jdk/internal/math/FloatingDecimal$BinaryToASCIIBuffer
instanceKlass jdk/internal/math/FloatingDecimal$ExceptionalBinaryToASCIIBuffer
instanceKlass jdk/internal/math/FloatingDecimal$BinaryToASCIIConverter
instanceKlass jdk/internal/math/FloatingDecimal
instanceKlass java/lang/Byte$ByteCache
instanceKlass java/lang/Short$ShortCache
instanceKlass org/apache/commons/lang3/math/NumberUtils
instanceKlass org/apache/commons/lang3/SystemUtils
instanceKlass java/util/regex/Pattern$$Lambda$26
instanceKlass java/util/regex/Pattern$$Lambda$25
instanceKlass java/util/regex/Pattern$BitClass$$Lambda$24
instanceKlass java/lang/invoke/LambdaForm$MH
instanceKlass java/lang/invoke/LambdaForm$DMH
instanceKlass scala/collection/immutable/VM
instanceKlass scala/runtime/Statics
instanceKlass scala/Function2
instanceKlass scala/collection/immutable/HashMap$Merger
instanceKlass scala/collection/generic/BitOperations$Int
instanceKlass scala/collection/immutable/HashMap$HashMapBuilder
instanceKlass scala/collection/immutable/Map$MapBuilderImpl$$Lambda$23
instanceKlass scala/collection/generic/Growable$$Lambda$22
instanceKlass scala/collection/immutable/HasForeachEntry
instanceKlass scala/collection/immutable/Map$MapBuilderImpl
instanceKlass scala/Product2$mcJJ$sp
instanceKlass scala/Product2$mcDI$sp
instanceKlass scala/Product2$mcDJ$sp
instanceKlass scala/Product2$mcIJ$sp
instanceKlass scala/Product2$mcID$sp
instanceKlass scala/Product2$mcDD$sp
instanceKlass scala/Product2$mcJD$sp
instanceKlass scala/Product2$mcJI$sp
instanceKlass java/util/Collections$UnmodifiableMap$UnmodifiableEntrySet$UnmodifiableEntry
instanceKlass java/util/Collections$UnmodifiableMap$UnmodifiableEntrySet$1
instanceKlass scala/collection/mutable/MapLike$$Lambda$21
instanceKlass scala/collection/mutable/IndexedSeqView
instanceKlass scala/collection/convert/Wrappers$
instanceKlass scala/collection/convert/Wrappers$JMapWrapperLike
instanceKlass scala/collection/convert/DecorateAsScala$$Lambda$20
instanceKlass scala/collection/convert/Decorators$AsScala
instanceKlass scala/collection/mutable/Set
instanceKlass scala/collection/mutable/SetLike
instanceKlass scala/collection/concurrent/Map
instanceKlass scala/collection/convert/Wrappers
instanceKlass scala/collection/JavaConverters$
instanceKlass scala/collection/convert/DecorateAsScala
instanceKlass scala/collection/convert/AsScalaConverters
instanceKlass scala/collection/convert/DecorateAsJava
instanceKlass scala/collection/convert/AsJavaConverters
instanceKlass org/apache/spark/util/Utils$$$Lambda$19
instanceKlass java/util/regex/Pattern$TreeInfo
instanceKlass java/util/regex/Pattern$$Lambda$18
instanceKlass java/util/regex/Pattern$BmpCharPredicate
instanceKlass java/util/regex/Pattern$$Lambda$17
instanceKlass java/util/regex/Pattern$CharPredicate
instanceKlass java/util/regex/Pattern$Node
instanceKlass java/util/regex/Pattern
instanceKlass scala/collection/immutable/StringOps$
instanceKlass scala/util/matching/UnanchoredRegex
instanceKlass scala/util/matching/Regex
instanceKlass scala/Predef$$anon$1
instanceKlass scala/reflect/NoManifest$
instanceKlass scala/reflect/ManifestFactory$ClassTypeManifest
instanceKlass scala/runtime/Null$
instanceKlass scala/collection/mutable/ArrayBuilder
instanceKlass scala/collection/mutable/ReusableBuilder
instanceKlass scala/reflect/AnyValManifest
instanceKlass scala/reflect/Manifest
instanceKlass scala/reflect/ManifestFactory$
instanceKlass scala/reflect/ClassTag
instanceKlass scala/reflect/ClassManifestDeprecatedApis
instanceKlass scala/reflect/OptManifest
instanceKlass scala/reflect/ClassManifestFactory$
instanceKlass scala/reflect/package$
instanceKlass scala/collection/generic/GenSetFactory$$anon$1
instanceKlass scala/collection/immutable/Set
instanceKlass scala/collection/generic/GenMapFactory$MapCanBuildFrom
instanceKlass scala/collection/immutable/Map
instanceKlass scala/collection/immutable/MapLike
instanceKlass scala/collection/generic/GenMapFactory
instanceKlass scala/util/Right$
instanceKlass scala/util/Left$
instanceKlass scala/util/Either$
instanceKlass scala/math/Ordering$Int$
instanceKlass scala/math/Ordering$IntOrdering
instanceKlass scala/math/Ordering$Reverse
instanceKlass scala/math/Ordering$
instanceKlass scala/math/LowPriorityOrderingImplicits
instanceKlass scala/math/Ordered$
instanceKlass scala/math/Numeric$
instanceKlass scala/math/Integral$
instanceKlass scala/math/Fractional$
instanceKlass scala/math/Equiv$
instanceKlass scala/math/LowPriorityEquiv
instanceKlass scala/math/ScalaNumericConversions
instanceKlass scala/math/ScalaNumericAnyConversions
instanceKlass scala/math/BigInt$
instanceKlass java/math/MathContext
instanceKlass scala/math/BigDecimal$
instanceKlass scala/collection/immutable/Range$
instanceKlass scala/collection/mutable/StringBuilder$
instanceKlass scala/math/package$
instanceKlass scala/collection/Parallel
instanceKlass scala/collection/immutable/VectorPointer
instanceKlass scala/collection/immutable/IndexedSeq
instanceKlass scala/collection/immutable/Stream$$hash$colon$colon$
instanceKlass scala/collection/$colon$plus$
instanceKlass scala/collection/$plus$colon$
instanceKlass scala/collection/immutable/$colon$colon$
instanceKlass scala/collection/immutable/List$$anon$1
instanceKlass scala/collection/BufferedIterator
instanceKlass scala/collection/AbstractIterator
instanceKlass scala/collection/TraversableOnce$BufferedCanBuildFrom
instanceKlass scala/collection/Iterator$
instanceKlass scala/sys/SystemProperties$$Lambda$16
instanceKlass scala/runtime/BoxesRunTime
instanceKlass scala/sys/SystemProperties$$Lambda$15
instanceKlass scala/sys/SystemProperties$$Lambda$14
instanceKlass scala/runtime/java8/JFunction0$mcZ$sp
instanceKlass scala/collection/Set
instanceKlass scala/collection/SetLike
instanceKlass scala/sys/package$
instanceKlass scala/sys/BooleanProp$$$Lambda$13
instanceKlass scala/sys/PropImpl
instanceKlass scala/sys/BooleanProp
instanceKlass scala/sys/Prop
instanceKlass scala/sys/BooleanProp$
instanceKlass scala/sys/SystemProperties$
instanceKlass scala/util/control/NoStackTrace$
instanceKlass scala/util/control/Breaks$TryBlock
instanceKlass scala/util/control/Breaks
instanceKlass scala/collection/generic/GenTraversableFactory$GenericCanBuildFrom
instanceKlass scala/collection/generic/GenericCompanion
instanceKlass scala/collection/generic/TraversableFactory
instanceKlass scala/collection/generic/GenericSeqCompanion
instanceKlass scala/package$$anon$1
instanceKlass scala/Specializable
instanceKlass scala/package$
instanceKlass scala/Predef$$eq$colon$eq
instanceKlass scala/Predef$$less$colon$less
instanceKlass scala/collection/generic/CanBuildFrom
instanceKlass scala/collection/mutable/ArrayLike
instanceKlass scala/LowPriorityImplicits
instanceKlass scala/DeprecatedPredef
instanceKlass scala/collection/GenSet
instanceKlass scala/collection/generic/GenericSetTemplate
instanceKlass scala/collection/GenSetLike
instanceKlass scala/collection/mutable/Map
instanceKlass scala/collection/mutable/MapLike
instanceKlass scala/collection/mutable/HashTable
instanceKlass scala/collection/mutable/HashTable$HashUtils
instanceKlass scala/collection/SeqView
instanceKlass scala/collection/SeqViewLike
instanceKlass scala/collection/IterableView
instanceKlass scala/collection/IterableViewLike
instanceKlass scala/collection/TraversableView
instanceKlass scala/collection/TraversableViewLike
instanceKlass scala/collection/ViewMkString
instanceKlass scala/collection/immutable/StringOps
instanceKlass scala/collection/immutable/StringLike
instanceKlass scala/math/Ordered
instanceKlass java/util/concurrent/atomic/AtomicReferenceArray
instanceKlass org/sparkproject/guava/collect/MapMaker$RemovalListener
instanceKlass org/sparkproject/guava/base/Ticker
instanceKlass org/sparkproject/guava/base/Objects
instanceKlass org/sparkproject/guava/collect/MapMakerInternalMap$1
instanceKlass jdk/internal/logger/DefaultLoggerFinder$1
instanceKlass java/util/logging/Logger$SystemLoggerHelper$1
instanceKlass java/util/logging/Logger$SystemLoggerHelper
instanceKlass java/util/logging/LogManager$4
instanceKlass jdk/internal/logger/BootstrapLogger$BootstrapExecutors
instanceKlass jdk/internal/logger/BootstrapLogger$RedirectedLoggers
instanceKlass java/util/ServiceLoader$ProviderImpl
instanceKlass java/util/ServiceLoader$Provider
instanceKlass java/util/ServiceLoader$1
instanceKlass java/util/concurrent/CopyOnWriteArrayList$COWIterator
instanceKlass jdk/internal/loader/URLClassPath$1
instanceKlass java/lang/CompoundEnumeration
instanceKlass jdk/internal/loader/BuiltinClassLoader$1
instanceKlass java/util/Collections$EmptyEnumeration
instanceKlass java/util/Collections$EmptyIterator
instanceKlass jdk/internal/jimage/ImageLocation
instanceKlass jdk/internal/jimage/decompressor/Decompressor
instanceKlass jdk/internal/jimage/ImageStringsReader
instanceKlass jdk/internal/jimage/ImageStrings
instanceKlass jdk/internal/jimage/ImageHeader
instanceKlass jdk/internal/jimage/NativeImageBuffer$1
instanceKlass jdk/internal/jimage/NativeImageBuffer
instanceKlass jdk/internal/jimage/BasicImageReader$1
instanceKlass jdk/internal/jimage/BasicImageReader
instanceKlass jdk/internal/jimage/ImageReader
instanceKlass jdk/internal/jimage/ImageReaderFactory$1
instanceKlass jdk/internal/jimage/ImageReaderFactory
instanceKlass jdk/internal/module/SystemModuleFinders$SystemImage
instanceKlass jdk/internal/module/SystemModuleFinders$SystemModuleReader
instanceKlass java/lang/module/ModuleReader
instanceKlass jdk/internal/loader/BuiltinClassLoader$5
instanceKlass jdk/internal/loader/BuiltinClassLoader$2
instanceKlass jdk/internal/module/Resources
instanceKlass java/util/ServiceLoader$3
instanceKlass java/util/ServiceLoader$2
instanceKlass java/util/ServiceLoader$LazyClassPathLookupIterator
instanceKlass java/lang/ModuleLayer$$Lambda$12
instanceKlass java/util/Spliterators$1Adapter
instanceKlass java/util/Spliterators$ArraySpliterator
instanceKlass java/util/Spliterator$OfDouble
instanceKlass java/util/Spliterator$OfLong
instanceKlass java/util/Spliterator$OfInt
instanceKlass java/util/Spliterator$OfPrimitive
instanceKlass java/util/Spliterators$EmptySpliterator
instanceKlass java/util/Spliterators
instanceKlass jdk/internal/loader/AbstractClassLoaderValue$Memoizer
instanceKlass java/util/ServiceLoader$ModuleServicesLookupIterator
instanceKlass java/util/ServiceLoader
instanceKlass jdk/internal/logger/BootstrapLogger$DetectBackend$1
instanceKlass jdk/internal/logger/BootstrapLogger$DetectBackend
instanceKlass jdk/internal/logger/BootstrapLogger
instanceKlass sun/util/logging/PlatformLogger$ConfigurableBridge
instanceKlass sun/util/logging/PlatformLogger$Bridge
instanceKlass java/lang/System$Logger
instanceKlass java/util/stream/Streams
instanceKlass java/util/stream/Streams$AbstractStreamBuilderImpl
instanceKlass java/util/stream/Stream$Builder
instanceKlass java/util/stream/Sink$ChainedReference
instanceKlass java/util/stream/FindOps$FindSink$OfRef$$Lambda$11
instanceKlass java/util/stream/FindOps$FindSink$OfRef$$Lambda$10
instanceKlass java/util/stream/FindOps$FindSink$OfRef$$Lambda$9
instanceKlass java/util/stream/FindOps$FindSink$OfRef$$Lambda$8
instanceKlass java/util/stream/FindOps$FindOp
instanceKlass java/util/stream/TerminalOp
instanceKlass java/util/stream/FindOps$FindSink
instanceKlass java/util/stream/TerminalSink
instanceKlass java/util/stream/Sink
instanceKlass java/util/function/Consumer
instanceKlass java/util/stream/FindOps
instanceKlass java/util/logging/Level$KnownLevel$$Lambda$7
instanceKlass sun/reflect/annotation/AnnotationParser
instanceKlass java/lang/Class$3
instanceKlass java/util/EnumMap$1
instanceKlass java/util/stream/StreamOpFlag$MaskBuilder
instanceKlass java/util/stream/PipelineHelper
instanceKlass java/util/stream/Stream
instanceKlass java/util/stream/BaseStream
instanceKlass java/util/stream/StreamSupport
instanceKlass java/util/ArrayList$ArrayListSpliterator
instanceKlass java/util/Spliterator
instanceKlass java/util/logging/Level$$Lambda$6
instanceKlass java/util/Hashtable$Enumerator
instanceKlass java/util/Collections$3
instanceKlass jdk/internal/util/ArraysSupport
instanceKlass java/util/logging/LogManager$LoggerContext$1
instanceKlass java/util/logging/LogManager$VisitedLoggers
instanceKlass java/util/function/Predicate
instanceKlass java/lang/invoke/LambdaForm$MH
instanceKlass java/lang/invoke/LambdaForm$MH
instanceKlass java/lang/invoke/LambdaForm$MH
instanceKlass java/lang/invoke/MethodHandles$1
instanceKlass java/lang/Long$LongCache
instanceKlass java/lang/invoke/LambdaForm$MH
instanceKlass java/lang/invoke/LambdaForm$MH
instanceKlass java/lang/invoke/LambdaForm$MH
instanceKlass java/lang/invoke/LambdaForm$MH
instanceKlass java/lang/invoke/LambdaForm$MH
instanceKlass java/lang/ClassValue$Version
instanceKlass java/lang/ClassValue$Identity
instanceKlass java/lang/ClassValue
instanceKlass java/lang/invoke/StringConcatFactory$Stringifiers
instanceKlass java/lang/StringConcatHelper
instanceKlass java/lang/invoke/StringConcatFactory$MethodHandleInlineCopyStrategy$2
instanceKlass java/lang/invoke/StringConcatFactory$MethodHandleInlineCopyStrategy$1
instanceKlass java/lang/invoke/StringConcatFactory$MethodHandleInlineCopyStrategy
instanceKlass java/lang/invoke/StringConcatFactory$RecipeElement
instanceKlass java/lang/invoke/StringConcatFactory$Recipe
instanceKlass java/lang/invoke/StringConcatFactory$1
instanceKlass java/lang/invoke/StringConcatFactory
instanceKlass java/net/URI$Parser
instanceKlass java/nio/file/FileSystems$DefaultFileSystemHolder$1
instanceKlass java/nio/file/FileSystems$DefaultFileSystemHolder
instanceKlass java/nio/file/FileSystems
instanceKlass java/nio/file/Paths
instanceKlass java/util/logging/LogManager$2
instanceKlass java/lang/invoke/VarHandle$AccessDescriptor
instanceKlass java/lang/System$LoggerFinder
instanceKlass java/security/Security$2
instanceKlass jdk/internal/access/JavaSecurityPropertiesAccess
instanceKlass java/io/FileInputStream$1
instanceKlass java/util/Properties$LineReader
instanceKlass java/security/Security$1
instanceKlass java/security/Security
instanceKlass sun/security/util/SecurityProperties
instanceKlass sun/security/util/FilePermCompat
instanceKlass java/util/logging/LogManager$LoggingProviderAccess
instanceKlass sun/util/logging/internal/LoggingProviderImpl$LogManagerAccess
instanceKlass java/lang/Shutdown$Lock
instanceKlass java/lang/Shutdown
instanceKlass java/lang/ApplicationShutdownHooks$1
instanceKlass java/lang/ApplicationShutdownHooks
instanceKlass java/util/Collections$SynchronizedMap
instanceKlass java/util/concurrent/locks/AbstractQueuedSynchronizer$Node
instanceKlass java/util/logging/LogManager$LogNode
instanceKlass java/util/logging/LogManager$LoggerContext
instanceKlass java/util/logging/LogManager$1
instanceKlass java/util/logging/LogManager
instanceKlass java/util/logging/Logger$ConfigurationData
instanceKlass java/util/logging/Logger$LoggerBundle
instanceKlass java/util/logging/Level
instanceKlass java/util/logging/Handler
instanceKlass java/util/logging/Logger
instanceKlass org/sparkproject/guava/collect/MapMakerInternalMap$ReferenceEntry
instanceKlass org/sparkproject/guava/base/Predicate
instanceKlass org/sparkproject/guava/base/Equivalence
instanceKlass org/sparkproject/guava/base/Preconditions
instanceKlass org/sparkproject/guava/collect/MapMakerInternalMap$ValueReference
instanceKlass org/sparkproject/guava/collect/GenericMapMaker
instanceKlass org/sparkproject/guava/collect/Interners$WeakInterner
instanceKlass org/sparkproject/guava/base/Function
instanceKlass org/sparkproject/guava/collect/Interner
instanceKlass org/sparkproject/guava/collect/Interners
instanceKlass org/apache/spark/util/SparkUncaughtExceptionHandler$
instanceKlass org/apache/spark/util/SparkUncaughtExceptionHandler
instanceKlass java/util/Random
instanceKlass scala/math/Numeric
instanceKlass java/io/ObjectStreamConstants
instanceKlass java/io/ObjectInput
instanceKlass java/nio/channels/WritableByteChannel
instanceKlass java/nio/channels/Channel
instanceKlass org/sparkproject/guava/cache/CacheLoader
instanceKlass scala/util/Try
instanceKlass scala/util/control/ControlThrowable
instanceKlass scala/util/control/NoStackTrace
instanceKlass java/lang/management/LockInfo
instanceKlass org/apache/spark/internal/config/ConfigEntry
instanceKlass org/apache/spark/util/Utils$
instanceKlass org/apache/spark/internal/Logging$
instanceKlass org/apache/spark/deploy/SparkSubmit$$$Lambda$5
instanceKlass scala/util/Either
instanceKlass scala/collection/Iterator
instanceKlass java/util/TreeMap$Entry
instanceKlass java/lang/ProcessEnvironment$CheckedEntry
instanceKlass java/lang/ProcessEnvironment$CheckedEntrySet$1
instanceKlass java/util/NavigableMap
instanceKlass java/util/SortedMap
instanceKlass java/lang/ProcessEnvironment$EntryComparator
instanceKlass java/lang/ProcessEnvironment$NameComparator
instanceKlass scala/Option$
instanceKlass org/apache/spark/deploy/ClientApp
instanceKlass org/apache/spark/deploy/rest/RestSubmissionClientApp
instanceKlass org/apache/spark/util/CommandLineLoggingUtils$$Lambda$4
instanceKlass scala/runtime/java8/JFunction1$mcVI$sp
instanceKlass java/lang/invoke/LambdaForm$DMH
instanceKlass sun/reflect/misc/ReflectUtil
instanceKlass org/apache/spark/deploy/SparkSubmit$
instanceKlass org/apache/spark/util/CommandLineUtils
instanceKlass org/apache/spark/util/CommandLineLoggingUtils
instanceKlass java/lang/PublicMethods$Key
instanceKlass java/lang/PublicMethods$MethodList
instanceKlass scala/Tuple4
instanceKlass scala/Product4
instanceKlass org/apache/spark/SparkContext
instanceKlass org/apache/spark/deploy/OptionAssigner
instanceKlass org/apache/hadoop/conf/Configuration
instanceKlass org/apache/hadoop/io/Writable
instanceKlass org/apache/spark/launcher/SparkSubmitOptionParser
instanceKlass org/apache/hadoop/conf/Configured
instanceKlass org/apache/hadoop/conf/Configurable
instanceKlass org/apache/hadoop/fs/PathCapabilities
instanceKlass org/apache/hadoop/security/token/DelegationTokenIssuer
instanceKlass scala/collection/mutable/Buffer
instanceKlass scala/collection/mutable/BufferLike
instanceKlass scala/collection/script/Scriptable
instanceKlass scala/collection/generic/Shrinkable
instanceKlass scala/collection/CustomParallelizable
instanceKlass scala/collection/mutable/ResizableArray
instanceKlass scala/collection/mutable/IndexedSeqOptimized
instanceKlass scala/collection/IndexedSeqOptimized
instanceKlass scala/collection/mutable/IndexedSeq
instanceKlass scala/collection/mutable/IndexedSeqLike
instanceKlass scala/collection/IndexedSeq
instanceKlass scala/collection/IndexedSeqLike
instanceKlass scala/collection/mutable/Seq
instanceKlass scala/collection/mutable/SeqLike
instanceKlass scala/collection/mutable/Cloneable
instanceKlass scala/collection/mutable/Iterable
instanceKlass scala/collection/mutable/Traversable
instanceKlass scala/Mutable
instanceKlass scala/collection/mutable/Builder
instanceKlass scala/collection/generic/Growable
instanceKlass scala/collection/generic/Clearable
instanceKlass org/apache/spark/SparkConf
instanceKlass scala/Cloneable
instanceKlass org/slf4j/Logger
instanceKlass scala/collection/AbstractTraversable
instanceKlass scala/collection/LinearSeqOptimized
instanceKlass scala/collection/immutable/LinearSeq
instanceKlass scala/collection/LinearSeq
instanceKlass scala/collection/LinearSeqLike
instanceKlass scala/collection/immutable/Seq
instanceKlass scala/collection/immutable/Iterable
instanceKlass scala/collection/immutable/Traversable
instanceKlass scala/Immutable
instanceKlass scala/Product2$mcII$sp
instanceKlass scala/Tuple2
instanceKlass scala/Product2
instanceKlass scala/math/Ordering
instanceKlass scala/math/PartialOrdering
instanceKlass scala/math/Equiv
instanceKlass scala/collection/Map
instanceKlass scala/collection/MapLike
instanceKlass scala/collection/generic/Subtractable
instanceKlass scala/collection/GenMap
instanceKlass scala/collection/GenMapLike
instanceKlass scala/Function0
instanceKlass scala/Option
instanceKlass org/apache/spark/deploy/SparkApplication
instanceKlass scala/Serializable
instanceKlass scala/Product
instanceKlass org/apache/hadoop/fs/statistics/IOStatisticsSource
instanceKlass org/apache/hadoop/fs/ByteBufferPositionedReadable
instanceKlass org/apache/hadoop/fs/StreamCapabilities
instanceKlass org/apache/hadoop/fs/CanUnbuffer
instanceKlass org/apache/hadoop/fs/HasEnhancedByteBufferAccess
instanceKlass org/apache/hadoop/fs/CanSetReadahead
instanceKlass org/apache/hadoop/fs/CanSetDropBehind
instanceKlass org/apache/hadoop/fs/HasFileDescriptor
instanceKlass org/apache/hadoop/fs/ByteBufferReadable
instanceKlass org/apache/hadoop/fs/PositionedReadable
instanceKlass org/apache/hadoop/fs/Seekable
instanceKlass scala/collection/Seq
instanceKlass scala/collection/SeqLike
instanceKlass scala/collection/GenSeq
instanceKlass scala/collection/GenSeqLike
instanceKlass scala/collection/Iterable
instanceKlass scala/collection/IterableLike
instanceKlass scala/Equals
instanceKlass scala/collection/GenIterable
instanceKlass scala/collection/GenIterableLike
instanceKlass scala/collection/Traversable
instanceKlass scala/collection/GenTraversable
instanceKlass scala/collection/generic/GenericTraversableTemplate
instanceKlass scala/collection/TraversableLike
instanceKlass scala/collection/GenTraversableLike
instanceKlass scala/collection/Parallelizable
instanceKlass scala/collection/TraversableOnce
instanceKlass scala/collection/GenTraversableOnce
instanceKlass scala/collection/generic/FilterMonadic
instanceKlass scala/collection/generic/HasNewBuilder
instanceKlass scala/PartialFunction
instanceKlass scala/Function1
instanceKlass org/apache/spark/SparkThrowable
instanceKlass org/apache/logging/log4j/core/Filter
instanceKlass org/apache/logging/log4j/core/LifeCycle
instanceKlass org/apache/spark/deploy/SparkSubmit
instanceKlass org/apache/spark/internal/Logging
instanceKlass java/security/SecureClassLoader$DebugHolder
instanceKlass java/security/Permissions$1
instanceKlass java/security/PermissionCollection
instanceKlass java/security/SecureClassLoader$1
instanceKlass java/security/SecureClassLoader$CodeSourceKey
instanceKlass java/util/zip/Checksum$1
instanceKlass java/util/zip/CRC32
instanceKlass java/util/zip/Checksum
instanceKlass sun/nio/ByteBuffered
instanceKlass java/lang/Package$VersionInfo
instanceKlass java/lang/NamedPackage
instanceKlass jdk/internal/loader/Resource
instanceKlass java/util/StringTokenizer
instanceKlass java/util/jar/Attributes$Name
instanceKlass java/util/jar/Attributes
instanceKlass java/security/CodeSigner
instanceKlass java/util/jar/JarVerifier
instanceKlass java/util/LinkedList$Node
instanceKlass java/nio/charset/CoderResult
instanceKlass java/io/Reader
instanceKlass java/lang/Readable
instanceKlass sun/security/action/GetIntegerAction
instanceKlass sun/security/util/Debug
instanceKlass sun/security/util/SignatureFileVerifier
instanceKlass java/util/zip/ZipFile$InflaterCleanupAction
instanceKlass java/util/zip/Inflater$InflaterZStreamRef
instanceKlass java/util/zip/Inflater
instanceKlass java/util/zip/ZipEntry
instanceKlass java/util/jar/JarFile$1
instanceKlass jdk/internal/util/jar/JarIndex
instanceKlass java/nio/Bits$1
instanceKlass jdk/internal/access/JavaNioAccess$BufferPool
instanceKlass java/nio/Bits
instanceKlass sun/nio/ch/DirectBuffer
instanceKlass jdk/internal/perf/PerfCounter$CoreCounters
instanceKlass jdk/internal/perf/Perf
instanceKlass jdk/internal/perf/Perf$GetPerfAction
instanceKlass jdk/internal/perf/PerfCounter
instanceKlass java/util/zip/ZipUtils
instanceKlass java/util/zip/ZipFile$Source$End
instanceKlass java/lang/invoke/VarForm
instanceKlass java/lang/invoke/VarHandleGuards
instanceKlass jdk/internal/util/Preconditions$1
instanceKlass java/lang/invoke/VarHandle$1
instanceKlass java/lang/invoke/VarHandles
instanceKlass java/util/concurrent/atomic/AtomicBoolean
instanceKlass java/io/RandomAccessFile$2
instanceKlass jdk/internal/access/JavaIORandomAccessFileAccess
instanceKlass java/io/RandomAccessFile
instanceKlass java/io/DataInput
instanceKlass java/io/DataOutput
instanceKlass java/nio/file/attribute/FileTime
instanceKlass sun/nio/fs/WindowsNativeDispatcher$CompletionStatus
instanceKlass sun/nio/fs/WindowsNativeDispatcher$AclInformation
instanceKlass sun/nio/fs/WindowsNativeDispatcher$Account
instanceKlass sun/nio/fs/WindowsNativeDispatcher$DiskFreeSpace
instanceKlass sun/nio/fs/WindowsNativeDispatcher$VolumeInformation
instanceKlass sun/nio/fs/WindowsNativeDispatcher$FirstStream
instanceKlass sun/nio/fs/WindowsNativeDispatcher$FirstFile
instanceKlass java/util/Enumeration
instanceKlass java/util/ArrayDeque$DeqIterator
instanceKlass java/lang/ClassLoaderHelper
instanceKlass java/lang/ClassLoader$NativeLibrary
instanceKlass java/lang/ClassLoader$2
instanceKlass sun/nio/fs/WindowsNativeDispatcher$1
instanceKlass sun/nio/fs/WindowsNativeDispatcher
instanceKlass sun/nio/fs/NativeBuffer$Deallocator
instanceKlass sun/nio/fs/NativeBuffer
instanceKlass sun/nio/fs/NativeBuffers
instanceKlass sun/nio/fs/WindowsFileAttributes
instanceKlass java/nio/file/attribute/DosFileAttributes
instanceKlass sun/nio/fs/AbstractBasicFileAttributeView
instanceKlass sun/nio/fs/DynamicFileAttributeView
instanceKlass sun/nio/fs/WindowsFileAttributeViews
instanceKlass sun/nio/fs/Util
instanceKlass java/nio/file/attribute/BasicFileAttributeView
instanceKlass java/nio/file/attribute/FileAttributeView
instanceKlass java/nio/file/attribute/AttributeView
instanceKlass java/nio/file/Files
instanceKlass java/nio/file/CopyOption
instanceKlass java/nio/file/attribute/BasicFileAttributes
instanceKlass sun/nio/fs/WindowsPath
instanceKlass java/nio/file/Path
instanceKlass java/nio/file/Watchable
instanceKlass java/util/zip/ZipFile$Source$Key
instanceKlass sun/nio/fs/WindowsPathParser$Result
instanceKlass sun/nio/fs/WindowsPathParser
instanceKlass java/util/Arrays$ArrayItr
instanceKlass java/nio/file/FileSystem
instanceKlass java/nio/file/OpenOption
instanceKlass java/nio/file/spi/FileSystemProvider
instanceKlass sun/nio/fs/DefaultFileSystemProvider
instanceKlass java/util/zip/ZipFile$Source
instanceKlass java/util/zip/ZipFile$CleanableResource
instanceKlass java/util/zip/ZipCoder
instanceKlass java/lang/Runtime$Version
instanceKlass java/util/jar/JavaUtilJarAccessImpl
instanceKlass jdk/internal/access/JavaUtilJarAccess
instanceKlass jdk/internal/loader/FileURLMapper
instanceKlass jdk/internal/loader/URLClassPath$JarLoader$1
instanceKlass java/util/zip/ZipFile$1
instanceKlass jdk/internal/access/JavaUtilZipFileAccess
instanceKlass java/util/zip/ZipFile
instanceKlass java/util/zip/ZipConstants
instanceKlass jdk/internal/loader/URLClassPath$Loader
instanceKlass jdk/internal/loader/URLClassPath$3
instanceKlass java/security/PrivilegedExceptionAction
instanceKlass sun/net/util/URLUtil
instanceKlass java/lang/StringCoding$Result
instanceKlass java/nio/charset/CharsetDecoder
instanceKlass sun/nio/cs/ArrayDecoder
instanceKlass java/lang/StringCoding$StringDecoder
instanceKlass java/lang/ThreadLocal$ThreadLocalMap
instanceKlass java/lang/StringCoding
instanceKlass sun/launcher/LauncherHelper
instanceKlass jdk/internal/vm/PostVMInitHook$1
instanceKlass jdk/internal/util/EnvUtils
instanceKlass jdk/internal/vm/PostVMInitHook$2
instanceKlass sun/util/locale/InternalLocaleBuilder$CaseInsensitiveChar
instanceKlass sun/util/locale/InternalLocaleBuilder
instanceKlass sun/util/locale/LocaleUtils
instanceKlass sun/util/locale/BaseLocale$Key
instanceKlass sun/util/locale/BaseLocale
instanceKlass sun/util/locale/LocaleObjectCache
instanceKlass java/util/Locale
instanceKlass jdk/internal/vm/PostVMInitHook
instanceKlass jdk/internal/module/IllegalAccessLogger
instanceKlass jdk/internal/module/ModuleBootstrap$2
instanceKlass jdk/internal/module/IllegalAccessLogger$Builder
instanceKlass java/lang/WeakPairMap$$Lambda$3
instanceKlass jdk/internal/org/objectweb/asm/FieldVisitor
instanceKlass java/lang/Module$$Lambda$2
instanceKlass java/util/function/BiFunction
instanceKlass java/lang/WeakPairMap$Pair$Lookup
instanceKlass java/lang/WeakPairMap$Pair
instanceKlass java/lang/WeakPairMap
instanceKlass java/lang/Module$ReflectionData
instanceKlass jdk/internal/misc/InnocuousThread$2
instanceKlass jdk/internal/misc/InnocuousThread$3
instanceKlass jdk/internal/ref/CleanerFactory$1$1
instanceKlass java/lang/ref/Cleaner$Cleanable
instanceKlass jdk/internal/ref/CleanerImpl
instanceKlass java/lang/ref/Cleaner$1
instanceKlass java/lang/ref/Cleaner
instanceKlass jdk/internal/ref/CleanerFactory$1
instanceKlass java/util/concurrent/ThreadFactory
instanceKlass jdk/internal/ref/CleanerFactory
instanceKlass java/lang/invoke/LambdaForm$MH
instanceKlass java/lang/invoke/InvokerBytecodeGenerator$CpPatch
instanceKlass java/lang/invoke/LambdaFormBuffer
instanceKlass java/lang/invoke/LambdaFormEditor
instanceKlass java/lang/invoke/DelegatingMethodHandle$Holder
instanceKlass sun/invoke/util/Wrapper$1
instanceKlass java/lang/invoke/DirectMethodHandle$1
instanceKlass sun/invoke/empty/Empty
instanceKlass sun/invoke/util/VerifyType
instanceKlass java/lang/invoke/ClassSpecializer$Factory
instanceKlass java/lang/invoke/ClassSpecializer$SpeciesData
instanceKlass java/lang/invoke/ClassSpecializer$1
instanceKlass java/lang/invoke/ClassSpecializer
instanceKlass java/lang/invoke/InnerClassLambdaMetafactory$1
instanceKlass jdk/internal/module/ModuleBootstrap$$Lambda$1
instanceKlass jdk/internal/org/objectweb/asm/AnnotationVisitor
instanceKlass jdk/internal/org/objectweb/asm/Frame
instanceKlass jdk/internal/org/objectweb/asm/Label
instanceKlass jdk/internal/org/objectweb/asm/MethodVisitor
instanceKlass jdk/internal/org/objectweb/asm/Item
instanceKlass jdk/internal/org/objectweb/asm/ByteVector
instanceKlass jdk/internal/org/objectweb/asm/ClassVisitor
instanceKlass sun/invoke/util/BytecodeDescriptor
instanceKlass java/lang/invoke/InfoFromMemberName
instanceKlass java/lang/invoke/MethodHandleInfo
instanceKlass sun/security/action/GetBooleanAction
instanceKlass jdk/internal/org/objectweb/asm/Type
instanceKlass java/lang/invoke/AbstractValidatingLambdaMetafactory
instanceKlass java/lang/invoke/MethodHandleImpl$1
instanceKlass jdk/internal/access/JavaLangInvokeAccess
instanceKlass java/lang/invoke/Invokers$Holder
instanceKlass java/lang/invoke/BootstrapMethodInvoker
instanceKlass java/lang/invoke/InvokerBytecodeGenerator$2
instanceKlass java/lang/invoke/InvokerBytecodeGenerator
instanceKlass java/lang/invoke/LambdaForm$Holder
instanceKlass java/lang/invoke/LambdaForm$Name
instanceKlass java/lang/invoke/Invokers
instanceKlass java/lang/invoke/MethodHandleImpl
instanceKlass sun/invoke/util/ValueConversions
instanceKlass java/lang/invoke/DirectMethodHandle$Holder
instanceKlass java/lang/invoke/LambdaForm$NamedFunction
instanceKlass sun/invoke/util/Wrapper$Format
instanceKlass sun/invoke/util/VerifyAccess
instanceKlass java/security/Permission
instanceKlass java/security/Guard
instanceKlass java/lang/invoke/MemberName$Factory
instanceKlass java/lang/invoke/MethodHandles
instanceKlass java/lang/invoke/MethodTypeForm
instanceKlass java/lang/Void
instanceKlass java/lang/invoke/MethodType$ConcurrentWeakInternSet
instanceKlass java/lang/invoke/MethodHandles$Lookup
instanceKlass java/lang/invoke/LambdaMetafactory
instanceKlass java/lang/ModuleLayer$Controller
instanceKlass java/util/HashMap$HashIterator
instanceKlass jdk/internal/module/ServicesCatalog$ServiceProvider
instanceKlass java/util/concurrent/CopyOnWriteArrayList
instanceKlass java/util/Collections$UnmodifiableCollection$1
instanceKlass java/util/Collections$UnmodifiableCollection
instanceKlass java/util/ArrayList$Itr
instanceKlass java/util/ImmutableCollections$ListItr
instanceKlass java/util/ListIterator
instanceKlass java/lang/ModuleLayer
instanceKlass jdk/internal/module/ModuleLoaderMap$Mapper
instanceKlass java/util/function/Function
instanceKlass jdk/internal/module/ModuleLoaderMap
instanceKlass java/util/ImmutableCollections$Set12$1
instanceKlass java/util/ImmutableCollections$MapN$MapNIterator
instanceKlass java/util/AbstractMap$1$1
instanceKlass java/lang/module/ResolvedModule
instanceKlass java/lang/module/Configuration
instanceKlass java/util/ImmutableCollections$SetN$SetNIterator
instanceKlass jdk/internal/loader/BuiltinClassLoader$LoadedModule
instanceKlass jdk/internal/util/Preconditions
instanceKlass java/util/Deque
instanceKlass java/util/Queue
instanceKlass java/util/LinkedHashMap$LinkedHashIterator
instanceKlass sun/net/util/IPAddressUtil
instanceKlass java/net/URLStreamHandler
instanceKlass sun/net/www/ParseUtil
instanceKlass java/io/ExpiringCache$Entry
instanceKlass java/net/URL$3
instanceKlass jdk/internal/access/JavaNetURLAccess
instanceKlass java/net/URL$DefaultFactory
instanceKlass java/net/URLStreamHandlerFactory
instanceKlass jdk/internal/loader/URLClassPath
instanceKlass java/security/Principal
instanceKlass java/security/ProtectionDomain$Key
instanceKlass java/security/ProtectionDomain$JavaSecurityAccessImpl
instanceKlass jdk/internal/access/JavaSecurityAccess
instanceKlass java/lang/ClassLoader$ParallelLoaders
instanceKlass jdk/internal/loader/AbstractClassLoaderValue
instanceKlass jdk/internal/module/ServicesCatalog
instanceKlass jdk/internal/loader/BootLoader
instanceKlass java/util/Optional
instanceKlass jdk/internal/module/ModuleBootstrap$Counters
instanceKlass jdk/internal/module/SystemModuleFinders$SystemModuleFinder
instanceKlass java/lang/module/ModuleFinder
instanceKlass jdk/internal/module/SystemModuleFinders$3
instanceKlass jdk/internal/module/ModuleHashes$HashSupplier
instanceKlass java/util/KeyValueHolder
instanceKlass jdk/internal/module/SystemModuleFinders$2
instanceKlass java/util/function/Supplier
instanceKlass java/lang/module/ModuleReference
instanceKlass jdk/internal/module/ModuleResolution
instanceKlass java/util/Collections$UnmodifiableMap
instanceKlass jdk/internal/module/ModuleHashes$Builder
instanceKlass jdk/internal/module/ModuleHashes
instanceKlass jdk/internal/module/ModuleTarget
instanceKlass java/lang/Enum
instanceKlass java/lang/module/ModuleDescriptor$Version
instanceKlass java/lang/module/ModuleDescriptor$Provides
instanceKlass java/lang/module/ModuleDescriptor$Opens
instanceKlass java/lang/module/ModuleDescriptor$Exports
instanceKlass java/lang/module/ModuleDescriptor$Requires
instanceKlass jdk/internal/module/Builder
instanceKlass jdk/internal/module/SystemModules$default
instanceKlass jdk/internal/module/SystemModules
instanceKlass jdk/internal/module/SystemModulesMap
instanceKlass java/net/URI$1
instanceKlass jdk/internal/access/JavaNetUriAccess
instanceKlass java/net/URI
instanceKlass jdk/internal/module/SystemModuleFinders
instanceKlass jdk/internal/module/ModulePatcher
instanceKlass java/util/ImmutableCollections
instanceKlass java/io/ExpiringCache
instanceKlass java/io/FileSystem
instanceKlass java/io/DefaultFileSystem
instanceKlass java/io/File
instanceKlass java/lang/module/ModuleDescriptor$1
instanceKlass jdk/internal/access/JavaLangModuleAccess
instanceKlass java/lang/module/ModuleDescriptor
instanceKlass jdk/internal/module/ModuleBootstrap
instanceKlass java/lang/CharacterData
instanceKlass sun/security/action/GetPropertyAction
instanceKlass java/lang/invoke/MethodHandleStatics
instanceKlass java/lang/System$2
instanceKlass jdk/internal/access/JavaLangAccess
instanceKlass sun/io/Win32ErrorMode
instanceKlass jdk/internal/misc/OSEnvironment
instanceKlass java/lang/Integer$IntegerCache
instanceKlass jdk/internal/misc/Signal$NativeHandler
instanceKlass java/util/Hashtable$Entry
instanceKlass jdk/internal/misc/Signal
instanceKlass java/lang/Terminator$1
instanceKlass jdk/internal/misc/Signal$Handler
instanceKlass java/lang/Terminator
instanceKlass java/nio/ByteOrder
instanceKlass java/nio/Buffer$1
instanceKlass jdk/internal/access/JavaNioAccess
instanceKlass java/nio/charset/CodingErrorAction
instanceKlass java/nio/charset/CharsetEncoder
instanceKlass sun/nio/cs/ArrayEncoder
instanceKlass java/io/Writer
instanceKlass java/lang/Class$1
instanceKlass java/lang/reflect/ReflectAccess
instanceKlass jdk/internal/reflect/LangReflectAccess
instanceKlass java/lang/reflect/Modifier
instanceKlass java/lang/Class$Atomic
instanceKlass java/lang/Class$ReflectionData
instanceKlass sun/nio/cs/SingleByte
instanceKlass java/lang/StringUTF16
instanceKlass java/util/Arrays
instanceKlass java/nio/charset/StandardCharsets
instanceKlass sun/nio/cs/HistoricallyNamedCharset
instanceKlass java/lang/ThreadLocal
instanceKlass java/nio/charset/spi/CharsetProvider
instanceKlass java/nio/charset/Charset
instanceKlass java/io/OutputStream
instanceKlass java/io/Flushable
instanceKlass java/io/FileDescriptor$1
instanceKlass jdk/internal/access/JavaIOFileDescriptorAccess
instanceKlass java/io/FileDescriptor
instanceKlass jdk/internal/util/StaticProperty
instanceKlass java/lang/Math
instanceKlass java/util/concurrent/ConcurrentHashMap$MapEntry
instanceKlass java/util/concurrent/ConcurrentHashMap$Traverser
instanceKlass java/util/Iterator
instanceKlass java/lang/reflect/Array
instanceKlass java/util/Collections$SynchronizedCollection
instanceKlass java/util/List
instanceKlass java/util/RandomAccess
instanceKlass java/util/Collections
instanceKlass java/util/concurrent/ConcurrentHashMap$CollectionView
instanceKlass java/util/Properties$EntrySet
instanceKlass java/lang/VersionProps
instanceKlass java/lang/StringLatin1
instanceKlass jdk/internal/misc/VM
instanceKlass jdk/internal/access/SharedSecrets
instanceKlass java/lang/ref/Reference$1
instanceKlass jdk/internal/access/JavaLangRefAccess
instanceKlass java/lang/ref/ReferenceQueue$Lock
instanceKlass java/lang/ref/ReferenceQueue
instanceKlass jdk/internal/reflect/ReflectionFactory
instanceKlass java/util/concurrent/locks/LockSupport
instanceKlass java/util/concurrent/ConcurrentHashMap$Node
instanceKlass java/util/concurrent/ConcurrentHashMap$CounterCell
instanceKlass java/util/concurrent/locks/ReentrantLock
instanceKlass java/util/concurrent/locks/Lock
instanceKlass java/lang/Runtime
instanceKlass java/util/concurrent/ConcurrentMap
instanceKlass java/security/cert/Certificate
instanceKlass java/util/HashMap$Node
instanceKlass java/util/Map$Entry
instanceKlass java/util/AbstractMap
instanceKlass jdk/internal/reflect/Reflection
instanceKlass jdk/internal/reflect/ReflectionFactory$GetReflectionFactoryAction
instanceKlass java/security/PrivilegedAction
instanceKlass java/util/Objects
instanceKlass java/util/AbstractCollection
instanceKlass java/util/Set
instanceKlass java/util/Collection
instanceKlass java/lang/Iterable
instanceKlass java/lang/String$CaseInsensitiveComparator
instanceKlass java/util/Comparator
instanceKlass java/io/ObjectStreamField
instanceKlass java/lang/Number
instanceKlass java/lang/Character
instanceKlass java/lang/Boolean
instanceKlass java/util/concurrent/locks/AbstractOwnableSynchronizer
instanceKlass java/lang/LiveStackFrame
instanceKlass java/lang/StackFrameInfo
instanceKlass java/lang/StackWalker$StackFrame
instanceKlass java/lang/StackStreamFactory$AbstractStackWalker
instanceKlass java/lang/StackWalker
instanceKlass java/nio/Buffer
instanceKlass java/lang/StackTraceElement
instanceKlass java/security/CodeSource
instanceKlass jdk/internal/loader/ClassLoaders
instanceKlass java/util/jar/Manifest
instanceKlass java/net/URL
instanceKlass java/io/InputStream
instanceKlass java/io/Closeable
instanceKlass java/lang/AutoCloseable
instanceKlass jdk/internal/module/Modules
instanceKlass jdk/internal/misc/Unsafe
instanceKlass java/lang/AbstractStringBuilder
instanceKlass java/lang/Appendable
instanceKlass java/lang/AssertionStatusDirectives
instanceKlass java/lang/invoke/MethodHandleNatives$CallSiteContext
instanceKlass java/lang/invoke/CallSite
instanceKlass java/lang/invoke/MethodType
instanceKlass java/lang/invoke/LambdaForm
instanceKlass java/lang/invoke/MethodHandleNatives
instanceKlass java/lang/invoke/ResolvedMethodName
instanceKlass java/lang/invoke/MemberName
instanceKlass java/lang/invoke/VarHandle
instanceKlass java/lang/invoke/MethodHandle
instanceKlass jdk/internal/reflect/CallerSensitive
instanceKlass java/lang/annotation/Annotation
instanceKlass jdk/internal/reflect/FieldAccessor
instanceKlass jdk/internal/reflect/ConstantPool
instanceKlass jdk/internal/reflect/ConstructorAccessor
instanceKlass jdk/internal/reflect/MethodAccessor
instanceKlass jdk/internal/reflect/MagicAccessorImpl
instanceKlass java/lang/reflect/Parameter
instanceKlass java/lang/reflect/Member
instanceKlass java/lang/reflect/AccessibleObject
instanceKlass java/lang/Module
instanceKlass java/util/Dictionary
instanceKlass java/util/Map
instanceKlass java/lang/ThreadGroup
instanceKlass java/lang/Thread$UncaughtExceptionHandler
instanceKlass java/lang/Thread
instanceKlass java/lang/Runnable
instanceKlass java/lang/ref/Reference
instanceKlass java/security/AccessController
instanceKlass java/security/AccessControlContext
instanceKlass java/security/ProtectionDomain
instanceKlass java/lang/SecurityManager
instanceKlass java/lang/Throwable
instanceKlass java/lang/System
instanceKlass java/lang/ClassLoader
instanceKlass java/lang/Cloneable
instanceKlass java/lang/Class
instanceKlass java/lang/reflect/Type
instanceKlass java/lang/reflect/GenericDeclaration
instanceKlass java/lang/reflect/AnnotatedElement
instanceKlass java/lang/String
instanceKlass java/lang/CharSequence
instanceKlass java/lang/Comparable
instanceKlass java/io/Serializable
ciInstanceKlass java/lang/Object 1 1 92 7 10 10 10 10 8 10 10 10 10 100 8 10 3 8 10 7 1 1 1 1 1 1 1 1 1 1 1 1 1 1 1 1 1 1 1 1 1 1 1 7 1 1 1 1 1 7 1 1 1 1 1 1 1 7 1 1 1 1 1 1 1 1 12 12 7 12 12 1 12 7 12 12 12 1 1 12 1 12 1 1 1 1 1 1 1 1 1 1 1 1
ciInstanceKlass java/io/Serializable 1 0 7 100 100 1 1 1 1
ciInstanceKlass java/lang/CharSequence 1 1 128 18 100 10 18 10 10 100 11 11 10 11 100 10 10 100 10 10 100 100 1 1 1 1 1 1 1 1 1 1 1 1 1 1 1 1 1 1 1 1 1 1 1 1 1 1 1 1 1 1 1 100 1 1 1 1 1 1 1 15 16 15 16 12 1 100 12 15 100 12 12 1 12 12 100 12 12 1 12 100 12 1 12 1 1 1 10 1 11 1 1 1 1 1 11 1 1 1 1 1 1 1 1 1 1 1 1 1 1 100 1 1 1 100 12 12 12 100 1 1 1 100 1 1 1 100 1 1
ciInstanceKlass java/lang/String 1 1 878 10 8 9 9 9 10 10 10 9 10 7 10 10 10 10 10 100 8 10 10 9 9 8 10 10 10 10 10 10 10 10 10 10 10 10 10 10 10 100 10 10 100 10 10 10 10 10 10 10 10 10 10 10 10 10 10 10 10 10 10 10 10 100 100 10 10 11 11 10 10 10 10 10 10 9 11 10 10 10 10 10 10 10 10 10 10 10 10 10 10 10 10 10 10 10 10 10 10 10 10 10 10 10 10 10 10 10 10 10 10 10 10 10 10 10 11 10 10 10 10 10 10 100 10 7 10 10 10 10 10 8 10 10 100 3 3 7 10 10 10 10 10 11 7 10 10 7 10 10 10 11 11 11 7 10 10 10 10 10 10 10 10 10 10 10 10 10 10 10 10 10 10 10 10 100 100 10 100 10 10 100 10 10 10 7 10 10 10 10 8 10 10 10 8 8 10 10 10 10 10 10 10 100 10 8 10 10 10 7 3 8 8 8 10 10 10 10 10 10 8 8 10 8 8 8 8 8 10 10 10 8 7 10 10 10 7 9 7 10 100 100 1 1 1 1 1 1 1 1 1 1 1 1 1 5 0 1 1 1 1 1 1 1 1 1 3 1 3 1 1 1 1 1 1 1 1 1 1 1 1 1 1 1 1 1 1 1 1 1 1 100 1 1 1 1 100 1 1 1 1 1 1 1 1 1 1 7 1 1 1 7 1 1 1 100 1 1 1 1 1 1 1 1 1 1 1 1 1 1 1 1 1 1 1 1 1 1 1 1 1 1 1 1 1 1 1 1 1 1 1 1 1 1 1 1 1 1 1 1 1 1 1 1 1 1 1 1 1 1 100 1 1 1 1 1 1 1 1 1 1 1 1 1 1 1 1 1 1 1 1 1 1 1 1 1 1 1 1 1 1 1 1 1 1 1 1 1 1 1 1 1 1 1 1 1 1 1 1 1 1 1 1 1 1 1 1 1 1 1 1 1 1 1 1 1 1 1 1 1 1 1 1 1 1 1 1 1 1 1 1 1 1 1 1 1 1 1 1 1 1 1 1 1 1 1 1 100 1 1 1 100 1 1 1 1 1 1 1 1 1 1 1 1 1 1 1 100 1 1 1 1 100 1 1 100 1 1 1 1 1 1 1 1 1 1 1 1 1 1 1 1 1 1 1 1 1 1 1 1 1 1 1 1 1 1 1 1 1 100 1 1 1 1 1 1 1 1 1 1 1 1 1 1 1 1 1 1 1 1 1 12 1 12 12 12 12 12 12 12 7 12 1 7 7 12 12 12 12 1 12 7 12 12 12 12 12 12 12 12 12 12 12 12 12 12 1 12 12 1 12 12 12 12 7 12 12 12 12 12 12 12 12 12 12 1 1 12 12 12 12 12 12 12 12 12 7 12 12 12 12 12 12 12 12 12 12 12 12 12 12 12 12 12 12 12 12 12 12 12 12 12 7 12 12 12 12 7 12 12 12 12 7 12 12 7 12 1 1 12 12 12 1 12 1 1 12 12 12 12 7 12 12 12 1 12 12 100 12 12 12 1 12 7 12 12 12 12 12 12 12 12 12 12 12 1 1 1 12 1 100 12 1 1 12 1 12 12 1 12 12 1 1 12 12 12 100 12 100 12 100 12 1 1 12 12 1 1 1 1 12 12 12 12 1 1 1 1 1 1 1 12 12 12 1 1 12 12 12 1 12 1 1 1 1 1 1 1 1 1 1 1 1 1 1 1 1 1 1 1 1 1 1 1 1 1 1 1 1 1 1 1 1 1 1 1 1 1 1 1 1 1 1 1 1 1 1 1 1 1 1 1 1 1 1 1 1 1 1 1 1 1 1 1 1 1 1 1 1 1 1 1 1 1 1 1 1 1 1 1 1 1 1 1 1 1 1 1 1 1 1 1 1 1 1 1 1 1 1 1 1 1 1 1 1 1 1 1 1 1 1 1 1 1 1 1 1 1 1 1 1 1 1 1 1 1 1 1
staticfield java/lang/String COMPACT_STRINGS Z 1
staticfield java/lang/String serialPersistentFields [Ljava/io/ObjectStreamField; 0 [Ljava/io/ObjectStreamField;
staticfield java/lang/String CASE_INSENSITIVE_ORDER Ljava/util/Comparator; java/lang/String$CaseInsensitiveComparator
ciInstanceKlass java/lang/Class 1 1 1435 10 9 9 7 10 10 8 10 8 8 10 10 10 10 10 10 10 10 10 10 10 8 10 8 8 10 7 8 8 8 10 11 10 10 8 10 10 10 10 9 10 10 10 18 10 7 10 10 10 100 10 9 7 100 8 10 10 10 10 7 10 7 100 10 10 9 10 10 7 10 100 10 10 10 9 10 10 10 9 10 10 7 10 10 10 10 9 8 10 10 10 10 10 10 9 10 7 10 10 10 10 10 10 10 10 10 10 10 10 10 10 10 10 10 10 10 10 100 8 10 10 100 10 100 11 10 10 10 10 10 10 8 10 10 8 9 10 10 10 10 100 9 10 9 10 10 10 8 10 10 10 10 100 10 10 10 10 10 10 10 7 10 10 10 10 10 10 10 10 10 7 10 10 11 10 10 10 10 10 10 100 10 10 10 100 100 10 10 10 10 10 10 10 10 11 10 10 9 10 9 100 10 9 10 100 10 9 10 10 10 10 10 10 10 8 10 10 9 9 10 7 9 10 10 7 10 10 10 10 9 10 9 10 10 9 9 10 10 9 100 10 10 7 10 100 11 9 9 7 10 9 9 10 10 9 7 10 10 10 10 10 10 10 9 10 10 10 10 8 7 10 7 8 8 8 8 10 9 9 10 7 9 7 10 7 10 10 9 8 10 7 10 7 10 9 100 8 10 7 4 10 10 11 10 100 10 10 8 8 10 9 11 7 11 9 10 10 10 9 9 10 10 10 10 10 11 11 11 11 7 11 10 10 7 11 10 10 10 11 11 7 10 10 9 9 10 10 10 10 100 10 10 7 9 100 7 100 100 1 1 1 7 1 1 1 1 1 3 1 3 1 3 1 1 1 1 1 1 1 1 1 1 1 1 1 1 1 1 1 1 1 1 1 1 1 1 1 1 1 1 5 0 1 1 1 1 1 1 1 1 1 1 1 1 1 1 1 100 1 1 1 1 1 1 1 1 1 1 1 1 1 1 1 1 1 1 7 1 1 1 1 1 1 1 1 1 1 1 1 1 1 1 100 1 1 1 1 1 100 1 1 1 1 1 1 1 1 1 100 1 1 1 1 1 1 1 1 1 7 1 1 1 1 1 1 1 1 1 1 1 1 1 1 1 1 1 1 1 1 1 1 1 1 1 1 1 1 1 1 1 1 1 1 1 1 1 7 1 1 1 1 1 1 1 1 100 1 1 1 1 1 1 1 1 1 1 1 1 1 1 1 1 1 100 1 1 1 1 1 1 1 1 1 1 1 1 1 1 1 1 1 1 1 1 1 1 1 1 100 100 1 1 1 1 1 1 1 1 1 1 1 1 1 1 100 1 1 1 1 1 1 1 1 1 1 1 1 1 1 1 1 1 1 1 1 1 1 1 1 1 1 1 1 1 1 1 1 1 1 1 1 1 1 1 1 1 1 1 1 1 1 1 1 1 1 1 1 1 1 1 7 1 1 1 1 1 1 1 1 1 100 100 100 1 1 1 1 1 1 1 1 1 1 1 1 1 1 1 1 1 1 1 1 1 1 1 1 1 1 1 1 1 1 1 1 1 1 1 1 1 1 1 1 1 1 1 1 1 1 1 1 1 1 1 1 1 1 1 1 1 1 1 1 1 1 1 1 1 1 1 1 1 1 1 1 1 1 1 1 1 1 1 1 1 1 7 1 1 1 1 1 1 1 1 1 1 1 1 1 1 1 1 1 1 1 1 1 1 1 1 1 1 1 1 1 1 1 1 100 1 1 1 1 1 1 1 1 1 1 1 1 1 100 1 1 1 1 1 1 7 1 1 1 1 1 1 1 1 1 1 1 1 1 1 1 1 1 1 1 1 1 1 1 1 1 1 1 1 1 1 1 1 1 1 1 1 1 1 1 1 7 1 1 1 1 1 1 1 1 1 1 1 1 1 1 1 1 1 1 1 1 1 1 1 1 1 12 12 12 1 12 1 12 1 1 12 12 12 12 12 12 7 12 12 12 12 1 12 1 1 12 1 1 1 1 12 12 12 1 7 12 12 12 7 12 100 12 12 7 12 12 1 15 16 15 16 12 7 12 1 12 12 7 1 12 12 1 1 1 12 12 12 12 1 12 1 1 12 12 12 12 1 100 12 12 12 12 12 12 12 12 12 1 12 12 12 12 1 12 12 12 12 12 12 12 7 12 12 12 12 12 12 12 12 12 12 12 12 12 12 12 12 12 12 1 1 12 1 12 1 12 100 12 12 12 12 12 1 12 12 1 12 12 12 12 12 1 12 12 12 12 12 1 12 12 12 12 1 12 12 12 12 12 12 12 1 12 12 12 12 12 12 12 1 7 12 12 12 12 7 12 12 12 1 12 12 1 1 12 12 12 12 12 12 100 12 7 12 12 12 12 12 12 1 12 12 1 12 12 100 12 12 12 100 12 12 12 12 1 12 12 12 12 12 1 12 12 12 1 12 12 7 12 7 12 12 12 12 12 12 12 12 12 12 12 1 12 1 12 100 12 12 1 12 12 12 12 12 12 1 12 12 12 12 12 12 12 12 12 1 7 1 1 1 1 12 12 12 12 1 12 1 1 1 12 7 12 12 1 12 1 12 12 1 1 1 12 12 12 1 12 1 1 12 12 12 1 12 12 100 12 7 12 12 12 12 12 12 12 12 12 12 12 12 1 12 7 12 12 1 12 7 12 12 12 12 1 12 12 12 100 12 12 100 12 12 12 1 12 12 1 12 1 1 1 1 1 100 1 1 1 1 1 1 1 1 1 1 1 1 1 1 1 1 1 1 1 1 1 1 1 1 1 1 1 1 1 1 1 1 1 1 1 1 1 1 1 1 10 1 1 1 1 1 1 1 1 1 1 1 1 1 1 1 1 1 1 1 1 1 1 1 1 1 1 1 1 1 1 1 1 1 1 1 1 1 1 1 1 1 1 1 1 1 1 1 1 1 1 1 1 1 1 1 1 1 1 1 1 1 1 1 1 1 1 1 1 1 1 1 1 1 1 1 1 1 1 1 1 1 1 1 1 1 1 1 1 1 1 1 1 1 1 1 1 1 1 1 1 1 1 1 1 1 1 1 1 1 1 1 1 1 1 1 1 1 1 1 1 1 1 1 1 1 1 1 1 1 1 1 1 1 1 1 1 1 1 1 1 1 1 1 1 1 1 1 1 1 1 1 1 1 1 1 1 1 1 1 1 1 1 1 1 1 1 1 1 1 1 1 1 1 1 1 100 12 1 1 100 1 1 100 1 1
staticfield java/lang/Class EMPTY_CLASS_ARRAY [Ljava/lang/Class; 0 [Ljava/lang/Class;
staticfield java/lang/Class serialPersistentFields [Ljava/io/ObjectStreamField; 0 [Ljava/io/ObjectStreamField;
ciInstanceKlass java/lang/Cloneable 1 0 7 100 100 1 1 1 1
instanceKlass org/apache/spark/util/ParentClassLoader
instanceKlass scala/reflect/internal/util/AbstractFileClassLoader
instanceKlass jdk/internal/reflect/DelegatingClassLoader
instanceKlass java/security/SecureClassLoader
ciInstanceKlass java/lang/ClassLoader 1 1 1189 9 10 9 10 7 10 10 9 10 100 10 10 10 100 8 10 10 10 10 7 10 7 7 7 10 10 9 7 10 9 9 9 9 9 7 10 9 10 10 9 9 7 9 7 10 10 9 10 7 10 8 10 10 10 7 10 10 8 10 10 10 10 10 10 10 10 7 10 10 10 10 10 10 10 10 10 10 10 10 10 10 10 100 10 100 10 10 10 10 10 100 8 10 8 10 10 100 8 10 10 10 10 10 10 10 10 10 10 10 10 10 10 10 10 10 10 10 10 10 10 10 10 8 11 9 11 10 8 8 10 100 10 10 10 10 10 10 10 10 10 7 10 10 10 7 10 100 18 10 10 10 7 10 10 10 100 10 10 10 10 8 100 10 10 9 10 10 100 8 10 10 8 8 10 10 7 10 10 100 100 10 100 100 10 10 10 10 10 10 9 10 10 10 10 10 8 10 7 18 10 10 10 10 8 10 10 18 11 100 10 10 10 11 10 18 10 11 18 11 10 10 9 7 10 10 8 10 9 8 10 9 8 7 10 10 100 8 10 10 10 8 8 10 10 10 8 8 10 10 10 7 10 10 10 10 10 11 11 11 11 11 7 10 9 9 9 10 10 100 10 100 10 10 10 9 9 9 9 9 9 8 10 10 10 10 10 11 10 100 10 10 10 7 7 10 1 1 7 1 1 1 1 1 1 1 1 1 1 1 1 1 1 1 1 1 1 1 1 1 1 1 1 1 1 1 1 1 1 1 1 1 1 1 1 1 1 1 1 1 1 1 1 1 1 1 1 1 1 1 1 1 1 1 1 1 1 1 1 1 1 1 1 1 1 1 1 1 1 100 1 1 1 1 100 1 1 1 1 1 1 1 1 1 1 1 1 1 1 1 1 1 100 1 1 1 1 1 1 1 1 1 1 1 1 1 1 1 1 100 1 1 1 1 1 1 1 1 1 1 1 1 100 1 1 1 1 1 1 1 1 1 1 1 1 1 1 1 1 1 1 1 1 1 1 1 1 1 1 1 1 1 1 1 1 1 1 1 1 1 7 1 1 1 1 1 1 1 1 1 1 1 1 1 1 1 1 1 1 1 1 1 1 1 7 1 1 1 1 1 100 1 1 1 1 1 1 1 1 1 1 1 1 1 1 1 1 1 1 1 1 1 100 1 1 1 1 1 1 1 1 1 1 1 1 1 1 1 1 1 1 1 1 1 1 1 1 1 1 1 1 1 1 1 1 1 1 1 1 1 1 1 1 1 1 1 1 1 1 1 1 1 1 1 1 1 1 1 1 1 1 1 1 1 1 100 1 1 1 1 1 1 1 1 1 1 1 1 1 1 1 1 1 1 1 1 1 100 100 1 1 1 1 1 1 1 1 1 1 1 1 1 1 1 1 1 1 1 1 1 1 1 7 1 1 1 1 1 1 1 1 1 1 1 1 1 1 1 1 100 1 1 1 1 1 1 1 1 1 1 1 1 1 1 1 1 1 1 1 1 1 1 1 1 1 1 1 1 1 100 12 12 12 12 1 12 12 12 12 1 12 12 12 1 1 12 7 12 12 1 1 1 12 12 12 1 12 12 12 12 12 1 12 12 12 12 12 12 1 12 1 12 12 12 1 1 12 12 1 12 7 12 1 12 12 12 12 12 12 12 12 1 12 100 12 12 12 12 12 12 12 12 12 100 12 12 12 12 1 12 1 12 7 12 12 12 1 1 1 12 12 1 1 12 12 12 12 12 12 12 12 12 12 12 12 7 12 12 12 12 12 12 12 12 12 12 1 12 12 12 1 1 12 1 12 12 12 12 12 7 12 12 7 1 12 12 1 12 1 1 15 16 15 16 12 100 12 100 12 7 12 1 12 12 12 1 12 12 7 12 12 1 1 12 12 7 12 12 1 1 12 1 1 12 12 1 12 100 12 1 1 12 1 1 12 12 12 12 12 12 100 12 12 12 12 12 12 1 12 1 16 15 16 12 12 12 12 12 1 12 12 16 15 16 12 12 1 12 12 12 15 12 7 12 16 15 16 12 12 12 12 12 1 12 12 1 12 12 1 12 12 1 1 12 1 1 12 12 1 1 12 12 7 12 1 1 100 12 12 1 12 12 12 12 12 12 12 12 1 12 12 12 12 12 12 1 1 12 12 12 12 12 12 12 12 12 12 7 12 12 12 12 12 100 12 1 12 12 12 1 1 1 1 1 1 1 1 1 1 1 1 1 1 1 1 1 1 1 1 1 1 1 1 1 1 1 1 1 1 1 1 1 1 1 1 1 1 1 1 1 1 1 1 1 1 1 1 1 1 1 1 1 1 1 1 1 1 1 1 1 1 1 1 1 1 1 1 1 1 1 1 1 1 1 1 1 1 1 1 1 1 1 1 1 1 1 1 1 1 1 1 1 1 1 1 10 1 10 1 1 1 1 1 1 1 1 1 1 1 1 1 1 1 1 1 1 1 1 1 1 1 1 1 1 1 1 1 1 1 1 1 1 1 1 1 1 1 1 1 1 1 1 10 1 1 1 1 1 1 1 1 10 1 1 1 1 1 10 1 1 1 10 1 1 1 1 1 1 1 1 1 1 1 1 1 1 1 1 1 1 1 1 1 1 1 1 1 1 1 1 1 1 1 1 1 1 1 1 1 1 1 1 1 1 7 12 12 12 12 12 12 1 1 100 1 1 100 1 1
staticfield java/lang/ClassLoader nocerts [Ljava/security/cert/Certificate; 0 [Ljava/security/cert/Certificate;
staticfield java/lang/ClassLoader loadedLibraryNames Ljava/util/Set; java/util/HashSet
staticfield java/lang/ClassLoader $assertionsDisabled Z 1
ciInstanceKlass java/lang/System 1 1 632 10 10 10 10 10 9 7 10 11 10 10 10 100 8 10 10 9 100 8 10 10 8 10 100 10 8 10 10 100 10 10 10 9 9 7 10 10 10 10 10 10 10 100 100 8 10 10 7 10 100 8 10 8 10 100 8 10 100 10 8 10 10 10 8 10 10 10 100 8 10 10 10 100 18 100 9 10 100 10 10 10 10 10 10 10 10 7 7 10 10 100 10 10 100 8 10 9 9 10 10 10 10 8 10 10 8 10 10 8 10 7 9 10 7 9 10 9 7 10 8 10 8 10 10 10 10 10 10 10 10 9 100 8 10 8 10 10 8 100 10 10 8 8 10 10 7 10 10 10 10 10 8 10 10 10 10 8 10 10 10 7 10 10 10 9 100 1 1 1 1 1 1 1 1 1 1 1 1 1 1 1 1 1 1 1 1 1 1 1 1 1 1 1 1 1 1 1 1 1 1 1 100 100 1 1 1 100 1 1 1 1 1 1 1 1 1 1 1 1 1 1 1 1 1 1 1 1 1 1 1 1 1 1 1 1 1 1 1 1 1 1 1 1 1 1 1 1 1 1 1 1 1 1 1 1 1 1 1 1 1 1 1 1 1 1 1 1 1 1 1 1 1 1 1 1 1 1 1 1 1 1 1 1 1 1 1 1 1 1 1 100 1 1 1 1 1 1 1 1 1 1 1 1 1 1 1 1 1 100 1 1 1 1 1 1 1 100 12 12 12 12 12 12 1 7 12 7 12 100 12 12 12 1 1 12 12 12 1 1 12 100 12 1 12 1 12 12 12 1 12 100 12 12 12 12 1 12 7 12 12 12 12 12 1 1 1 12 12 1 12 1 1 1 12 1 1 1 1 12 12 7 12 1 12 7 12 7 12 1 1 12 7 12 1 1 15 16 15 16 12 1 12 12 1 12 12 7 12 12 12 12 12 12 1 1 12 12 1 12 7 12 1 1 12 12 12 12 12 12 1 12 12 1 12 12 1 7 12 1 7 12 12 1 12 12 1 12 1 12 1 7 12 12 7 12 12 7 12 12 12 7 12 12 1 1 12 1 12 1 1 12 1 1 7 12 12 1 12 12 12 100 12 1 12 12 1 12 12 12 1 12 12 12 1 1 1 1 1 1 1 1 1 1 1 1 1 1 1 1 1 1 1 1 1 1 1 1 1 1 1 1 1 1 1 1 1 1 1 1 1 1 1 1 1 1 1 1 1 1 1 1 1 1 1 1 10 1 10 1 1 1 1 1 1 1 1 1 1 1 1 1 1 1 1 1 1 1 1 1 1 1 1 1 1 1 1 1 1 1 1 1 1 1 1 1 1 1 1 1 1 1 1 1 1 1 1 1 1 1 1 1 1 1 1 1 1 1 1 1 1 1 1 1 1 1 1 1 1 1 1 100 12 12 1 1 100 1 1 100 1 1
staticfield java/lang/System in Ljava/io/InputStream; java/io/BufferedInputStream
staticfield java/lang/System out Ljava/io/PrintStream; java/io/PrintStream
staticfield java/lang/System err Ljava/io/PrintStream; java/io/PrintStream
instanceKlass scala/reflect/internal/Types$MissingTypeControl
instanceKlass scala/reflect/internal/Types$MissingAliasControl
instanceKlass scala/reflect/internal/Types$TypeError
instanceKlass scala/reflect/internal/Types$NoCommonType
instanceKlass scala/util/control/BreakControl
instanceKlass scala/runtime/NonLocalReturnControl
instanceKlass scala/runtime/Nothing$
instanceKlass java/lang/Exception
instanceKlass java/lang/Error
ciInstanceKlass java/lang/Throwable 1 1 395 10 9 9 9 9 9 10 9 10 10 100 100 10 8 10 8 10 10 10 100 8 10 10 10 10 8 9 10 7 10 10 100 10 10 11 10 10 10 8 10 10 7 8 8 10 10 8 8 9 10 100 10 11 8 8 10 8 10 8 7 10 9 10 10 7 9 10 10 100 8 10 10 10 10 100 10 10 11 11 11 8 8 10 10 10 9 8 7 10 10 100 8 10 11 8 9 10 11 9 11 100 10 7 10 100 1 1 1 7 1 7 1 1 1 1 5 0 1 1 1 1 1 1 1 1 1 1 1 1 1 1 1 1 1 1 1 1 1 1 1 1 1 1 1 1 1 1 1 1 1 1 1 100 1 1 1 1 1 1 1 1 1 1 1 1 1 1 1 1 1 1 1 1 1 1 1 1 1 1 100 1 1 1 1 1 1 1 1 1 1 1 1 1 1 1 1 1 1 1 1 1 1 1 1 1 1 1 1 1 1 1 100 100 100 1 7 7 1 1 1 1 1 1 1 1 1 1 1 1 1 1 1 1 1 12 12 12 12 12 12 12 12 12 12 1 1 1 12 1 100 12 12 1 1 12 7 12 12 1 100 12 12 1 12 12 1 7 12 12 12 12 12 1 12 12 1 1 1 12 12 1 1 12 100 12 1 12 1 1 12 1 12 1 1 12 12 12 7 12 12 12 7 1 1 12 12 100 12 1 100 12 12 12 12 12 1 1 100 12 1 1 12 1 1 12 1 12 100 12 12 12 12 1 12 1 1 1 1 1 1 1 1 1 1 1 1 1 1 1 1 1 1 1 1 1 1 1 1 1 1 1 1 1 1 1 1 1 1 1 1 1 1 1 1 1 1 1 1 1 1 1 1 1 1 1 1 1 1 1 1 1 1 1 1
staticfield java/lang/Throwable UNASSIGNED_STACK [Ljava/lang/StackTraceElement; 0 [Ljava/lang/StackTraceElement;
staticfield java/lang/Throwable SUPPRESSED_SENTINEL Ljava/util/List; java/util/Collections$EmptyList
staticfield java/lang/Throwable EMPTY_THROWABLE_ARRAY [Ljava/lang/Throwable; 0 [Ljava/lang/Throwable;
staticfield java/lang/Throwable $assertionsDisabled Z 1
instanceKlass scala/reflect/runtime/ReflectError
instanceKlass org/sparkproject/guava/util/concurrent/ExecutionError
instanceKlass org/apache/hadoop/fs/FSError
instanceKlass org/apache/hadoop/thirdparty/com/google/common/util/concurrent/ExecutionError
instanceKlass java/util/ServiceConfigurationError
instanceKlass scala/NotImplementedError
instanceKlass java/lang/AssertionError
instanceKlass java/lang/VirtualMachineError
instanceKlass java/lang/LinkageError
instanceKlass java/lang/ThreadDeath
ciInstanceKlass java/lang/Error 1 1 40 10 10 10 10 10 100 7 1 1 1 5 0 1 1 1 1 1 1 1 1 1 1 1 1 1 1 1 1 1 1 1 1 12 12 12 12 12 1 1
ciInstanceKlass java/lang/ThreadDeath 0 0 21 10 100 100 1 1 1 5 0 1 1 1 1 1 1 1 1 1 12 1 1
instanceKlass org/apache/spark/sql/execution/adaptive/SubqueryAdaptiveNotSupportedException
instanceKlass java/sql/SQLException
instanceKlass org/codehaus/commons/compiler/LocatedException
instanceKlass org/apache/spark/sql/catalyst/util/BadRecordException
instanceKlass scala/ScalaReflectionException
instanceKlass scala/reflect/internal/FatalError
instanceKlass scala/reflect/internal/Positions$ValidateException
instanceKlass org/apache/spark/sql/AnalysisException
instanceKlass sun/nio/fs/WindowsException
instanceKlass org/apache/spark/TaskNotSerializableException
instanceKlass org/sparkproject/jetty/util/MultiException
instanceKlass javax/servlet/ServletException
instanceKlass org/apache/spark/shuffle/FetchFailedException
instanceKlass org/apache/spark/status/KVUtils$MetadataMismatchException
instanceKlass org/apache/commons/codec/EncoderException
instanceKlass org/apache/commons/codec/DecoderException
instanceKlass javax/security/auth/RefreshFailedException
instanceKlass javax/security/auth/callback/UnsupportedCallbackException
instanceKlass sun/security/krb5/KrbException
instanceKlass org/ietf/jgss/GSSException
instanceKlass java/util/concurrent/ExecutionException
instanceKlass javax/security/auth/DestroyFailedException
instanceKlass java/util/concurrent/TimeoutException
instanceKlass javax/xml/parsers/ParserConfigurationException
instanceKlass org/xml/sax/SAXException
instanceKlass java/text/ParseException
instanceKlass javax/xml/transform/TransformerException
instanceKlass javax/xml/stream/XMLStreamException
instanceKlass java/security/GeneralSecurityException
instanceKlass javax/management/JMException
instanceKlass javax/naming/NamingException
instanceKlass java/lang/InterruptedException
instanceKlass java/lang/CloneNotSupportedException
instanceKlass java/net/URISyntaxException
instanceKlass org/apache/spark/deploy/rest/SubmitRestProtocolException
instanceKlass org/apache/spark/SparkException
instanceKlass java/security/PrivilegedActionException
instanceKlass java/io/IOException
instanceKlass java/lang/ReflectiveOperationException
instanceKlass java/lang/RuntimeException
ciInstanceKlass java/lang/Exception 1 1 40 10 10 10 10 10 100 7 1 1 1 5 0 1 1 1 1 1 1 1 1 1 1 1 1 1 1 1 1 1 1 1 1 12 12 12 12 12 1 1
instanceKlass org/codehaus/janino/util/ClassFile$ClassFileException
instanceKlass org/codehaus/janino/UnicodeUnescapeException
instanceKlass org/apache/spark/TaskKilledException
instanceKlass com/fasterxml/jackson/databind/RuntimeJsonMappingException
instanceKlass org/codehaus/commons/compiler/InternalCompilerException
instanceKlass scala/UninitializedFieldError
instanceKlass java/util/EmptyStackException
instanceKlass org/antlr/v4/runtime/RecognitionException
instanceKlass com/thoughtworks/paranamer/ParameterNamesNotFoundException
instanceKlass org/apache/spark/SparkUpgradeException
instanceKlass org/apache/spark/SparkRuntimeException
instanceKlass org/apache/spark/network/client/ChunkFetchFailureException
instanceKlass org/sparkproject/jetty/http/BadMessageException
instanceKlass java/nio/BufferOverflowException
instanceKlass org/sparkproject/guava/cache/CacheLoader$InvalidCacheLoadException
instanceKlass org/sparkproject/guava/util/concurrent/UncheckedExecutionException
instanceKlass io/netty/channel/ChannelException
instanceKlass io/netty/handler/codec/CodecException
instanceKlass java/util/concurrent/RejectedExecutionException
instanceKlass py4j/Py4JException
instanceKlass org/apache/hadoop/shaded/com/google/re2j/PatternSyntaxException
instanceKlass org/apache/hadoop/thirdparty/com/google/common/cache/CacheLoader$InvalidCacheLoadException
instanceKlass org/apache/hadoop/thirdparty/com/google/common/util/concurrent/UncheckedExecutionException
instanceKlass org/apache/hadoop/metrics2/MetricsException
instanceKlass org/apache/commons/logging/LogConfigurationException
instanceKlass org/apache/ivy/plugins/resolver/BasicResolver$UnresolvedDependencyException
instanceKlass org/apache/ivy/plugins/circular/CircularDependencyException
instanceKlass org/apache/ivy/core/resolve/ResolveProcessException
instanceKlass org/apache/ivy/plugins/conflict/LatestConflictManager$NoConflictResolvedYetException
instanceKlass java/time/DateTimeException
instanceKlass org/apache/logging/log4j/core/config/ConfigurationException
instanceKlass java/util/ConcurrentModificationException
instanceKlass org/apache/logging/log4j/LoggingException
instanceKlass java/util/MissingResourceException
instanceKlass java/lang/SecurityException
instanceKlass java/lang/IllegalStateException
instanceKlass java/lang/UnsupportedOperationException
instanceKlass java/lang/IndexOutOfBoundsException
instanceKlass java/util/NoSuchElementException
instanceKlass java/lang/reflect/UndeclaredThrowableException
instanceKlass scala/MatchError
instanceKlass java/lang/IllegalArgumentException
instanceKlass java/lang/ArithmeticException
instanceKlass java/lang/NullPointerException
instanceKlass java/lang/IllegalMonitorStateException
instanceKlass java/lang/ArrayStoreException
instanceKlass java/lang/ClassCastException
ciInstanceKlass java/lang/RuntimeException 1 1 40 10 10 10 10 10 100 7 1 1 1 5 0 1 1 1 1 1 1 1 1 1 1 1 1 1 1 1 1 1 1 1 1 12 12 12 12 12 1 1
instanceKlass org/apache/spark/deploy/SparkSubmitArguments$$anon$1
ciInstanceKlass java/lang/SecurityManager 0 0 572 10 9 100 10 100 8 10 10 10 10 100 10 100 10 9 10 10 10 100 8 10 9 9 8 9 100 10 8 10 10 10 100 10 10 100 100 8 10 8 8 8 8 8 8 10 8 8 8 8 8 10 10 8 100 8 10 8 8 8 8 8 10 8 100 8 8 10 8 8 10 100 8 10 10 100 10 10 10 10 10 10 11 18 11 18 11 18 18 11 18 11 9 9 9 9 100 10 10 10 18 18 10 18 10 18 18 8 10 9 11 8 100 10 10 10 9 10 10 8 100 10 9 8 8 100 10 10 10 9 11 10 11 10 100 100 10 10 10 1 1 1 1 1 1 1 1 1 1 1 1 1 1 1 1 1 1 1 1 1 1 1 1 1 1 100 1 1 1 1 1 1 1 1 1 1 1 1 1 1 1 100 1 1 1 1 1 1 1 1 1 1 1 1 1 1 1 1 1 1 1 1 1 1 1 1 1 1 1 1 1 1 1 1 1 1 1 1 1 1 1 1 1 1 1 1 1 1 1 1 1 1 1 1 1 1 1 1 1 1 100 1 1 1 1 1 1 1 1 1 1 1 1 1 1 1 1 1 1 1 1 1 1 1 1 1 1 1 1 100 1 1 1 1 100 1 1 1 1 1 1 1 1 1 1 1 12 12 1 100 12 1 1 12 12 100 12 1 1 12 100 12 12 12 1 1 12 12 1 12 1 1 12 12 12 1 12 1 1 1 12 1 1 1 1 1 1 12 1 1 1 1 1 12 12 1 1 1 1 1 1 1 1 100 12 1 1 1 1 1 1 12 1 1 12 1 12 12 12 100 12 12 100 12 100 12 1 15 16 15 16 12 100 12 16 15 16 12 12 15 16 15 16 12 16 15 16 12 12 12 12 12 12 1 100 12 12 12 15 16 12 15 16 100 12 15 12 12 15 16 15 16 1 12 12 100 12 1 1 12 12 12 12 12 12 1 1 12 1 1 1 12 100 12 12 12 12 12 1 1 12 12 1 1 1 1 1 1 1 1 1 1 1 1 1 1 1 1 1 1 1 1 1 1 1 1 1 1 1 1 1 1 1 1 1 1 1 1 1 1 1 1 1 1 1 1 1 1 10 1 10 1 1 1 1 1 1 10 1 1 1 1 1 10 11 1 1 1 10 1 1 1 1 1 1 10 1 10 1 1 1 11 1 1 10 10 1 1 1 1 1 1 1 1 1 1 1 1 1 1 1 1 1 1 1 1 100 12 100 12 12 12 100 12 12 12 12 12 1 1 100 1 1 1 1 1 1 1 1 100 1 1
ciInstanceKlass java/security/ProtectionDomain 1 1 327 10 9 7 10 9 9 9 10 7 9 9 7 9 9 10 100 10 10 10 10 9 9 10 7 10 100 10 8 100 8 10 10 10 10 8 11 8 10 8 8 10 10 10 10 8 10 8 8 10 9 10 9 10 100 100 10 10 7 10 100 10 10 11 11 100 11 10 10 11 11 10 10 10 11 10 8 8 10 7 10 10 7 1 1 100 1 1 1 1 1 1 1 1 1 1 1 1 1 1 1 1 1 1 1 1 1 1 1 1 100 1 100 1 1 1 1 1 1 1 1 1 1 1 1 1 1 1 1 1 1 1 100 1 1 1 1 1 1 1 1 1 7 1 1 1 100 1 1 1 1 1 1 1 1 1 1 1 1 1 1 1 1 1 1 1 1 1 100 100 100 100 1 1 1 1 1 100 12 12 1 12 12 12 12 12 1 12 12 1 12 12 100 12 100 12 12 12 12 100 12 12 1 1 12 1 1 1 12 12 12 1 1 12 1 1 12 12 12 12 1 12 1 1 100 12 12 12 100 12 12 1 1 100 12 1 1 12 12 12 12 1 12 12 12 12 12 12 100 12 12 12 1 1 7 12 1 7 12 1 1 1 1 1 1 1 1 1 1 1 1 1 1 1 1 1 1 1 1 1 1 1 1 1 1 1 1 1 1 1 1 1 1 1 1 1 1 1 1 1 1 1 1 1 1 1 1 1 1 1 1 1 1 1 1 1 1 1 1 1 1 1 1 1 1 1 1
staticfield java/security/ProtectionDomain filePermCompatInPD Z 0
ciInstanceKlass java/security/AccessControlContext 1 1 367 9 9 10 8 10 10 9 9 9 10 7 100 10 11 11 11 11 7 11 10 10 9 10 11 10 7 100 8 10 10 7 10 9 9 9 9 9 9 9 10 9 10 10 8 10 10 10 100 10 10 10 10 8 10 8 10 8 8 10 8 10 8 10 10 10 8 8 100 10 10 100 10 8 10 10 10 8 10 10 10 7 10 10 10 10 10 10 10 10 7 1 1 1 1 1 1 1 1 1 1 1 1 1 1 1 1 1 1 1 1 1 1 1 1 1 1 1 1 1 1 1 1 1 1 100 1 1 1 1 1 1 100 1 1 1 1 1 1 100 1 1 1 1 1 1 1 1 100 1 1 1 1 1 1 1 1 1 1 1 1 1 1 100 1 1 1 1 1 1 1 1 1 1 1 1 1 1 1 1 1 1 1 1 1 1 1 1 1 1 1 1 1 1 1 1 1 1 1 1 1 1 1 1 1 1 1 1 1 1 1 1 1 1 12 12 100 12 1 100 12 12 12 12 12 7 12 1 12 12 12 12 12 1 12 12 7 12 100 12 12 12 1 1 1 12 12 1 7 12 12 12 12 12 12 12 12 7 12 12 12 12 1 12 12 100 12 1 12 100 12 1 12 1 100 12 1 1 12 1 12 1 12 12 12 1 1 1 12 12 1 12 1 12 12 1 12 12 12 1 12 12 12 12 12 12 1 1 1 1 1 1 1 1 1 1 1 1 1 1 1 1 1 1 1 1 1 1 1 1 1 1 1 1 1 1 1 1 1 1 1 1 1 1 1 1 1 1 1 1 1 1 1 1 1 1 1 1 1 1 1 1 1 1 1 1 1
ciInstanceKlass java/security/AccessController 1 1 292 10 10 10 10 10 10 10 10 10 10 100 8 10 10 10 10 7 7 10 10 10 10 10 10 9 10 10 7 10 9 10 10 9 10 100 10 11 10 11 7 10 10 10 8 10 8 10 8 100 10 10 10 10 10 8 10 8 8 10 8 10 10 7 10 100 100 1 1 100 1 1 1 1 1 1 1 1 1 1 1 1 1 1 1 1 1 1 1 1 1 1 1 1 1 1 1 1 1 1 1 1 1 1 1 1 7 100 1 1 1 1 1 1 1 7 1 1 1 1 1 1 1 1 1 1 100 1 1 1 1 1 1 1 1 1 1 1 1 1 1 1 1 1 1 1 1 1 1 1 1 1 1 1 1 1 1 1 1 1 1 1 1 1 1 1 1 1 1 100 100 100 1 1 1 1 12 7 12 12 12 12 12 12 12 12 12 1 1 12 12 12 12 1 1 12 12 12 12 7 12 12 100 12 12 12 1 12 12 12 12 12 1 7 12 7 12 1 12 12 12 1 12 1 12 1 1 12 12 12 12 100 12 1 1 12 1 12 12 1 12 1 1 1 1 1 1 1 1 1 1 1 1 1 1 1 1 1 1 1 1 1 1 1 1 1 1 1 1 1 1 1 1 1 1 1 1 1 1 1 1 1 1 1 1 1 1 1 1 1 1 1
staticfield java/security/AccessController $assertionsDisabled Z 1
instanceKlass sun/reflect/misc/MethodUtil
instanceKlass java/net/URLClassLoader
instanceKlass jdk/internal/loader/BuiltinClassLoader
ciInstanceKlass java/security/SecureClassLoader 1 1 127 10 7 10 9 10 10 9 10 10 10 10 10 10 7 10 7 10 7 10 11 7 100 8 10 10 7 7 1 1 7 1 1 1 1 1 1 1 1 1 1 1 1 1 1 1 1 1 1 1 100 1 1 1 1 100 1 1 1 1 1 1 1 1 1 1 1 1 1 1 1 1 1 1 1 1 1 1 1 1 1 12 1 12 12 7 12 12 12 12 12 12 12 12 12 1 1 12 1 12 7 12 1 1 1 12 12 1 1 1 1 1 1 1 1 1 1 1 1 1 1 1 1 1 1 1 1
instanceKlass java/lang/InstantiationException
instanceKlass java/lang/IllegalAccessException
instanceKlass java/lang/reflect/InvocationTargetException
instanceKlass java/lang/NoSuchFieldException
instanceKlass java/lang/NoSuchMethodException
instanceKlass java/lang/ClassNotFoundException
ciInstanceKlass java/lang/ReflectiveOperationException 1 1 34 10 10 10 10 100 7 1 1 1 5 0 1 1 1 1 1 1 1 1 1 1 1 1 1 1 1 1 12 12 12 12 1 1
instanceKlass org/apache/spark/SparkClassNotFoundException
ciInstanceKlass java/lang/ClassNotFoundException 1 1 37 100 10 10 9 7 7 1 1 1 5 0 1 1 1 1 1 1 1 1 1 1 1 1 1 1 1 1 1 1 1 12 12 12 1 1 1
instanceKlass java/lang/UnsatisfiedLinkError
instanceKlass java/lang/ExceptionInInitializerError
instanceKlass java/lang/IncompatibleClassChangeError
instanceKlass java/lang/BootstrapMethodError
instanceKlass java/lang/NoClassDefFoundError
ciInstanceKlass java/lang/LinkageError 1 1 31 10 10 10 100 7 1 1 1 5 0 1 1 1 1 1 1 1 1 1 1 1 1 1 1 1 12 12 12 1 1
ciInstanceKlass java/lang/NoClassDefFoundError 0 0 26 10 10 100 100 1 1 1 5 0 1 1 1 1 1 1 1 1 1 1 1 1 12 12 1 1
ciInstanceKlass java/lang/ClassCastException 1 1 26 10 10 100 100 1 1 1 5 0 1 1 1 1 1 1 1 1 1 1 1 1 12 12 1 1
ciInstanceKlass java/lang/ArrayStoreException 1 1 26 10 10 100 100 1 1 1 5 0 1 1 1 1 1 1 1 1 1 1 1 1 12 12 1 1
instanceKlass java/lang/InternalError
instanceKlass java/lang/StackOverflowError
instanceKlass java/lang/OutOfMemoryError
ciInstanceKlass java/lang/VirtualMachineError 1 1 34 10 10 10 10 100 100 1 1 1 5 0 1 1 1 1 1 1 1 1 1 1 1 1 1 1 1 1 12 12 12 12 1 1
instanceKlass org/apache/spark/memory/SparkOutOfMemoryError
instanceKlass io/netty/util/internal/OutOfDirectMemoryError
ciInstanceKlass java/lang/OutOfMemoryError 1 1 26 10 10 100 100 1 1 1 5 0 1 1 1 1 1 1 1 1 1 1 1 1 12 12 1 1
ciInstanceKlass java/lang/StackOverflowError 1 1 26 10 10 100 100 1 1 1 5 0 1 1 1 1 1 1 1 1 1 1 1 1 12 12 1 1
ciInstanceKlass java/lang/IllegalMonitorStateException 1 1 26 10 10 100 100 1 1 1 5 0 1 1 1 1 1 1 1 1 1 1 1 1 12 12 1 1
instanceKlass java/lang/ref/PhantomReference
instanceKlass java/lang/ref/FinalReference
instanceKlass java/lang/ref/WeakReference
instanceKlass java/lang/ref/SoftReference
ciInstanceKlass java/lang/ref/Reference 1 1 159 10 9 10 9 9 7 10 10 9 9 10 10 10 9 9 100 10 10 10 7 10 10 10 7 8 10 7 10 10 10 7 10 10 7 1 1 1 1 1 1 1 1 1 1 1 1 1 1 1 1 1 1 1 1 1 1 1 1 1 1 1 1 1 1 1 1 1 1 100 1 1 100 1 1 1 1 1 1 1 1 1 1 1 1 1 1 7 1 1 1 1 1 1 1 1 1 7 1 1 1 1 12 12 12 12 12 1 12 12 12 12 12 12 12 12 12 1 12 12 1 12 12 12 1 1 12 1 12 12 12 1 7 12 1 1 1 1 1 1 1 1 1 1 1 1 1 1 1 1 1 1 1 1 1 1 1 1 1
staticfield java/lang/ref/Reference processPendingLock Ljava/lang/Object; java/lang/Object
instanceKlass sun/security/util/MemoryCache$SoftCacheEntry
instanceKlass org/sparkproject/guava/cache/LocalCache$SoftValueReference
instanceKlass java/util/ResourceBundle$BundleReference
instanceKlass sun/util/locale/provider/LocaleResources$ResourceReference
instanceKlass sun/util/resources/Bundles$BundleReference
instanceKlass sun/util/locale/LocaleObjectCache$CacheEntry
instanceKlass jdk/internal/ref/SoftCleanable
instanceKlass java/lang/invoke/LambdaFormEditor$Transform
ciInstanceKlass java/lang/ref/SoftReference 1 1 47 10 9 9 10 10 7 7 1 1 1 1 1 1 1 1 1 1 1 1 1 1 1 1 1 1 1 1 1 1 1 1 1 1 100 1 1 1 1 12 12 12 12 12 1 1 1
instanceKlass scala/ref/WeakReferenceWithWrapper
instanceKlass org/sparkproject/guava/collect/MapMakerInternalMap$WeakEntry
instanceKlass java/util/concurrent/ForkJoinTask$ExceptionNode
instanceKlass org/apache/spark/CleanupTaskWeakReference
instanceKlass org/apache/spark/storage/BlockManager$RemoteBlockDownloadFileManager$ReferenceWithCleanup
instanceKlass org/sparkproject/guava/cache/LocalCache$WeakValueReference
instanceKlass java/util/ResourceBundle$KeyElementReference
instanceKlass org/apache/commons/logging/impl/WeakHashtable$WeakKey
instanceKlass com/sun/jmx/mbeanserver/WeakIdentityHashMap$IdentityWeakReference
instanceKlass java/lang/ClassValue$Entry
instanceKlass java/util/logging/LogManager$LoggerWeakRef
instanceKlass java/util/logging/Level$KnownLevel
instanceKlass java/lang/ThreadLocal$ThreadLocalMap$Entry
instanceKlass java/lang/WeakPairMap$WeakRefPeer
instanceKlass jdk/internal/ref/WeakCleanable
instanceKlass java/lang/invoke/MethodType$ConcurrentWeakInternSet$WeakEntry
instanceKlass java/util/WeakHashMap$Entry
ciInstanceKlass java/lang/ref/WeakReference 1 1 31 10 10 100 7 1 1 1 1 1 1 1 1 1 1 1 1 1 1 1 1 1 1 1 1 1 1 12 12 1 1
instanceKlass java/lang/ref/Finalizer
ciInstanceKlass java/lang/ref/FinalReference 1 1 36 10 100 8 10 100 7 1 1 1 1 1 1 1 1 1 1 1 1 1 1 1 1 1 1 1 1 1 1 12 1 1 12 1 1 1
instanceKlass jdk/internal/ref/PhantomCleanable
instanceKlass jdk/internal/ref/Cleaner
ciInstanceKlass java/lang/ref/PhantomReference 1 1 30 10 100 7 1 1 1 1 1 1 1 1 1 1 1 1 1 1 1 1 1 1 1 1 1 1 1 12 1 1
ciInstanceKlass java/lang/ref/Finalizer 1 1 139 9 10 9 9 9 9 7 10 10 7 11 100 10 100 10 10 10 100 10 10 7 10 7 10 10 10 10 7 10 7 10 10 10 7 1 1 1 1 1 1 1 1 1 1 1 1 1 1 1 1 1 1 1 1 1 1 1 1 1 1 1 1 1 1 1 1 1 1 1 1 1 1 1 1 7 1 1 1 1 12 12 12 12 12 12 1 12 12 1 7 12 1 12 1 12 100 12 100 12 1 12 12 1 1 12 12 12 1 12 1 12 12 12 1 1 1 1 1 1 1 1 1 1 1 1 1 1 1 1 1 1 1 1 1 1 1 1 1
staticfield java/lang/ref/Finalizer lock Ljava/lang/Object; java/lang/Object
instanceKlass java/util/concurrent/ForkJoinWorkerThread
instanceKlass org/apache/spark/ContextCleaner$$anon$1
instanceKlass org/apache/spark/util/UninterruptibleThread
instanceKlass org/apache/spark/util/EventLoop$$anon$1
instanceKlass java/util/TimerThread
instanceKlass org/apache/spark/storage/BlockManager$RemoteBlockDownloadFileManager$$anon$2
instanceKlass io/netty/util/concurrent/FastThreadLocalThread
instanceKlass org/apache/spark/scheduler/AsyncEventQueue$$anon$2
instanceKlass org/apache/spark/util/ThreadUtils$$anon$2
instanceKlass org/apache/hadoop/util/Shell$1
instanceKlass org/apache/hadoop/util/ShutdownHookManager$1
instanceKlass org/apache/spark/util/ShutdownHookManager$$anon$1
instanceKlass scala/sys/ShutdownHookThread
instanceKlass java/util/logging/LogManager$Cleaner
instanceKlass org/apache/spark/util/Utils$$anon$4
instanceKlass jdk/internal/misc/InnocuousThread
instanceKlass java/lang/ref/Finalizer$FinalizerThread
instanceKlass java/lang/ref/Reference$ReferenceHandler
ciInstanceKlass java/lang/Thread 1 1 592 9 9 10 9 9 100 8 10 3 8 3 10 10 9 9 9 9 7 100 8 10 9 10 10 10 10 10 10 9 10 10 9 10 10 9 10 9 10 9 9 10 10 9 10 9 7 10 7 10 8 10 10 10 10 10 10 9 100 10 10 10 10 100 11 9 10 10 10 9 10 9 10 100 10 10 10 11 10 10 10 7 10 10 10 10 10 10 10 10 10 10 7 8 10 10 10 8 10 8 10 8 8 10 10 100 8 10 9 9 10 10 10 9 10 100 10 11 9 9 10 100 10 11 100 10 10 11 10 100 10 10 10 8 9 10 11 10 11 10 7 7 1 1 100 1 100 1 100 1 1 1 1 1 1 1 1 1 1 1 1 1 1 1 1 1 1 1 1 100 1 1 1 1 1 1 1 1 1 1 1 1 1 1 1 3 1 3 1 3 1 1 1 1 1 1 1 1 1 1 1 1 1 1 1 1 1 1 1 1 1 1 1 1 1 1 1 100 1 1 1 1 1 1 1 7 1 1 1 1 1 1 1 1 1 1 1 1 1 7 100 100 100 1 1 1 1 1 1 1 1 1 1 1 1 1 1 1 1 1 1 1 1 1 1 1 1 1 1 1 1 1 1 1 1 1 1 1 1 1 1 1 1 1 1 1 1 1 1 1 1 1 1 1 1 1 1 1 1 1 1 1 1 1 1 1 1 1 1 1 1 1 1 100 100 1 1 1 1 1 1 1 1 1 100 100 1 1 1 1 1 1 1 1 1 1 1 1 1 1 1 1 1 1 1 1 1 1 1 1 1 1 1 1 1 1 1 1 1 1 1 1 1 1 1 1 1 1 100 1 1 1 1 1 1 1 1 1 1 1 1 12 12 12 12 12 1 1 12 1 12 12 12 12 12 12 1 1 1 12 7 12 12 12 12 12 100 12 12 12 12 12 12 12 12 12 7 12 12 12 12 7 12 12 12 12 1 1 1 12 12 12 12 12 12 12 1 12 12 12 1 12 7 12 12 12 12 12 12 12 1 12 12 12 12 12 12 1 12 12 12 12 12 12 12 12 12 1 1 12 12 1 12 1 1 1 100 12 100 12 1 12 12 12 12 12 12 1 12 12 12 12 12 1 12 100 12 1 12 12 12 12 1 12 12 7 12 12 12 12 100 12 12 12 1 1 1 1 1 1 1 1 1 1 1 1 1 1 1 1 1 1 1 1 1 1 1 1 1 1 1 1 1 1 1 1 1 1 1 1 1 1 1 1 1 1 1 1 1 1 1 1 1 1 1 1 1 1 1 1 1 1 1 1 1 1 1 1 1 1 1 1 1 1 1 1 1 1 1 1 1 1
staticfield java/lang/Thread EMPTY_STACK_TRACE [Ljava/lang/StackTraceElement; 0 [Ljava/lang/StackTraceElement;
ciInstanceKlass java/lang/ThreadGroup 1 1 289 10 9 8 9 7 9 9 10 10 10 10 10 9 10 10 9 10 9 9 10 100 10 10 10 9 10 10 9 10 10 10 10 10 10 10 10 10 10 10 100 10 10 10 7 10 7 10 9 10 8 10 10 10 10 11 100 9 100 10 8 10 10 8 10 10 10 10 8 10 8 10 8 7 100 1 1 1 1 1 1 1 1 1 1 1 1 1 1 1 1 1 1 1 1 1 1 1 1 1 1 1 1 1 1 1 1 1 1 1 1 1 1 1 1 1 1 1 1 1 1 1 100 1 1 1 1 1 1 100 1 1 1 1 1 1 1 1 1 1 1 1 1 1 1 1 1 1 1 1 1 1 1 1 1 1 1 1 1 1 1 1 1 1 1 1 1 1 1 1 1 1 1 100 1 1 1 1 1 1 1 1 1 1 1 1 1 12 12 1 12 1 12 12 12 12 12 12 12 12 12 12 12 100 12 12 12 7 12 12 7 12 12 12 12 12 12 12 12 12 12 12 12 12 12 12 1 12 12 1 12 12 12 12 1 12 12 12 12 1 12 1 1 12 12 1 12 12 12 100 1 1 12 1 1 1 1 1 1 1 1 1 1 1 1 1 1 1 1 1 1 1 1 1 1 1 1 1 1 1 1 1 1 1 1 1 1 1 1
instanceKlass scala/collection/convert/Wrappers$DictionaryWrapper
instanceKlass java/util/Hashtable
ciInstanceKlass java/util/Dictionary 1 1 36 10 100 7 1 1 1 1 1 1 1 1 1 1 1 1 1 1 1 1 1 1 1 1 1 1 1 1 1 1 1 1 1 12 1 1
instanceKlass org/apache/commons/logging/impl/WeakHashtable
instanceKlass java/util/Properties
ciInstanceKlass java/util/Hashtable 1 1 512 100 10 9 100 100 10 8 10 10 10 10 10 8 10 9 7 9 7 4 10 9 4 10 11 10 10 9 10 100 10 9 10 9 10 10 3 9 9 3 10 10 10 11 11 11 11 7 11 11 10 10 10 9 9 9 10 100 100 10 10 8 10 10 8 10 8 10 7 10 10 100 10 10 7 10 100 10 10 7 11 11 100 10 10 10 11 100 10 11 11 10 10 10 10 10 10 10 8 10 100 8 10 4 10 4 10 8 10 10 100 11 10 10 10 10 7 100 100 1 1 1 100 1 1 1 1 1 1 1 1 1 1 1 1 1 1 1 1 1 5 0 1 1 1 1 1 1 1 1 1 1 3 1 3 1 3 1 1 1 1 1 1 1 1 1 1 1 1 1 1 1 1 1 1 1 1 1 1 1 1 1 1 1 1 1 1 1 1 1 1 1 1 1 1 1 100 1 1 1 1 1 7 1 1 1 1 1 1 1 1 1 1 1 1 1 1 1 1 1 1 1 1 1 1 1 1 1 7 1 1 1 1 1 1 1 1 1 1 1 1 1 1 1 1 1 100 1 1 1 1 1 1 1 1 1 1 1 1 1 1 1 1 1 1 1 1 1 1 1 1 1 1 1 1 1 1 100 1 1 1 1 1 1 1 100 1 1 1 1 1 1 1 1 1 1 1 1 1 100 1 1 1 1 1 1 1 1 1 1 1 1 1 1 1 100 1 1 1 100 100 1 1 1 1 1 1 100 1 1 100 1 1 1 1 1 1 1 1 1 1 1 1 12 12 1 1 1 12 12 12 12 7 12 1 12 12 1 12 1 7 12 12 12 12 12 12 12 12 1 12 12 12 12 12 12 12 12 12 12 12 7 12 12 12 1 12 12 12 12 12 12 12 12 1 1 12 1 12 1 1 7 12 1 12 12 1 12 12 1 1 12 1 12 12 1 100 12 12 1 12 12 12 12 12 12 12 12 100 12 12 1 1 12 12 1 12 100 12 1 100 12 12 12 12 1 1 1 1 1 1 1 1 1 1 1 1 1 1 1 1 1 1 1 1 1 1 1 1 1 1 1 1 1 1 1 1 1 1 1 1 1 1 1 1 1 1 1 1 1 1 1 1 1 1 1 1 1 1 1 1 1 1 1 1 1 1 1 1 1 1 1
instanceKlass java/security/Provider
ciInstanceKlass java/util/Properties 1 1 645 10 100 10 7 10 9 9 9 10 10 8 10 7 10 10 8 10 7 10 10 9 10 7 10 10 10 100 8 10 10 10 10 100 3 10 10 10 8 10 10 10 10 10 100 100 10 10 100 9 10 10 10 100 10 10 10 11 11 11 7 11 11 10 8 10 10 100 10 10 10 9 10 10 100 100 100 10 8 8 10 10 10 7 10 10 10 7 10 10 11 10 8 10 11 8 10 11 9 10 10 10 10 10 10 10 10 10 10 10 10 10 10 10 7 10 10 10 10 10 10 10 10 10 10 10 10 10 10 10 10 7 10 100 10 11 4 11 10 10 11 10 10 10 100 8 10 10 10 100 6 0 10 11 10 10 1 1 1 1 1 1 5 0 1 1 1 1 1 1 1 1 1 1 1 1 1 1 1 1 1 1 1 1 1 1 1 1 1 1 1 1 1 1 1 1 1 1 1 1 1 1 1 1 1 1 1 1 1 1 1 1 1 1 1 1 1 1 1 1 1 1 1 100 1 1 1 1 1 1 1 1 1 1 1 1 1 1 1 1 1 1 1 1 1 1 1 1 1 100 1 1 1 1 1 1 1 1 1 100 7 100 1 1 1 100 1 1 1 1 1 1 1 1 1 1 1 1 1 1 1 1 1 1 1 1 1 1 1 1 1 1 1 1 1 1 1 1 7 100 1 1 100 1 1 1 1 1 1 1 1 1 1 1 1 1 1 1 1 1 1 1 1 1 1 1 1 1 1 1 1 1 1 1 1 1 1 1 1 1 1 1 1 1 1 1 1 1 1 1 1 1 1 1 1 1 1 1 1 1 1 1 1 1 1 1 1 1 1 1 1 1 1 1 1 1 1 1 1 1 1 1 1 1 1 1 1 1 1 1 1 1 1 1 100 100 1 1 1 1 100 1 1 1 1 1 12 1 12 1 12 12 12 12 7 12 12 1 7 12 1 12 12 1 12 1 12 12 12 12 1 12 12 12 1 1 12 12 12 12 1 12 12 1 12 12 12 12 12 1 1 12 12 1 100 12 12 12 12 1 12 7 12 12 12 1 12 12 12 1 12 12 1 12 100 12 100 12 12 100 12 1 1 1 1 1 12 12 12 1 12 12 1 12 12 7 12 1 12 1 12 12 12 12 12 12 12 12 12 12 12 12 12 12 1 12 12 12 12 12 12 12 12 12 12 12 12 12 12 12 1 12 1 12 12 12 12 12 100 12 12 1 1 12 100 12 1 12 100 12 12 12 1 1 1 1 1 1 1 1 1 1 1 1 1 1 1 1 1 1 1 1 1 1 1 1 1 1 1 1 1 1 1 1 1 1 1 1 1 1 1 1 1 1 1 1 1 1 1 1 1 1 1 1 1 1 1 1 1 1 100 1 1 1 1 1 1 1 1 1 1 1 1 1 1 1 1 1 1 1 1 1 1 1 1 1 1 1 1 1 1 1 1 1 1
staticfield java/util/Properties UNSAFE Ljdk/internal/misc/Unsafe; jdk/internal/misc/Unsafe
staticfield java/util/Properties hexDigit [C 16
ciInstanceKlass java/lang/Module 1 1 907 10 9 10 9 9 9 10 10 10 10 7 10 10 7 11 7 10 10 9 10 10 8 10 10 10 9 11 9 10 9 10 10 100 7 10 10 8 10 10 10 10 10 10 9 10 10 9 10 10 9 11 7 10 9 9 10 7 7 10 100 8 10 10 10 8 10 10 10 10 8 8 10 10 10 18 10 11 9 11 10 100 8 10 7 10 10 11 11 9 11 10 10 9 10 10 10 10 18 11 10 11 10 11 4 10 7 10 11 7 10 11 7 10 7 8 10 10 7 10 10 7 7 10 9 100 10 11 10 10 10 11 7 10 11 10 11 10 10 10 10 10 10 10 10 18 11 11 18 10 10 10 7 10 10 10 9 7 10 10 10 10 10 10 10 10 10 9 18 10 7 100 8 10 10 10 100 10 100 8 100 10 100 100 3 10 100 10 10 10 100 10 10 100 100 10 8 10 10 10 10 10 10 10 100 10 10 10 100 8 10 10 8 10 8 10 10 10 8 10 7 10 10 10 11 100 7 1 1 1 1 1 1 1 1 1 1 1 1 1 1 1 1 1 1 1 1 1 1 1 1 1 1 1 1 1 1 1 1 1 1 1 1 1 1 1 1 1 1 1 1 1 1 7 1 1 1 1 1 1 1 1 1 1 100 1 1 1 1 1 1 1 1 1 1 1 1 1 1 1 1 1 1 1 1 1 1 1 1 1 1 1 1 1 1 1 1 1 1 1 1 1 1 1 1 1 1 1 1 1 1 1 1 1 1 1 1 1 1 1 1 100 1 1 1 1 1 1 1 1 1 1 1 1 1 1 1 1 1 1 1 1 100 1 1 1 1 1 1 1 1 1 1 1 1 1 1 1 1 1 1 1 1 1 1 1 1 1 1 1 1 1 1 1 7 7 7 7 7 1 1 1 1 1 1 1 1 1 1 1 1 1 1 1 1 1 1 1 1 100 1 1 1 1 1 1 1 1 1 1 1 1 1 1 1 1 1 1 1 1 100 1 1 1 1 1 1 1 1 1 1 1 1 1 100 100 1 100 1 1 1 1 1 100 1 1 1 1 1 1 1 1 1 1 1 1 1 1 1 1 1 7 1 1 1 1 1 1 1 1 1 12 12 12 12 12 12 12 12 12 12 1 7 12 12 1 12 12 7 12 100 12 12 12 1 12 12 12 12 12 12 7 12 12 7 12 12 1 1 12 1 12 12 12 12 12 12 12 12 12 12 12 12 12 12 1 12 12 12 12 1 1 12 1 1 12 12 1 12 12 12 12 1 1 12 12 12 1 15 16 15 16 12 12 12 12 12 7 12 1 1 1 12 12 12 12 12 12 12 12 12 12 7 12 16 15 16 12 12 100 12 12 12 12 12 1 12 1 12 1 7 12 100 1 1 1 12 12 1 12 12 1 1 12 12 1 12 12 12 12 1 12 12 12 12 12 12 12 12 12 12 12 16 15 16 12 12 12 15 16 12 12 12 12 1 12 12 12 12 1 12 12 12 12 12 12 12 16 15 16 12 100 12 1 1 1 12 12 12 1 12 1 1 1 1 1 12 1 12 12 12 1 12 12 1 1 12 1 12 12 7 12 12 12 12 12 1 12 12 1 1 12 7 12 1 12 1 12 12 12 1 1 12 12 12 1 1 1 1 1 1 1 1 1 1 1 1 1 1 1 1 1 1 1 1 1 1 1 1 1 1 1 1 1 1 1 1 1 1 1 1 1 1 1 1 1 1 1 1 1 1 1 1 1 1 1 1 1 1 1 1 1 1 1 1 10 10 1 1 1 1 1 1 1 1 1 1 1 1 1 1 1 1 10 1 1 1 1 1 1 1 1 1 1 1 1 1 1 1 1 1 1 1 1 1 1 1 1 1 1 1 1 1 1 1 1 1 1 10 1 1 1 1 1 1 10 1 1 1 1 1 1 10 1 1 1 1 1 1 1 1 1 1 1 1 1 1 1 1 1 1 1 1 1 1 1 1 1 1 1 1 1 1 1 1 1 1 1 1 1 1 7 12 12 100 12 12 12 1 1 100 1 1 1 100 1 1
staticfield java/lang/Module ALL_UNNAMED_MODULE Ljava/lang/Module; java/lang/Module
staticfield java/lang/Module ALL_UNNAMED_MODULE_SET Ljava/util/Set; java/util/ImmutableCollections$Set12
staticfield java/lang/Module EVERYONE_MODULE Ljava/lang/Module; java/lang/Module
staticfield java/lang/Module EVERYONE_SET Ljava/util/Set; java/util/ImmutableCollections$Set12
staticfield java/lang/Module $assertionsDisabled Z 1
instanceKlass java/lang/reflect/Executable
instanceKlass java/lang/reflect/Field
ciInstanceKlass java/lang/reflect/AccessibleObject 1 1 405 10 9 10 10 10 10 7 10 10 9 7 10 11 7 100 10 7 100 10 10 7 10 10 7 10 100 10 10 10 10 10 10 10 10 10 10 8 100 10 10 8 10 10 8 8 8 8 8 8 100 10 10 9 10 10 10 18 10 10 10 11 100 100 8 10 10 10 8 10 8 10 10 100 8 10 11 10 10 10 10 10 9 100 10 10 9 10 8 10 8 10 9 100 10 7 10 10 7 9 7 7 1 1 1 1 1 1 1 1 1 1 1 1 1 1 1 1 100 1 1 1 1 1 1 1 1 1 1 1 1 1 1 1 1 1 1 1 1 1 1 1 1 1 1 1 1 1 1 1 1 1 1 1 1 1 1 1 7 100 1 1 1 1 1 1 1 1 1 1 1 1 1 1 1 1 1 1 1 1 1 1 1 1 1 1 1 1 1 1 1 1 1 1 1 1 1 1 1 1 1 1 1 1 7 1 1 1 1 1 1 1 1 1 1 1 1 1 1 1 1 1 7 12 100 12 12 12 7 12 7 12 12 12 12 1 12 12 1 1 12 1 1 12 12 1 12 12 1 12 1 7 12 12 12 12 12 12 12 12 1 1 12 1 12 12 1 1 1 1 1 1 1 12 12 12 12 12 7 12 1 15 16 15 16 12 12 12 1 1 1 12 12 1 12 1 12 1 1 12 12 12 12 12 12 12 12 12 12 7 12 1 7 12 1 12 12 1 1 1 1 7 12 1 12 1 1 1 1 1 1 1 1 1 1 1 1 1 1 1 1 1 1 1 1 1 1 1 1 1 1 1 1 1 1 1 1 1 1 1 1 1 1 1 1 1 1 1 1 1 1 1 10 10 1 1 1 1 1 1 1 1 1 1 1 1 1 1 1 1 1 1 1 1 7 12 12 1 1 100 1 1 100 1 1
staticfield java/lang/reflect/AccessibleObject reflectionFactory Ljdk/internal/reflect/ReflectionFactory; jdk/internal/reflect/ReflectionFactory
ciInstanceKlass java/lang/reflect/Field 1 1 433 9 10 10 10 9 10 10 10 10 9 9 9 9 9 9 9 100 8 10 7 10 9 9 10 10 10 10 10 10 7 10 10 10 10 10 10 10 100 10 8 10 10 8 10 10 8 8 10 11 9 10 10 11 11 11 11 11 11 11 11 11 11 11 11 11 11 11 11 11 11 10 10 10 10 10 9 10 10 10 10 11 10 7 10 10 9 10 11 10 10 9 10 10 7 100 1 1 1 1 1 1 1 1 1 1 1 1 1 1 1 1 1 1 1 1 1 1 1 1 1 1 1 1 1 1 1 1 1 1 1 1 1 1 1 1 1 1 1 1 1 1 1 1 1 1 1 1 1 1 1 1 1 1 1 1 1 1 1 1 1 1 1 1 1 1 1 1 1 7 1 1 1 1 100 1 1 1 100 1 1 1 1 1 1 1 1 1 1 1 1 1 1 1 1 1 1 1 1 1 1 1 1 1 1 1 1 1 1 1 1 1 1 1 1 1 1 1 1 1 1 1 1 1 1 1 1 1 1 7 100 1 1 1 1 1 7 1 1 1 1 1 1 1 1 1 1 1 1 1 1 1 1 1 1 1 1 7 100 1 1 1 1 1 1 1 1 12 12 7 12 7 12 12 12 12 7 12 12 12 12 12 12 12 12 12 1 1 12 1 12 12 12 12 7 12 12 12 12 12 1 12 12 12 12 12 12 1 1 12 12 1 12 12 1 1 12 12 12 12 12 12 12 12 12 12 12 12 12 12 12 12 12 12 12 12 12 12 12 12 12 12 12 7 12 12 7 12 12 12 1 100 12 7 12 12 7 12 7 12 12 12 100 12 100 12 12 1 1 1 1 1 1 1 1 1 1 1 1 1 1 1 1 1 1 1 1 1 1 1 1 1 1 1 1 1 1 1 1 1 1 1 1 1 1 1 1 1 1 1 1 1 1 1 1 1 1 1 1 1 1 1 1 100 1 1 1 1 1 1 1 1 1
ciInstanceKlass java/lang/reflect/Parameter 1 1 226 10 9 9 9 9 7 10 10 10 100 10 10 11 10 10 10 10 10 8 8 10 10 10 8 10 8 10 9 10 9 10 10 10 10 10 10 10 10 11 10 100 10 10 10 10 10 9 100 10 11 11 7 100 1 1 1 1 1 1 1 1 1 1 1 1 1 1 1 1 1 1 1 1 1 1 1 1 1 1 1 1 1 1 1 1 1 1 1 1 1 1 1 100 100 1 1 1 1 1 1 1 1 1 1 1 100 1 1 1 1 1 1 1 1 1 1 1 1 1 1 1 1 1 1 1 1 1 1 100 1 1 1 12 12 12 12 12 1 12 12 7 12 1 12 12 12 100 12 12 12 12 1 1 12 12 12 1 1 12 12 12 12 12 12 12 12 12 100 12 12 100 12 12 1 100 12 12 12 12 12 12 1 12 12 1 1 1 1 1 1 1 1 1 1 1 1 1 1 1 1 1 1 1 1 1 1 1 1 1 1 1 1 1 1 1 1 1 1 1 1 1 1 1 1 1
instanceKlass java/lang/reflect/Constructor
instanceKlass java/lang/reflect/Method
ciInstanceKlass java/lang/reflect/Executable 1 1 458 10 10 10 11 10 10 10 10 10 7 8 7 10 10 10 100 8 10 10 10 10 8 8 10 10 100 8 10 8 10 8 11 10 10 11 10 8 8 10 10 100 10 10 10 10 10 10 7 10 10 10 10 10 7 10 7 8 10 10 3 100 8 10 10 10 10 10 8 8 8 9 10 100 8 9 10 10 10 10 10 10 7 10 10 100 10 7 10 10 11 10 10 10 9 10 7 10 10 9 10 10 9 10 9 10 9 7 100 100 1 1 1 1 1 1 1 1 1 1 1 1 1 1 1 1 1 1 1 1 1 1 1 1 1 1 1 1 1 1 1 1 1 1 1 1 1 1 1 1 1 1 1 1 1 1 1 1 1 1 1 1 1 1 1 1 1 1 100 1 1 1 1 1 1 1 1 1 1 1 1 1 1 1 1 1 100 100 100 1 1 1 1 1 1 1 1 1 1 1 1 1 1 1 1 1 1 1 1 1 1 1 1 1 1 1 1 1 1 1 1 1 1 1 1 1 1 1 1 1 1 1 1 1 1 1 1 1 1 1 1 1 1 1 1 1 1 1 1 1 1 1 1 1 1 1 1 1 1 7 100 100 1 1 1 1 1 1 1 1 1 1 1 1 12 7 12 12 7 12 7 12 12 12 12 12 1 1 1 12 12 1 1 12 7 12 12 12 1 1 12 1 1 12 1 12 1 100 12 12 12 1 1 12 12 1 12 12 7 12 12 12 1 12 12 12 12 7 12 12 1 1 12 12 1 1 12 12 12 12 1 1 1 12 12 1 1 12 12 12 12 12 12 12 12 12 1 100 12 1 7 12 12 12 12 100 12 12 12 12 1 12 12 100 12 100 12 12 12 12 12 12 12 1 1 1 1 1 1 1 1 1 1 1 1 1 1 1 1 1 1 1 1 1 1 1 1 1 1 1 1 1 1 1 1 1 1 1 1 1 1 1 1 1 1 1 1 1 1 1 1 1 1 1 1 1 1 1 1 1 1 1 100 1 1 1 1 1 1 1 1 1 1 1 1 1 1 1
ciInstanceKlass java/lang/reflect/Method 1 1 441 9 10 10 9 10 10 10 10 9 9 9 9 9 9 9 9 9 9 9 100 8 10 7 10 9 8 10 10 10 10 10 10 10 7 10 10 10 7 10 10 10 10 10 10 10 10 10 10 10 10 10 10 10 100 8 10 100 8 10 10 10 10 10 10 10 11 9 10 10 10 10 11 10 7 10 10 10 10 9 10 10 10 10 10 11 10 7 100 100 10 10 10 100 10 8 10 10 10 10 10 8 10 7 1 1 1 1 1 1 1 1 1 1 1 1 1 1 1 1 1 1 1 1 1 1 1 1 1 1 1 1 1 1 1 1 1 1 1 1 1 1 1 1 1 1 1 1 1 1 1 1 1 1 1 1 1 1 1 1 1 1 1 1 1 1 1 1 1 1 1 1 1 1 1 1 1 1 1 1 1 1 1 1 1 1 1 1 1 1 1 1 1 1 1 1 1 1 1 1 1 1 1 1 1 1 1 1 1 1 1 7 100 7 7 1 100 100 1 1 1 1 1 1 1 1 1 1 1 1 1 1 1 1 1 1 1 1 1 1 1 1 1 1 1 1 1 1 1 1 1 1 1 1 1 1 12 7 12 7 12 12 12 12 7 12 12 12 12 12 12 12 12 12 12 12 12 12 1 1 12 1 12 12 1 7 12 7 12 12 12 12 12 12 1 12 12 7 12 12 7 12 12 12 12 12 7 12 12 12 12 12 12 12 1 1 1 1 12 12 12 12 12 12 12 100 12 12 12 12 12 12 12 1 12 12 12 12 12 7 12 12 7 12 7 12 7 12 7 12 7 12 1 1 1 12 12 12 1 1 12 12 12 12 1 12 1 1 1 1 1 1 1 1 1 1 1 1 1 1 1 1 1 1 1 1 1 1 1 1 1 1 1 1 1 1 1 1 1 1 1 1 1 1 1 1 1 1 1 1 1 1 1 1 1 1 1 1 1 1 1 1 1 1 1 1 1 1 1 1 1 1 1 1 1 1 1 1 1 1 1
ciInstanceKlass java/lang/reflect/Constructor 1 1 415 10 10 9 10 10 10 9 10 9 9 9 9 9 9 9 9 100 8 10 7 10 9 10 10 10 10 10 7 100 8 10 10 10 10 10 7 10 7 10 10 10 10 10 10 10 10 10 100 8 10 10 100 8 10 10 10 10 10 10 10 9 10 10 100 8 10 11 10 10 10 9 10 10 10 10 10 10 10 10 10 100 8 10 10 10 10 10 10 10 11 9 10 10 7 1 1 1 1 1 1 1 1 1 1 1 1 1 1 1 1 1 1 1 1 1 1 1 1 1 1 1 1 1 1 1 1 1 1 1 1 1 1 1 1 1 1 1 1 1 1 1 1 1 1 1 1 1 1 1 1 1 1 1 1 1 1 1 1 1 1 1 1 1 1 1 1 1 1 1 1 1 1 1 1 1 1 1 1 1 1 1 1 1 1 1 1 1 1 1 1 1 1 1 1 1 1 1 7 1 100 100 100 1 1 1 1 1 1 1 1 1 1 1 1 1 1 1 1 1 1 1 1 1 1 1 1 1 1 1 1 1 1 1 1 1 1 1 1 1 7 12 7 12 12 12 12 7 12 12 12 12 12 12 12 12 12 12 12 1 1 12 1 12 12 7 12 7 12 12 12 12 1 1 1 12 12 12 12 1 7 12 12 7 12 12 7 12 12 12 12 12 1 1 12 1 1 12 12 12 12 12 12 12 12 12 12 1 1 12 12 12 12 12 12 7 12 12 12 12 12 12 12 12 12 1 1 12 12 12 12 100 12 100 12 100 12 100 12 12 1 1 1 1 1 1 1 1 1 1 1 1 1 1 1 1 1 1 1 1 1 1 1 1 1 1 1 1 1 1 1 1 1 1 1 1 1 1 1 1 1 1 1 1 1 1 1 1 1 1 1 1 1 1 1 1 1 1 1 1 1 1 1 1 1 100 1 1 1 1 1 1 1 1 1
instanceKlass jdk/internal/reflect/FieldAccessorImpl
instanceKlass jdk/internal/reflect/ConstructorAccessorImpl
instanceKlass jdk/internal/reflect/MethodAccessorImpl
ciInstanceKlass jdk/internal/reflect/MagicAccessorImpl 1 1 16 10 100 7 1 1 1 1 1 1 1 1 1 12 1 1
instanceKlass jdk/internal/reflect/GeneratedMethodAccessor3
instanceKlass jdk/internal/reflect/GeneratedMethodAccessor2
instanceKlass jdk/internal/reflect/GeneratedMethodAccessor1
instanceKlass jdk/internal/reflect/DelegatingMethodAccessorImpl
instanceKlass jdk/internal/reflect/NativeMethodAccessorImpl
ciInstanceKlass jdk/internal/reflect/MethodAccessorImpl 1 1 25 10 100 7 100 1 1 1 1 1 1 1 1 1 1 100 100 1 1 12 1 1 1 1 1
instanceKlass jdk/internal/reflect/GeneratedConstructorAccessor34
instanceKlass jdk/internal/reflect/GeneratedConstructorAccessor33
instanceKlass jdk/internal/reflect/GeneratedConstructorAccessor32
instanceKlass jdk/internal/reflect/GeneratedConstructorAccessor31
instanceKlass jdk/internal/reflect/GeneratedConstructorAccessor30
instanceKlass jdk/internal/reflect/GeneratedConstructorAccessor29
instanceKlass jdk/internal/reflect/GeneratedConstructorAccessor28
instanceKlass jdk/internal/reflect/GeneratedConstructorAccessor27
instanceKlass jdk/internal/reflect/GeneratedConstructorAccessor26
instanceKlass jdk/internal/reflect/GeneratedConstructorAccessor25
instanceKlass jdk/internal/reflect/GeneratedConstructorAccessor24
instanceKlass jdk/internal/reflect/GeneratedConstructorAccessor23
instanceKlass jdk/internal/reflect/GeneratedConstructorAccessor22
instanceKlass jdk/internal/reflect/GeneratedConstructorAccessor21
instanceKlass jdk/internal/reflect/GeneratedConstructorAccessor20
instanceKlass jdk/internal/reflect/GeneratedConstructorAccessor19
instanceKlass jdk/internal/reflect/GeneratedConstructorAccessor18
instanceKlass jdk/internal/reflect/GeneratedConstructorAccessor17
instanceKlass jdk/internal/reflect/GeneratedConstructorAccessor16
instanceKlass jdk/internal/reflect/GeneratedConstructorAccessor15
instanceKlass jdk/internal/reflect/GeneratedConstructorAccessor14
instanceKlass jdk/internal/reflect/GeneratedConstructorAccessor13
instanceKlass jdk/internal/reflect/GeneratedConstructorAccessor12
instanceKlass jdk/internal/reflect/GeneratedConstructorAccessor11
instanceKlass jdk/internal/reflect/GeneratedConstructorAccessor10
instanceKlass jdk/internal/reflect/GeneratedConstructorAccessor9
instanceKlass jdk/internal/reflect/GeneratedConstructorAccessor8
instanceKlass jdk/internal/reflect/GeneratedConstructorAccessor7
instanceKlass jdk/internal/reflect/GeneratedConstructorAccessor6
instanceKlass jdk/internal/reflect/GeneratedConstructorAccessor5
instanceKlass jdk/internal/reflect/GeneratedConstructorAccessor4
instanceKlass jdk/internal/reflect/GeneratedConstructorAccessor3
instanceKlass jdk/internal/reflect/GeneratedConstructorAccessor2
instanceKlass jdk/internal/reflect/BootstrapConstructorAccessorImpl
instanceKlass jdk/internal/reflect/GeneratedConstructorAccessor1
instanceKlass jdk/internal/reflect/DelegatingConstructorAccessorImpl
instanceKlass jdk/internal/reflect/NativeConstructorAccessorImpl
ciInstanceKlass jdk/internal/reflect/ConstructorAccessorImpl 1 1 27 10 100 7 100 1 1 1 1 1 1 1 1 1 1 100 100 100 1 1 12 1 1 1 1 1 1
ciInstanceKlass jdk/internal/reflect/DelegatingClassLoader 1 1 18 10 100 7 1 1 1 1 1 1 1 1 1 1 1 12 1 1
ciInstanceKlass jdk/internal/reflect/ConstantPool 1 1 138 10 9 10 10 10 10 10 10 10 10 10 10 10 10 10 10 10 10 10 10 10 7 7 8 10 100 100 1 1 1 1 1 1 1 1 1 1 1 1 1 1 1 1 1 1 1 1 1 1 1 1 1 1 1 1 1 1 1 1 1 1 1 1 1 1 1 1 1 1 1 1 1 1 1 1 1 1 1 1 1 1 1 1 1 1 1 1 1 1 1 1 1 1 1 1 1 1 1 1 1 1 1 1 1 1 12 12 12 12 12 12 12 12 12 12 12 12 12 12 12 12 12 12 12 12 12 1 1 7 12 1 1 1 1 1 1 1
instanceKlass jdk/internal/reflect/UnsafeFieldAccessorImpl
ciInstanceKlass jdk/internal/reflect/FieldAccessorImpl 1 1 59 10 100 7 100 1 1 1 1 1 1 1 1 1 1 100 1 1 1 1 1 1 1 1 1 1 1 1 1 1 1 1 1 1 100 1 1 1 1 1 1 1 1 1 1 1 1 1 1 1 1 1 1 12 1 1 1 1 1
instanceKlass jdk/internal/reflect/UnsafeQualifiedFieldAccessorImpl
instanceKlass jdk/internal/reflect/UnsafeIntegerFieldAccessorImpl
instanceKlass jdk/internal/reflect/UnsafeBooleanFieldAccessorImpl
instanceKlass jdk/internal/reflect/UnsafeObjectFieldAccessorImpl
instanceKlass jdk/internal/reflect/UnsafeStaticFieldAccessorImpl
ciInstanceKlass jdk/internal/reflect/UnsafeFieldAccessorImpl 1 1 254 10 9 10 10 9 10 9 10 10 9 10 10 10 10 100 10 10 10 8 10 10 100 8 10 8 10 8 10 100 10 10 8 10 8 10 8 10 8 10 8 10 8 10 8 10 8 10 8 10 10 8 8 8 8 8 8 10 8 8 8 10 10 7 7 1 1 1 1 1 1 1 1 1 1 1 1 1 1 1 1 7 1 1 1 1 1 1 1 1 1 1 1 1 1 1 1 7 100 1 1 1 1 1 1 1 1 1 1 1 1 1 1 1 1 1 1 1 1 1 1 1 1 1 1 1 1 1 1 1 1 1 1 1 1 1 1 1 12 12 12 7 12 12 7 12 12 12 12 12 12 12 7 12 12 1 12 12 1 12 1 1 12 1 12 1 12 1 12 1 12 1 100 12 1 100 12 1 100 12 1 100 12 1 100 12 1 100 12 1 100 12 1 100 12 12 1 1 1 1 1 1 12 1 1 1 12 12 1 1 1 1 1 1 1 1 1 1 1 1 1 1 1 1 1 1 1 1 1 1 1 1 1 1 1 1 1 1 1 1 1 1 1 1 1 1 1 1 1 1 1 1 1 1
staticfield jdk/internal/reflect/UnsafeFieldAccessorImpl unsafe Ljdk/internal/misc/Unsafe; jdk/internal/misc/Unsafe
instanceKlass jdk/internal/reflect/UnsafeStaticObjectFieldAccessorImpl
instanceKlass jdk/internal/reflect/UnsafeQualifiedStaticFieldAccessorImpl
ciInstanceKlass jdk/internal/reflect/UnsafeStaticFieldAccessorImpl 1 1 43 10 9 10 9 7 7 8 10 7 1 1 1 1 1 1 1 1 1 1 1 1 1 1 1 12 12 7 12 12 1 1 7 12 1 1 1 1 1 1 1 1 1
ciInstanceKlass jdk/internal/reflect/CallerSensitive 1 1 17 100 100 100 1 1 1 1 1 1 1 1 1 1 1 1 1
instanceKlass java/lang/invoke/DelegatingMethodHandle
instanceKlass java/lang/invoke/BoundMethodHandle
instanceKlass java/lang/invoke/DirectMethodHandle
ciInstanceKlass java/lang/invoke/MethodHandle 1 1 486 9 10 10 7 7 10 9 10 10 10 10 10 10 11 10 10 10 9 10 100 100 10 8 10 10 8 10 10 10 10 10 10 10 10 10 10 7 10 10 10 8 10 8 10 10 10 10 8 10 8 10 8 10 9 100 10 9 9 8 10 10 10 10 10 10 10 10 10 10 10 8 10 8 10 10 10 10 10 9 8 10 10 8 10 10 10 10 10 100 8 10 10 9 10 7 10 10 9 10 10 8 9 9 9 10 10 10 7 10 8 10 100 1 1 1 1 1 1 1 1 1 1 1 1 1 1 1 1 1 1 1 1 1 1 1 1 100 1 1 1 1 1 1 1 1 1 1 1 1 1 1 1 1 1 1 1 1 1 1 1 1 1 1 1 1 1 1 1 1 1 1 1 1 1 1 1 1 1 1 1 1 1 1 1 1 1 1 1 1 1 1 1 1 1 1 1 1 1 1 1 1 1 7 1 1 1 1 1 1 1 1 1 1 1 1 1 1 1 1 1 1 1 1 1 1 1 1 1 1 1 1 1 100 1 1 1 1 1 1 1 1 1 1 1 1 1 7 1 1 1 1 1 1 1 1 1 1 1 1 1 1 1 1 1 1 1 1 1 1 12 12 7 12 1 1 12 12 12 12 12 100 12 12 12 100 12 12 12 12 12 12 1 1 1 12 12 1 12 12 7 12 12 12 12 12 12 12 7 12 1 12 12 12 1 7 12 1 12 12 12 12 1 12 1 12 1 100 12 12 1 100 12 100 1 12 12 12 12 12 12 12 12 12 12 12 1 12 1 12 12 12 12 12 12 1 12 12 1 12 12 7 12 12 1 1 12 12 12 1 100 12 12 12 12 12 1 12 12 12 7 12 12 12 1 12 12 1 1 1 1 1 1 1 1 1 1 1 1 1 1 1 1 1 1 1 1 1 1 1 1 1 1 1 1 1 1 1 1 1 1 1 1 1 1 1 1 1 1 1 1 1 1 1 1 1 1 1 1 1 1 1 1 1 1 1 1 1 1 1 1 1 1 1 1 1 1 1 1 1 1 1 1 1 1 1 1 1 1 1 1 1 1 1 1 1 1 1 1 1 1 1 1 1 1 1
staticfield java/lang/invoke/MethodHandle FORM_OFFSET J 20
staticfield java/lang/invoke/MethodHandle $assertionsDisabled Z 1
instanceKlass java/lang/invoke/DirectMethodHandle$Interface
instanceKlass java/lang/invoke/DirectMethodHandle$Special
instanceKlass java/lang/invoke/DirectMethodHandle$Constructor
instanceKlass java/lang/invoke/DirectMethodHandle$Accessor
ciInstanceKlass java/lang/invoke/DirectMethodHandle 1 1 922 7 7 100 7 7 10 10 100 10 10 10 10 10 10 7 7 10 10 10 10 10 10 9 100 10 9 10 10 10 10 10 10 7 10 10 10 8 10 7 10 7 10 10 10 10 10 10 100 10 10 7 10 10 10 10 8 10 10 10 10 10 9 7 10 10 10 100 10 8 10 10 10 10 10 10 10 10 10 10 10 10 10 10 10 10 10 10 10 8 9 8 9 9 8 9 9 8 9 9 8 10 10 7 9 7 10 100 10 10 10 10 7 10 10 10 7 10 10 10 10 10 9 10 9 9 10 10 7 7 7 9 10 10 10 10 9 10 100 10 100 10 10 8 9 9 10 9 10 9 9 10 10 10 10 10 10 10 9 10 10 10 10 10 9 10 9 9 9 9 9 9 9 9 9 9 9 9 9 9 9 9 9 9 9 9 9 9 9 9 9 9 9 9 9 9 9 9 9 9 9 9 9 8 9 9 10 100 10 9 10 7 9 10 10 10 10 10 8 8 8 8 10 9 10 7 10 8 9 10 8 8 8 9 8 8 8 8 8 8 7 8 10 10 8 8 10 10 10 10 7 7 1 1 1 1 1 1 1 100 1 1 1 1 7 1 1 1 1 1 3 1 3 1 3 1 3 1 3 1 3 1 3 1 1 3 1 1 3 1 3 1 1 1 1 1 1 1 1 1 1 1 1 1 1 3 1 3 1 1 1 1 3 1 1 1 1 1 1 1 1 1 1 1 1 1 1 1 1 1 1 1 1 7 1 1 1 1 1 1 1 1 1 1 1 1 1 1 1 1 1 1 1 1 1 1 1 1 1 1 1 1 1 1 1 1 1 1 1 1 1 1 1 1 1 1 1 7 1 1 1 1 1 1 1 1 1 1 1 1 1 1 1 1 1 1 1 1 1 1 1 100 1 1 1 1 1 1 1 1 1 1 1 1 1 1 1 1 1 1 1 1 1 1 1 1 1 1 1 1 1 100 1 1 1 1 1 1 1 1 1 1 1 1 1 1 1 1 1 1 1 1 1 1 1 1 1 1 1 1 1 1 1 1 1 1 1 1 1 1 1 1 1 1 1 1 1 1 1 1 1 1 1 1 1 1 1 1 1 1 1 1 1 1 1 7 1 1 1 1 12 12 1 12 12 12 12 12 12 1 1 12 12 12 12 12 12 12 1 12 12 12 12 12 12 12 1 12 12 12 1 12 1 12 1 12 12 12 12 12 1 12 12 1 12 12 12 12 12 12 12 12 12 7 12 1 12 7 12 12 1 1 12 12 12 12 12 12 12 12 12 12 12 12 7 12 12 12 12 12 1 12 1 12 12 1 12 12 1 12 12 1 12 12 1 12 1 12 1 12 12 12 12 1 12 12 12 12 7 12 12 12 12 12 12 12 7 12 12 1 1 1 12 12 12 12 12 12 12 1 12 1 12 12 1 12 12 12 12 100 12 12 12 12 12 12 12 12 12 7 12 12 12 12 12 12 12 12 12 12 12 12 12 12 12 12 12 12 12 12 12 12 12 12 12 12 12 12 12 12 12 12 12 12 12 12 12 12 12 12 12 12 12 12 12 12 1 12 12 12 1 12 7 12 1 12 12 12 12 12 1 1 1 1 12 12 12 1 100 12 12 12 12 1 1 12 12 1 12 12 12 12 1 1 1 1 1 1 1 1 1 1 1 1 1 1 1 1 1 1 1 1 1 1 1 1 1 1 1 1 1 1 1 1 1 1 1 1 1 1 1 1 1 1 1 1 1 1 1 1 1 1 1 1 1 1 1 1 1 1 1 1 1 1 1 1 1 1 1 1 1 1 1 1 1 1 1 1 1 1 1 1 1 1 1 1 1 1 1 1 1 1 1 1 1 1 1 1 1 1 1 1 1 1 1 1 1 1 1 1 1 1 1 1 1 1 1 1 1 1 1 1 1 1 1 1 1 1 1 1 1 1 1 1 1 1 1 1 1 1 1 1 1 1 1 1 1 1 1 1 1 1 1 1 1 1 1 1 1 1 1 1 1 1 1 1 1 1 1 1 1 1 1 1 1 1 1 1 1 1 1 1 1 1 1 1 1 1 1 1 1 1
staticfield java/lang/invoke/DirectMethodHandle IMPL_NAMES Ljava/lang/invoke/MemberName$Factory; java/lang/invoke/MemberName$Factory
staticfield java/lang/invoke/DirectMethodHandle FT_UNCHECKED_REF I 8
staticfield java/lang/invoke/DirectMethodHandle ACCESSOR_FORMS [Ljava/lang/invoke/LambdaForm; 132 [Ljava/lang/invoke/LambdaForm;
staticfield java/lang/invoke/DirectMethodHandle ALL_WRAPPERS [Lsun/invoke/util/Wrapper; 10 [Lsun/invoke/util/Wrapper;
staticfield java/lang/invoke/DirectMethodHandle NFS [Ljava/lang/invoke/LambdaForm$NamedFunction; 12 [Ljava/lang/invoke/LambdaForm$NamedFunction;
staticfield java/lang/invoke/DirectMethodHandle OBJ_OBJ_TYPE Ljava/lang/invoke/MethodType; java/lang/invoke/MethodType
staticfield java/lang/invoke/DirectMethodHandle LONG_OBJ_TYPE Ljava/lang/invoke/MethodType; java/lang/invoke/MethodType
staticfield java/lang/invoke/DirectMethodHandle $assertionsDisabled Z 1
instanceKlass java/lang/invoke/VarHandleObjects$FieldStaticReadOnly
instanceKlass java/lang/invoke/VarHandleLongs$Array
instanceKlass java/lang/invoke/VarHandleLongs$FieldInstanceReadOnly
instanceKlass java/lang/invoke/VarHandleObjects$Array
instanceKlass java/lang/invoke/VarHandleObjects$FieldInstanceReadOnly
instanceKlass java/lang/invoke/VarHandleInts$FieldInstanceReadOnly
ciInstanceKlass java/lang/invoke/VarHandle 1 1 298 10 9 100 10 9 10 10 10 9 10 10 9 9 10 10 10 10 10 10 10 9 100 10 9 10 10 7 7 10 10 10 9 10 9 10 10 10 100 10 9 9 10 10 10 10 10 10 10 7 10 10 9 8 10 7 10 7 100 1 1 100 1 100 1 100 1 1 1 1 1 1 1 1 1 1 1 1 1 1 1 1 1 1 1 1 1 1 1 1 1 1 100 1 1 1 1 1 1 1 1 1 1 1 1 1 1 1 1 1 1 1 1 1 1 1 1 1 1 1 1 1 1 1 1 1 1 1 1 1 1 1 1 1 1 1 1 1 1 1 1 1 1 1 100 1 1 1 1 1 1 1 1 1 100 1 1 1 1 1 1 1 100 1 1 1 100 1 1 1 1 1 1 1 1 1 1 1 1 12 12 1 12 12 12 12 12 12 12 12 12 12 12 12 12 12 100 12 12 1 12 12 12 1 1 12 100 12 12 12 12 12 12 12 12 1 7 12 12 7 12 12 12 12 12 12 12 1 7 12 12 12 1 12 1 1 1 1 1 1 1 1 1 1 1 1 1 1 1 1 1 1 1 1 1 1 1 1 1 1 1 1 1 1 1 1 1 1 1 1 1 1 1 1 1 1 1 1 1 1 1 1 1 1 1 1 1 1 1 1 1 1 1 1 1 1 1 1
staticfield java/lang/invoke/VarHandle AIOOBE_SUPPLIER Ljava/util/function/BiFunction; jdk/internal/util/Preconditions$1
staticfield java/lang/invoke/VarHandle VFORM_OFFSET J 12
staticfield java/lang/invoke/VarHandle $assertionsDisabled Z 1
ciInstanceKlass java/lang/invoke/MemberName 1 1 747 7 7 100 9 10 9 10 10 10 10 10 10 10 9 10 100 100 10 8 10 10 10 10 9 8 10 7 7 10 10 100 100 7 10 9 100 8 10 10 10 10 10 10 10 10 10 10 8 8 8 10 10 9 3 10 10 10 10 10 10 10 10 10 7 8 10 10 8 9 8 9 10 8 10 10 10 10 10 100 10 10 8 10 10 8 10 10 7 10 10 8 8 100 10 10 100 10 10 10 10 10 10 10 10 10 3 10 3 10 3 3 3 3 3 3 100 10 10 10 3 9 10 3 10 10 10 10 10 10 10 10 10 10 10 10 10 10 100 10 10 10 100 10 10 10 10 10 10 8 10 10 10 10 10 10 10 10 10 10 10 10 10 100 10 100 8 10 7 10 10 10 10 10 8 8 8 8 10 10 10 8 8 10 8 10 10 10 8 8 10 10 8 10 8 10 10 10 8 8 8 100 10 8 8 8 8 10 100 100 100 10 100 10 100 10 9 10 100 100 7 1 1 1 1 1 1 1 1 1 1 1 1 1 1 1 1 1 3 1 3 1 3 1 3 1 3 1 3 1 1 1 1 1 1 1 1 3 1 1 1 1 3 1 1 1 1 1 1 1 1 1 1 1 1 1 1 1 1 1 1 1 1 1 1 1 1 1 1 1 1 1 1 1 1 1 1 1 1 1 1 1 1 1 1 1 1 1 1 1 1 1 1 1 1 1 1 1 1 1 1 1 1 1 1 1 1 1 1 1 1 1 1 1 1 1 1 1 1 1 1 1 1 1 1 1 1 1 1 1 1 1 1 1 1 1 1 1 1 1 1 1 1 1 1 1 1 1 1 1 1 1 1 1 1 1 1 1 1 1 1 1 1 1 7 1 1 1 1 1 1 1 1 1 1 1 100 1 1 1 1 1 1 100 1 1 1 1 1 1 1 1 1 1 1 1 1 1 1 1 1 1 1 1 1 1 1 1 1 1 1 1 1 1 1 1 1 1 1 1 1 1 1 1 1 1 1 1 1 1 1 100 1 1 100 1 1 1 1 1 1 1 1 1 7 1 1 12 12 12 12 12 12 12 12 12 12 100 12 12 1 1 12 1 12 12 12 12 12 1 100 12 1 1 12 1 12 12 1 1 12 12 12 12 12 12 12 12 12 12 1 1 1 100 12 12 12 12 12 12 12 12 12 12 12 1 12 12 100 100 12 1 12 12 12 12 12 1 12 12 1 12 12 1 12 12 1 12 12 1 1 1 12 100 12 1 12 12 12 12 12 12 12 12 12 12 100 1 12 7 12 12 12 12 12 7 12 12 12 12 12 12 12 12 12 1 12 1 12 12 12 12 12 12 12 12 12 12 12 12 12 1 12 1 1 1 12 12 12 12 12 1 1 1 1 12 12 12 1 1 12 1 12 12 1 1 12 1 12 1 12 12 12 1 1 1 1 1 1 1 1 12 1 1 1 1 1 12 12 12 1 1 1 1 1 1 1 1 1 1 1 1 1 1 1 1 1 1 1 1 1 1 1 1 1 1 1 1 1 1 1 1 1 1 1 1 1 1 1 1 1 1 1 1 1 1 1 1 1 1 1 1 1 1 1 1 1 1 1 1 1 1 1 1 1 1 1 1 1 1 1 1 1 1 1 1 1 1 1 1 1 1 1 1 1 1 1 1 1 1 1 1 1 1 1 1 1
staticfield java/lang/invoke/MemberName $assertionsDisabled Z 1
ciInstanceKlass java/lang/invoke/ResolvedMethodName 1 1 16 10 100 100 1 1 1 1 1 1 1 1 1 12 1 1
ciInstanceKlass java/lang/invoke/MethodHandleNatives 1 1 660 100 10 9 10 100 10 10 10 10 8 8 8 8 8 8 8 8 8 8 7 10 7 10 10 7 10 10 8 10 8 10 8 10 9 8 10 100 10 100 100 8 7 7 10 10 7 9 10 10 10 7 10 10 10 10 10 9 8 10 8 10 8 8 8 100 10 8 10 10 10 100 8 10 7 8 10 8 8 8 8 8 10 10 10 10 10 7 10 100 100 10 10 8 8 10 10 10 8 10 8 8 10 10 100 10 7 9 10 10 10 9 10 9 9 10 10 10 7 7 10 10 10 10 10 8 10 10 10 10 10 10 100 8 10 9 10 10 100 10 10 100 100 10 10 100 100 10 100 10 10 10 10 10 10 10 10 10 10 10 10 8 100 10 10 10 10 10 10 7 10 10 10 10 1 1 7 1 1 1 1 1 1 1 1 1 1 1 1 1 1 1 1 1 100 1 1 1 1 1 1 1 1 1 1 1 1 1 1 1 1 1 1 1 1 1 1 1 1 1 1 1 1 1 1 1 1 1 1 1 1 1 1 1 1 1 1 1 1 1 1 1 1 1 1 1 1 1 100 1 1 1 1 1 1 1 1 1 1 1 1 1 1 1 1 1 1 1 1 1 1 7 1 1 1 1 1 1 1 1 1 1 1 1 1 1 1 1 1 1 1 1 1 1 1 1 1 1 1 1 1 1 1 1 1 1 1 1 1 1 1 1 1 1 7 1 1 1 1 1 1 1 1 1 1 1 1 100 1 1 1 1 1 1 1 1 1 1 1 1 1 1 7 1 1 1 1 1 1 1 1 1 1 1 1 1 1 100 1 1 1 1 1 1 1 1 1 1 1 1 1 1 1 1 12 12 12 1 12 12 12 1 1 1 1 1 1 1 1 1 1 1 12 1 12 12 1 12 1 12 1 12 1 12 100 12 1 100 12 1 12 1 1 1 1 1 12 1 7 12 12 12 12 1 12 7 12 12 12 12 12 1 12 1 12 1 1 1 1 12 1 12 12 100 12 1 100 12 1 1 12 1 1 1 1 1 12 12 12 12 12 1 12 1 1 12 12 1 1 12 12 1 100 12 1 1 12 12 1 12 1 12 7 12 12 12 12 12 12 12 12 12 1 1 12 12 12 7 12 12 1 12 12 12 12 7 12 12 1 1 12 12 12 1 12 12 1 1 1 1 1 12 12 12 12 12 12 12 12 12 1 1 12 12 12 12 12 12 1 12 12 12 1 1 1 1 1 100 1 1 1 1 1 1 1 1 1 1 1 1 1 1 1 1 1 1 1 1 1 1 1 1 1 1 1 1 1 1 1 1 1 1 1 1 1 1 1 1 1 1 1 1 1 1 1 1 1 1 1 1 1 1 1 1 1 1 1 1 1 1 1 1 1 1 1 1 1 1 1 1 1 1 1 1 1 1 1 1 1 1 1 1 1 1 1 1 1 1 1 1 1 1 1 1 1 1 1 1 1 1 1 1 1 1 1 1 1 1 1 1
staticfield java/lang/invoke/MethodHandleNatives $assertionsDisabled Z 1
ciInstanceKlass java/lang/invoke/LambdaForm 1 1 1075 100 9 10 10 9 9 10 100 10 9 10 9 10 7 9 9 9 9 10 7 10 7 10 10 10 10 10 10 9 100 10 9 10 10 10 10 10 7 10 10 8 10 10 10 7 10 10 7 10 10 9 9 9 10 9 10 10 100 10 9 10 10 100 10 10 10 10 10 10 10 8 10 10 8 8 9 9 9 10 10 10 9 10 10 10 10 10 10 9 10 8 8 8 8 8 8 8 8 10 9 7 10 9 10 10 10 10 10 10 10 10 10 10 10 10 10 10 100 8 10 10 10 10 8 10 8 8 10 9 10 10 100 10 10 10 10 9 8 10 10 10 10 10 9 8 10 100 10 10 9 9 8 10 10 100 100 10 10 8 8 100 8 10 10 10 8 8 9 10 10 8 8 8 100 8 100 8 100 8 10 8 9 10 10 9 10 10 10 10 10 10 10 10 10 10 8 100 10 10 9 10 8 8 100 8 8 8 8 8 8 8 8 10 10 10 10 8 8 8 10 8 10 8 8 8 8 8 10 10 10 10 10 10 10 10 10 10 10 9 8 10 9 10 9 9 9 9 7 10 9 10 10 7 8 10 9 7 10 8 100 10 9 9 10 7 10 10 10 9 10 10 10 9 10 10 10 9 10 9 7 9 10 9 10 100 10 7 9 100 1 1 100 1 100 1 1 1 7 1 7 1 1 1 1 1 1 1 1 1 1 1 1 1 1 1 1 1 1 1 1 1 3 1 3 1 1 1 1 1 3 1 1 1 7 1 1 1 1 1 1 1 1 1 1 1 1 1 1 1 1 1 1 1 1 1 1 1 1 1 1 1 1 1 1 1 1 1 1 1 1 1 1 1 1 1 1 1 1 1 1 1 1 1 1 1 1 1 1 1 1 1 1 1 1 1 1 1 1 1 1 1 1 1 1 1 1 1 1 1 1 1 1 1 1 1 1 1 1 1 1 1 1 1 1 1 1 1 1 1 1 1 1 1 1 1 1 1 1 1 1 100 1 1 1 1 1 1 1 1 1 1 1 1 1 1 1 1 1 1 1 1 1 1 1 1 1 1 1 1 1 1 1 1 1 1 1 1 1 1 1 1 1 1 1 1 1 1 1 1 1 1 1 1 1 1 1 1 1 1 1 1 1 1 7 1 1 1 1 1 1 1 1 1 1 1 1 1 1 1 1 1 1 1 1 1 1 1 1 100 1 1 1 1 1 1 1 1 1 1 1 1 1 1 1 1 1 1 1 1 100 1 1 1 1 1 1 1 1 1 1 1 1 1 1 1 1 1 1 1 1 1 1 1 1 1 1 1 1 1 1 1 1 1 1 1 1 1 1 1 1 1 1 1 1 1 1 1 1 1 1 1 100 1 1 1 1 1 1 1 1 1 1 1 1 1 1 1 1 1 1 1 1 1 1 1 1 100 1 1 1 100 1 1 12 12 12 12 12 12 1 12 12 12 7 12 12 12 12 12 12 1 12 1 12 12 100 12 100 12 12 12 12 1 12 12 12 12 12 12 12 1 12 1 12 12 12 1 12 12 1 12 12 12 12 12 12 12 12 12 1 12 12 12 12 1 12 12 12 12 12 12 12 1 12 12 1 1 12 12 12 12 7 12 12 12 7 12 12 12 12 12 12 12 1 1 1 1 1 1 1 1 12 12 1 12 12 12 12 12 12 12 12 12 12 12 12 12 12 12 1 1 12 12 12 1 12 1 1 12 12 12 12 1 12 12 7 12 12 12 1 100 12 12 12 12 12 12 1 12 12 7 12 12 1 12 12 1 1 12 1 1 1 1 12 12 12 1 1 12 12 12 1 1 1 1 1 1 1 1 1 12 1 12 12 12 12 12 12 12 12 12 12 12 12 1 12 12 12 12 1 1 1 1 1 1 1 1 1 1 1 12 12 12 12 1 1 1 12 1 12 1 1 1 1 1 12 12 12 7 12 12 12 12 12 12 12 12 12 1 12 12 12 12 12 12 12 1 7 12 12 12 12 1 1 12 12 1 12 1 1 12 12 12 12 1 12 7 12 12 7 12 12 12 12 12 12 12 12 12 12 12 12 12 1 1 1 1 1 1 1 1 1 1 1 1 1 1 1 1 1 1 1 1 1 1 1 1 1 1 1 1 1 1 1 1 1 1 1 1 1 1 1 1 1 1 1 1 1 1 1 1 1 1 1 1 1 1 1 1 1 1 1 1 1 1 1 1 1 1 1 1 1 1 1 1 1 1 1 1 1 1 1 1 1 1 1 1 1 1 1 1 1 1 1 1 1 1 1 1 1 1 1 1 1 1 1 1 1 1 1 1 1 1 1 1 1 1 1 1 1 1 1 1 1 1 1 1 1 1 1 1 1 1 1 1 1 1 1 1 1 1 1 1 1 1 1 1 1 1 1 1 1 1 1 1 1 1 1 1 1 1 1 1 1
staticfield java/lang/invoke/LambdaForm COMPILE_THRESHOLD I 0
staticfield java/lang/invoke/LambdaForm INTERNED_ARGUMENTS [[Ljava/lang/invoke/LambdaForm$Name; 5 [[Ljava/lang/invoke/LambdaForm$Name;
staticfield java/lang/invoke/LambdaForm IMPL_NAMES Ljava/lang/invoke/MemberName$Factory; java/lang/invoke/MemberName$Factory
staticfield java/lang/invoke/LambdaForm LF_identity [Ljava/lang/invoke/LambdaForm; 6 [Ljava/lang/invoke/LambdaForm;
staticfield java/lang/invoke/LambdaForm LF_zero [Ljava/lang/invoke/LambdaForm; 6 [Ljava/lang/invoke/LambdaForm;
staticfield java/lang/invoke/LambdaForm NF_identity [Ljava/lang/invoke/LambdaForm$NamedFunction; 6 [Ljava/lang/invoke/LambdaForm$NamedFunction;
staticfield java/lang/invoke/LambdaForm NF_zero [Ljava/lang/invoke/LambdaForm$NamedFunction; 6 [Ljava/lang/invoke/LambdaForm$NamedFunction;
staticfield java/lang/invoke/LambdaForm createFormsLock Ljava/lang/Object; java/lang/Object
staticfield java/lang/invoke/LambdaForm DEBUG_NAME_COUNTERS Ljava/util/HashMap; null
staticfield java/lang/invoke/LambdaForm DEBUG_NAMES Ljava/util/HashMap; null
staticfield java/lang/invoke/LambdaForm TRACE_INTERPRETER Z 0
staticfield java/lang/invoke/LambdaForm $assertionsDisabled Z 1
ciInstanceKlass java/lang/invoke/MethodType 1 1 674 7 10 9 9 9 10 9 8 10 10 9 9 10 100 10 8 10 10 10 100 8 10 100 10 10 10 10 11 9 11 7 7 10 10 9 10 10 10 10 10 10 9 7 10 7 10 10 10 10 10 10 10 10 10 8 8 10 9 100 10 10 10 10 10 10 10 10 10 8 10 10 10 10 10 10 10 10 10 9 10 10 10 10 9 7 10 10 10 10 10 10 10 10 100 8 8 8 10 10 10 10 11 11 10 9 10 10 10 10 10 10 10 10 10 10 10 10 9 7 10 10 10 10 10 10 10 8 10 11 9 10 10 10 10 10 9 9 10 9 10 10 100 10 7 10 7 7 9 100 1 1 100 1 1 1 1 5 0 1 1 1 1 1 1 1 1 1 1 1 1 1 1 1 1 1 1 1 3 1 3 1 3 1 1 1 1 1 1 1 1 1 1 1 1 1 1 1 1 1 1 1 1 1 1 1 1 1 1 1 1 1 1 1 1 1 1 1 1 1 1 1 1 1 1 1 1 1 1 1 1 1 1 1 1 1 1 1 1 1 1 1 1 1 1 1 1 1 1 1 1 1 1 1 1 1 1 1 1 1 1 1 1 1 1 1 1 1 1 1 1 1 1 1 1 1 1 1 1 1 1 1 1 1 1 1 1 1 1 1 1 1 1 1 1 1 1 1 1 1 1 1 1 1 1 1 1 1 1 1 1 1 1 1 1 1 1 1 1 1 1 1 1 1 1 1 1 1 1 1 1 1 1 1 1 1 1 1 1 1 1 1 1 1 1 1 1 1 1 7 1 1 1 1 1 1 1 1 1 1 1 1 1 1 1 1 1 1 1 1 1 1 1 100 1 1 1 1 1 1 1 1 1 1 1 100 100 1 100 100 1 1 1 1 1 1 1 1 1 1 1 1 100 1 1 1 100 1 1 1 1 1 1 1 100 1 12 12 12 12 7 12 7 12 1 100 12 12 7 7 12 1 1 12 12 12 1 1 12 1 12 12 12 12 12 12 1 7 12 12 12 12 12 12 7 12 12 12 12 1 12 1 12 12 7 12 12 12 12 12 12 12 1 1 12 12 1 12 12 12 12 100 12 12 12 1 12 100 12 12 12 12 12 12 12 12 12 12 12 12 12 1 12 100 12 12 7 12 12 12 1 1 1 1 12 12 12 12 12 100 12 12 12 12 12 12 12 12 12 12 12 12 12 12 1 12 12 12 12 12 12 12 1 7 12 12 12 12 12 100 12 12 12 12 12 100 12 12 100 12 12 12 1 1 1 12 1 1 1 1 1 1 1 1 1 1 1 1 1 1 1 1 1 1 1 1 1 1 1 1 1 1 1 1 1 1 1 1 1 1 1 1 1 1 1 1 1 1 1 1 1 1 1 1 1 1 1 1 1 1 1 1 1 1 1 1 1 1 1 1 1 1 1 1 1 1 1 1 1 1 1 1 1 1 1 1 1 1 1 1 1 1 1 1 1 1 1 1 1 1 1 1 1 1 1 1 1 1 1 1 1 1 1 1
staticfield java/lang/invoke/MethodType internTable Ljava/lang/invoke/MethodType$ConcurrentWeakInternSet; java/lang/invoke/MethodType$ConcurrentWeakInternSet
staticfield java/lang/invoke/MethodType NO_PTYPES [Ljava/lang/Class; 0 [Ljava/lang/Class;
staticfield java/lang/invoke/MethodType objectOnlyTypes [Ljava/lang/invoke/MethodType; 20 [Ljava/lang/invoke/MethodType;
staticfield java/lang/invoke/MethodType METHOD_HANDLE_ARRAY [Ljava/lang/Class; 1 [Ljava/lang/Class;
staticfield java/lang/invoke/MethodType serialPersistentFields [Ljava/io/ObjectStreamField; 0 [Ljava/io/ObjectStreamField;
staticfield java/lang/invoke/MethodType $assertionsDisabled Z 1
ciInstanceKlass java/lang/BootstrapMethodError 0 0 45 10 10 10 10 10 100 100 1 1 1 5 0 1 1 1 1 1 1 1 1 1 1 1 1 1 1 1 100 100 1 1 12 12 12 12 12 1 1 1 1 1 1 1 1
instanceKlass java/lang/invoke/VolatileCallSite
instanceKlass java/lang/invoke/MutableCallSite
instanceKlass java/lang/invoke/ConstantCallSite
ciInstanceKlass java/lang/invoke/CallSite 1 1 299 10 10 9 10 9 10 10 100 7 10 7 10 10 10 100 100 10 10 10 8 10 10 10 10 10 10 10 10 9 9 7 8 10 10 100 10 9 8 100 10 10 100 8 10 10 10 100 10 10 10 10 10 9 9 8 10 9 100 10 10 10 10 10 10 100 8 10 10 100 100 100 8 10 10 1 1 1 7 1 1 1 1 1 1 1 1 1 1 1 1 1 1 1 1 1 1 1 1 1 1 1 1 1 1 1 1 1 1 1 1 1 1 1 1 1 1 1 7 1 1 1 1 1 1 1 1 1 1 1 1 1 1 1 1 1 1 1 1 1 1 1 1 1 1 1 1 1 1 1 1 1 1 1 1 1 1 1 100 7 1 1 1 1 1 1 12 12 12 12 12 12 12 1 1 12 1 12 12 12 1 1 12 12 1 12 12 12 12 12 7 12 12 12 7 12 1 12 12 1 100 12 12 12 12 1 1 12 12 1 12 12 12 12 12 12 12 100 12 12 1 100 12 12 12 12 7 12 1 1 12 1 1 1 1 12 12 1 1 1 1 1 1 1 1 1 1 1 1 1 1 1 1 1 1 1 1 1 1 1 1 1 1 1 1 1 1 1 1 1 1 1 1 1 1 1 1 1 1 1 1 1 1 1 1 1 1 1 1 1 1 1 1 1 1 1 1 1 1
staticfield java/lang/invoke/CallSite $assertionsDisabled Z 1
ciInstanceKlass java/lang/invoke/MethodHandleNatives$CallSiteContext 1 1 49 10 7 10 10 10 10 7 100 1 1 1 1 1 1 1 1 1 1 1 1 1 1 1 1 1 1 7 12 1 7 12 7 12 12 1 1 1 1 1 1 1 1 100 1 1 1 1 1
ciInstanceKlass java/lang/invoke/ConstantCallSite 1 1 49 10 9 10 100 10 9 100 10 10 7 7 1 1 1 1 1 1 1 1 1 1 1 1 1 1 1 1 100 1 1 1 1 1 1 1 1 12 12 12 1 12 12 1 12 1 1 1 1
ciInstanceKlass java/lang/invoke/MutableCallSite 1 1 67 10 10 9 10 10 10 9 10 10 7 10 7 7 1 1 1 1 1 1 1 1 1 1 1 1 1 1 1 1 1 1 1 1 1 1 1 1 1 100 1 1 1 1 12 12 12 12 12 12 12 12 100 12 1 12 1 1 1 1 1 1 1 1 1 1 1
staticfield java/lang/invoke/MutableCallSite STORE_BARRIER Ljava/util/concurrent/atomic/AtomicInteger; java/util/concurrent/atomic/AtomicInteger
ciInstanceKlass java/lang/invoke/VolatileCallSite 0 0 41 10 10 10 10 10 10 100 100 1 1 1 1 1 1 1 1 1 1 1 1 1 1 1 1 1 1 1 12 12 12 12 12 12 1 1 1 1 1 1 1
ciInstanceKlass java/lang/AssertionStatusDirectives 0 0 24 10 100 100 1 1 1 1 1 1 1 1 1 1 1 1 1 1 1 1 1 12 1 1
instanceKlass java/lang/StringBuilder
instanceKlass java/lang/StringBuffer
ciInstanceKlass java/lang/AbstractStringBuilder 1 1 522 7 7 10 9 9 9 9 10 9 10 10 10 10 10 10 10 10 7 3 10 3 100 10 10 100 10 10 10 10 10 10 10 100 10 10 10 10 10 10 10 10 10 10 10 10 10 10 10 10 10 10 10 11 10 10 8 10 10 10 10 10 10 10 10 10 10 10 10 10 10 10 10 10 10 10 10 10 10 10 10 10 10 10 10 10 10 10 10 10 10 10 18 100 10 18 10 10 10 11 10 10 10 100 10 8 10 10 8 8 10 10 10 10 100 10 100 10 100 10 7 100 7 1 1 1 1 1 1 1 1 1 1 1 1 1 1 1 1 1 1 1 1 1 1 1 1 1 1 100 1 1 1 1 1 1 1 1 1 1 1 1 1 1 1 1 1 1 1 1 1 1 1 1 1 1 1 1 1 1 1 1 1 1 1 1 1 1 1 1 1 1 1 1 1 1 1 1 1 1 1 1 1 1 1 1 1 1 1 1 1 1 1 1 1 1 1 1 1 1 1 1 1 1 1 1 1 1 1 1 1 1 1 1 1 1 1 1 1 1 1 1 1 1 1 1 1 1 1 1 1 1 1 1 1 1 1 1 1 1 1 1 1 1 1 1 1 1 1 1 1 1 1 1 1 1 1 1 1 1 1 1 1 1 1 1 1 1 1 1 1 100 1 1 1 1 1 1 100 1 1 1 100 1 1 1 1 1 1 1 1 1 12 12 12 12 12 7 12 12 12 7 12 12 12 12 12 7 12 1 12 1 12 1 12 12 12 12 12 12 1 12 7 12 12 12 12 12 12 12 12 12 12 12 12 12 12 12 12 12 1 12 12 12 12 12 12 7 12 12 12 7 12 12 12 12 12 12 12 12 12 7 12 12 12 12 12 12 12 12 12 12 12 12 12 12 12 12 1 15 16 15 16 12 1 100 12 15 12 12 12 12 12 12 1 1 12 12 1 1 12 12 12 1 1 12 1 1 1 1 1 1 1 1 1 1 1 1 1 1 1 1 1 1 1 1 1 1 1 1 1 1 1 1 1 1 1 1 1 1 1 1 1 1 1 1 1 1 1 1 1 1 1 1 1 1 1 1 1 1 1 1 1 1 1 1 1 1 1 1 1 10 1 10 1 1 1 1 1 10 1 1 1 1 1 1 1 1 1 1 100 12 12 12 1 1 100 1 1 100 1 1
staticfield java/lang/AbstractStringBuilder EMPTYVALUE [B 0
ciInstanceKlass java/lang/StringBuffer 1 1 471 10 10 10 11 10 10 10 9 10 10 10 9 10 10 10 10 10 10 10 10 10 10 10 10 10 10 10 10 10 10 10 10 10 10 10 10 10 10 10 10 10 10 10 10 10 10 10 10 10 10 10 10 10 10 10 10 10 9 10 10 100 10 10 10 10 10 8 10 8 10 8 10 10 10 10 7 10 100 8 10 10 10 10 10 10 10 10 10 10 10 10 10 10 10 10 10 10 10 10 10 10 10 10 10 10 10 10 10 10 10 10 10 10 7 10 7 10 9 9 9 7 100 100 7 1 1 1 1 1 5 0 1 1 1 1 1 1 1 1 1 1 1 1 1 1 1 1 1 1 1 1 1 1 1 1 1 1 1 1 1 1 1 1 1 1 1 1 1 1 1 1 1 1 1 1 1 1 1 1 1 1 1 1 1 1 1 1 1 1 1 1 1 1 1 1 1 1 1 1 1 1 1 1 1 1 1 1 1 1 1 1 1 1 1 1 1 1 1 1 1 1 1 1 1 1 1 1 1 1 1 1 1 1 1 1 1 1 1 1 1 1 1 1 1 1 1 1 1 1 1 1 1 1 1 1 1 1 100 1 1 1 1 1 100 1 1 1 100 1 1 100 1 1 1 1 1 1 1 1 1 1 1 1 1 1 1 1 1 1 1 1 1 1 1 1 1 1 1 1 1 1 1 1 1 1 1 1 1 1 1 1 1 1 1 1 1 12 12 12 12 12 12 12 12 12 12 12 12 12 12 12 12 12 12 12 12 12 12 12 12 12 12 12 12 12 12 12 12 12 12 12 12 12 12 12 12 12 12 12 12 12 12 12 12 12 12 12 12 12 12 7 12 100 1 12 100 12 12 1 12 1 12 1 12 12 100 12 12 12 1 1 12 12 12 12 12 12 12 12 12 12 12 12 12 12 12 12 12 12 12 12 12 12 12 12 12 12 12 12 12 12 12 12 12 1 12 1 12 7 12 7 12 1 1 1 1 1 1 1 1 1 1 1 1 1 1 1 1 1 1 1 1 1 1 1 1 1 1 1 1 1 1 1 1 1 1 1 1 1 1
staticfield java/lang/StringBuffer serialPersistentFields [Ljava/io/ObjectStreamField; 3 [Ljava/io/ObjectStreamField;
ciInstanceKlass java/lang/StringBuilder 1 1 409 10 10 10 11 10 10 10 10 10 10 10 10 10 10 10 10 10 10 10 10 10 10 10 10 10 10 10 10 10 10 10 10 10 10 10 10 10 10 10 10 10 10 9 9 10 10 10 10 10 10 10 10 10 10 10 100 100 8 10 10 10 10 10 10 10 10 10 10 10 10 10 10 10 10 10 10 10 10 10 10 10 10 10 10 10 10 10 10 10 10 10 10 10 10 10 10 10 10 10 10 10 10 10 10 10 7 10 7 100 100 100 1 1 1 5 0 1 1 1 1 1 1 1 1 1 1 1 1 1 1 1 1 1 1 1 1 1 1 1 1 1 1 1 1 1 1 1 1 1 1 1 1 1 1 1 1 1 1 1 1 1 1 1 1 1 1 1 1 1 1 1 1 1 1 1 1 1 1 1 1 1 1 1 1 1 1 1 1 1 1 1 1 1 1 1 1 1 1 1 1 1 1 1 7 1 1 1 1 1 7 1 1 1 7 1 1 1 1 1 1 1 1 1 1 1 1 1 1 1 1 1 1 1 1 1 1 1 1 1 1 1 1 1 1 1 1 1 1 1 1 1 1 1 1 1 1 1 1 1 1 1 1 1 1 1 1 1 1 1 1 1 1 1 1 12 12 12 12 12 12 12 12 12 12 12 12 12 12 12 12 12 12 12 12 12 12 12 12 12 12 12 12 12 12 12 12 12 12 12 12 12 12 12 12 12 12 7 12 7 100 12 12 12 12 12 100 12 12 12 1 1 12 12 12 12 12 12 12 12 12 12 12 12 12 12 12 12 12 12 12 12 12 12 12 12 12 12 12 12 12 12 12 12 12 12 12 12 12 12 12 12 12 12 12 12 12 1 12 1 1 1 1 1 1 1 1 1 1 1 1 1 1 1 1 1 1 1 1 1 1 1 1 1 1 1 1 1 1
ciInstanceKlass jdk/internal/misc/Unsafe 1 1 1196 10 9 9 10 10 10 10 10 10 10 10 10 10 10 10 10 10 10 10 10 100 10 10 10 5 0 10 10 10 10 10 10 10 10 10 100 10 10 10 10 10 10 10 10 10 10 10 10 10 10 5 0 5 0 5 0 10 10 10 100 10 10 10 10 10 10 10 10 10 100 10 10 10 10 8 10 8 8 10 9 9 9 9 9 9 9 9 10 10 10 10 5 0 5 0 9 10 10 10 10 10 8 3 10 10 10 10 10 10 10 10 10 10 10 10 10 10 10 10 10 10 10 10 10 10 10 10 10 10 10 10 10 10 10 10 10 10 10 10 10 10 10 10 10 10 10 10 10 10 10 10 10 10 10 10 10 10 10 10 10 10 10 10 10 10 10 10 10 10 10 10 10 10 10 10 10 10 10 10 10 10 10 10 10 10 10 10 10 10 10 10 10 10 10 10 10 10 10 10 100 10 100 10 9 5 0 10 5 0 10 5 0 10 10 10 10 10 10 10 10 10 10 10 10 10 10 10 10 10 10 10 10 10 10 10 10 10 10 10 10 10 10 10 5 0 5 0 5 0 10 10 10 10 10 8 7 11 8 11 10 10 7 10 7 10 9 7 9 7 9 7 9 7 9 7 9 7 9 7 9 7 9 10 9 9 9 9 9 9 9 9 9 10 10 10 7 1 1 1 1 1 3 1 1 1 1 1 1 1 1 1 1 1 1 1 1 1 1 1 1 1 1 1 1 1 1 1 1 1 1 1 1 1 1 1 1 1 1 1 1 1 1 1 1 1 1 1 1 1 1 1 1 1 1 1 1 1 1 1 1 1 1 1 1 1 1 1 1 1 1 1 1 1 1 1 1 1 1 1 1 1 1 1 1 1 1 1 1 1 1 1 1 1 1 1 1 1 1 1 1 1 1 1 1 1 1 1 1 1 1 1 1 1 1 1 1 1 1 1 1 1 7 1 1 1 1 1 1 1 1 1 1 1 1 1 1 1 1 1 1 1 1 1 1 1 1 1 1 1 1 1 1 1 1 1 1 1 1 1 1 1 1 1 1 1 1 1 1 1 1 1 1 1 1 1 1 1 1 1 1 1 1 1 1 1 1 1 1 1 1 1 1 1 1 1 1 1 1 7 1 1 1 1 1 1 1 1 1 1 1 1 1 1 1 1 1 1 1 1 1 1 1 1 1 1 1 1 1 1 1 1 1 1 1 1 1 1 1 1 1 1 1 1 1 1 1 1 1 1 1 1 1 1 1 1 1 1 1 1 1 1 1 1 1 1 1 1 1 1 1 1 1 1 1 1 1 1 1 1 1 1 1 1 1 1 1 1 1 1 1 1 1 1 1 1 1 1 1 1 1 1 1 1 1 1 1 1 1 1 1 1 1 1 1 1 1 1 1 1 1 1 1 1 1 1 1 1 1 1 1 1 1 1 1 1 1 1 1 1 1 1 1 1 1 1 1 1 1 1 1 1 1 1 1 1 1 1 1 1 1 1 1 1 1 1 1 1 1 1 1 1 1 1 1 1 1 1 1 1 1 1 1 1 1 1 1 1 1 1 1 1 1 1 1 1 1 1 1 1 1 1 1 1 1 1 1 1 1 1 1 1 1 1 1 1 1 1 1 1 1 1 1 1 1 1 1 1 1 1 1 1 1 1 1 1 1 1 1 1 1 1 1 1 1 1 1 1 1 1 1 1 1 1 1 1 1 1 1 1 1 1 1 1 1 1 1 1 1 1 1 1 1 1 1 1 1 1 1 1 1 1 1 1 1 1 1 1 1 1 1 1 1 1 1 1 1 1 1 1 1 1 1 1 1 1 1 1 1 1 1 1 1 1 1 1 1 1 1 1 1 1 1 1 1 1 1 1 1 1 1 1 1 1 1 1 1 1 1 1 1 1 1 1 1 1 1 1 1 1 1 1 1 1 1 1 1 1 1 1 1 1 1 1 1 1 1 1 1 1 1 1 1 1 1 1 1 1 1 1 1 1 1 1 1 1 1 1 1 1 1 1 1 1 1 7 1 1 1 12 12 12 12 7 12 12 12 12 12 12 12 12 12 12 12 12 12 12 12 12 1 12 12 12 12 12 12 12 12 12 12 12 1 12 12 12 12 12 12 12 12 12 12 12 12 12 12 12 12 1 12 12 12 12 12 12 12 12 1 12 12 12 1 12 1 1 12 7 12 100 7 7 100 100 100 12 12 12 12 12 12 12 12 12 12 1 12 12 12 12 12 12 12 12 12 12 12 12 12 12 12 12 12 12 12 12 12 12 12 12 12 12 12 12 12 12 12 12 12 12 12 12 12 12 12 12 12 12 12 12 12 12 12 12 12 12 12 12 12 12 12 12 12 12 12 12 12 12 12 12 12 12 12 12 12 12 12 12 12 12 12 12 12 12 12 12 12 12 12 12 12 12 12 12 12 12 12 12 12 12 12 12 1 1 12 12 12 12 12 12 12 12 12 12 12 12 12 12 12 12 12 12 12 12 12 12 12 12 12 12 12 12 12 12 12 12 12 12 12 12 12 7 12 1 1 12 1 12 12 12 1 1 12 12 12 1 12 1 12 1 12 1 12 1 12 12 12 12 12 12 12 12 12 12 12 12 12 12 12 12 1 1 1 1 1 1 1 1 1 1 1 1 1 1 1 1 1 1 1 1 1 1 1 1 1 1 1 1 1 1 1 1 1 1 1 1
staticfield jdk/internal/misc/Unsafe theUnsafe Ljdk/internal/misc/Unsafe; jdk/internal/misc/Unsafe
staticfield jdk/internal/misc/Unsafe ARRAY_BOOLEAN_BASE_OFFSET I 16
staticfield jdk/internal/misc/Unsafe ARRAY_BYTE_BASE_OFFSET I 16
staticfield jdk/internal/misc/Unsafe ARRAY_SHORT_BASE_OFFSET I 16
staticfield jdk/internal/misc/Unsafe ARRAY_CHAR_BASE_OFFSET I 16
staticfield jdk/internal/misc/Unsafe ARRAY_INT_BASE_OFFSET I 16
staticfield jdk/internal/misc/Unsafe ARRAY_LONG_BASE_OFFSET I 16
staticfield jdk/internal/misc/Unsafe ARRAY_FLOAT_BASE_OFFSET I 16
staticfield jdk/internal/misc/Unsafe ARRAY_DOUBLE_BASE_OFFSET I 16
staticfield jdk/internal/misc/Unsafe ARRAY_OBJECT_BASE_OFFSET I 16
staticfield jdk/internal/misc/Unsafe ARRAY_BOOLEAN_INDEX_SCALE I 1
staticfield jdk/internal/misc/Unsafe ARRAY_BYTE_INDEX_SCALE I 1
staticfield jdk/internal/misc/Unsafe ARRAY_SHORT_INDEX_SCALE I 2
staticfield jdk/internal/misc/Unsafe ARRAY_CHAR_INDEX_SCALE I 2
staticfield jdk/internal/misc/Unsafe ARRAY_INT_INDEX_SCALE I 4
staticfield jdk/internal/misc/Unsafe ARRAY_LONG_INDEX_SCALE I 8
staticfield jdk/internal/misc/Unsafe ARRAY_FLOAT_INDEX_SCALE I 4
staticfield jdk/internal/misc/Unsafe ARRAY_DOUBLE_INDEX_SCALE I 8
staticfield jdk/internal/misc/Unsafe ARRAY_OBJECT_INDEX_SCALE I 4
staticfield jdk/internal/misc/Unsafe ADDRESS_SIZE I 8
staticfield jdk/internal/misc/Unsafe BE Z 0
staticfield jdk/internal/misc/Unsafe unalignedAccess Z 1
ciInstanceKlass jdk/internal/module/Modules 1 1 483 10 9 11 11 11 11 11 11 11 11 10 10 18 10 100 10 10 10 10 11 10 10 10 10 9 10 10 10 100 100 11 10 11 10 10 10 10 10 11 18 11 10 11 100 11 11 11 10 10 18 11 18 11 10 18 18 10 9 11 100 10 11 11 7 11 10 100 10 10 10 11 10 100 10 18 10 100 8 10 10 18 11 11 10 10 10 18 10 10 7 10 10 100 1 1 1 1 1 1 1 1 1 1 1 1 1 1 1 1 1 1 1 1 1 1 1 1 1 1 1 1 1 1 1 1 1 1 1 1 1 1 1 1 1 1 1 1 1 1 1 1 1 1 1 1 1 1 1 1 7 100 100 1 1 1 1 1 1 1 1 1 1 1 1 1 1 1 1 1 1 1 1 1 1 1 1 1 1 1 1 1 1 1 100 100 100 100 100 100 100 100 1 1 1 1 1 1 100 1 1 1 1 1 1 1 1 1 1 100 1 1 1 1 1 1 1 1 1 12 12 7 12 12 12 12 12 12 12 12 12 100 12 1 15 16 15 16 12 100 12 1 100 12 100 12 12 12 12 12 12 12 12 12 100 12 1 1 12 100 12 12 12 12 100 12 12 12 12 16 15 16 12 12 100 12 100 12 1 12 12 12 12 100 12 16 15 16 12 12 16 15 16 12 12 12 15 16 15 16 12 12 12 1 12 12 1 12 1 12 12 12 12 12 1 15 16 12 12 1 1 12 12 15 16 12 12 12 15 12 1 12 7 12 1 1 1 1 1 1 1 1 1 1 1 1 1 1 1 1 1 1 1 1 10 1 10 1 1 1 1 1 1 1 1 1 1 1 1 1 1 1 1 1 1 1 1 1 1 1 1 1 1 1 1 1 1 1 1 1 1 1 1 1 1 1 10 1 1 1 1 1 1 1 1 1 1 1 1 1 1 1 1 1 1 1 1 10 1 1 1 1 1 1 10 1 1 1 1 1 1 10 1 10 1 1 1 1 1 1 1 1 1 1 1 1 1 10 1 1 1 1 1 10 1 1 10 1 1 1 1 1 100 12 12 12 12 12 12 12 12 12 1 1 100 1 1 1 1 1 100 1 1
staticfield jdk/internal/module/Modules JLA Ljdk/internal/access/JavaLangAccess; java/lang/System$2
staticfield jdk/internal/module/Modules $assertionsDisabled Z 1
instanceKlass java/util/jar/JarVerifier$VerifierStream
instanceKlass org/apache/hadoop/shaded/org/apache/commons/compress/archivers/ArchiveInputStream
instanceKlass sun/nio/ch/ChannelInputStream
instanceKlass org/apache/spark/io/NioBufferedFileInputStream
instanceKlass org/apache/spark/util/ByteBufferInputStream
instanceKlass org/apache/hadoop/fs/FSInputStream
instanceKlass org/apache/hadoop/shaded/com/ctc/wstx/io/MergedStream
instanceKlass org/apache/ivy/util/FileUtil$UncloseInputStream
instanceKlass java/io/SequenceInputStream
instanceKlass java/io/ObjectInputStream
instanceKlass org/apache/spark/util/Utils$$anon$3
instanceKlass java/util/zip/ZipFile$ZipFileInputStream
instanceKlass java/io/FilterInputStream
instanceKlass java/io/FileInputStream
instanceKlass java/io/ByteArrayInputStream
ciInstanceKlass java/io/InputStream 1 1 170 100 10 100 10 10 10 10 7 3 10 100 8 10 7 10 3 100 8 10 7 10 11 10 11 11 11 7 10 5 0 10 8 10 8 10 10 7 100 1 1 1 1 3 1 3 1 1 1 1 1 1 1 1 1 1 1 1 1 1 1 1 1 1 1 1 1 1 1 1 1 1 1 1 1 1 1 1 1 1 1 1 1 1 7 7 1 1 1 1 1 1 1 1 1 1 1 1 1 1 1 1 1 1 1 1 1 1 1 1 12 1 12 7 12 12 1 12 1 1 12 1 7 12 1 1 1 12 100 12 12 12 12 7 12 12 1 12 100 12 1 1 1 1 1 1 1 1 1 1 1 1 1 1 1 1 1 1 1 1 1 1 1 1 1 1 1 1 1 1
instanceKlass sun/security/util/DerInputBuffer
ciInstanceKlass java/io/ByteArrayInputStream 1 1 96 10 9 9 9 9 10 10 10 10 10 10 7 7 1 1 1 1 1 1 1 1 1 1 1 1 1 1 1 1 1 1 1 1 1 1 1 1 1 1 1 1 1 1 1 1 1 1 100 1 1 1 1 1 1 1 1 1 1 1 1 1 1 12 12 12 12 12 7 12 7 12 7 12 7 12 12 100 12 1 1 1 1 1 1 1 1 1 1 1 1 1 1 1 1 1
ciInstanceKlass java/net/URL 1 1 744 10 10 10 9 9 10 10 10 9 10 8 10 100 10 10 8 10 9 100 8 10 10 8 9 10 9 10 10 9 9 8 9 10 8 9 10 10 8 10 100 10 10 10 10 10 8 10 10 8 9 8 10 10 100 10 10 10 100 8 10 10 8 10 10 10 10 10 10 8 10 7 10 10 10 9 10 9 10 10 100 100 10 10 10 10 10 10 7 10 10 10 100 10 10 8 9 10 10 9 10 100 10 10 10 10 10 10 10 10 10 10 10 9 9 100 8 10 10 9 10 8 10 8 10 10 8 8 10 100 10 10 10 7 100 10 9 10 8 10 100 10 10 8 9 10 10 10 10 10 11 10 10 9 10 10 10 8 10 7 100 10 8 8 10 8 8 8 100 10 9 10 10 10 10 10 10 10 10 10 10 10 10 10 10 10 100 8 10 10 10 10 10 8 7 10 7 10 7 10 7 7 10 9 9 7 10 10 100 1 1 1 1 1 1 1 5 0 1 1 1 1 1 1 1 1 1 1 1 1 1 1 1 1 1 1 1 1 1 1 1 1 1 1 1 1 1 1 1 1 1 1 1 1 1 1 1 1 1 1 1 1 1 1 1 1 1 1 1 1 1 1 1 1 1 1 1 1 1 1 1 1 1 1 1 1 1 1 1 1 1 1 1 1 1 1 100 1 1 1 1 1 1 1 1 1 1 1 1 1 1 1 1 1 1 1 1 1 1 1 1 1 1 1 1 1 1 1 1 1 1 1 100 100 1 1 1 1 1 1 1 1 1 1 1 1 1 1 7 1 1 1 1 1 1 1 1 1 1 1 1 1 1 100 7 1 1 1 1 1 1 1 1 1 1 1 1 1 1 1 1 1 1 100 1 1 100 1 1 100 1 1 1 1 1 1 1 1 1 1 1 1 1 1 1 1 1 1 1 1 1 1 1 12 12 12 12 12 7 12 12 12 12 12 1 12 1 12 1 12 12 1 1 12 12 1 12 12 12 12 12 12 12 1 12 12 1 12 12 7 12 1 12 1 12 12 12 12 12 1 12 12 1 12 1 12 12 1 12 12 12 1 1 12 1 12 12 12 12 12 12 1 12 1 7 12 12 100 12 12 12 12 100 12 1 1 12 12 12 12 12 12 1 12 1 12 12 1 12 100 12 12 100 12 12 1 12 12 12 12 12 12 12 7 12 12 12 12 12 1 1 12 12 12 1 7 12 1 12 12 1 1 12 1 100 12 12 12 1 1 12 12 1 12 1 100 12 100 12 12 12 12 12 7 12 12 12 12 12 12 100 12 12 12 1 1 12 1 12 12 12 12 12 12 12 12 12 12 12 12 12 12 1 1 12 12 12 1 1 1 1 1 1 12 7 12 12 1 7 12 1 1 1 1 1 1 1 1 1 1 1 1 1 1 1 1 1 1 1 1 1 1 1 1 1 1 1 1 1 1 1 1 1 1 1 1 1 1 1 1 1 1 1 1 1 1 1 1 1 1 1 1 1 1 1 1 1 1 1 1 1 1 1 1 1 1 1 1 1 1 1 1 1 1 1 1 1 1 1 1 1 1 1 1 1 1 1 1 1 1 1 1 1 1 1 1 1 1 1 1 1 1 1 1 1 1 1 1 1 1 1 1 1 1 1 1 1 1 1 1 1 1 1 1 1 1 1 1 1 1 1 1 1 1
staticfield java/net/URL defaultFactory Ljava/net/URLStreamHandlerFactory; java/net/URL$DefaultFactory
staticfield java/net/URL streamHandlerLock Ljava/lang/Object; java/lang/Object
staticfield java/net/URL serialPersistentFields [Ljava/io/ObjectStreamField; 7 [Ljava/io/ObjectStreamField;
ciInstanceKlass java/util/jar/Manifest 1 1 301 10 7 10 9 7 10 9 9 10 10 10 10 10 11 11 10 10 100 100 10 8 10 10 10 10 11 100 10 10 11 11 11 11 100 100 8 10 11 7 9 10 10 10 10 8 10 10 11 10 10 10 8 10 7 10 10 10 100 8 10 10 8 10 10 10 10 11 10 10 10 7 10 11 10 11 10 7 100 1 1 1 1 1 1 1 1 1 1 1 1 1 1 1 1 1 1 1 1 1 1 1 1 1 1 1 1 1 1 1 1 1 1 1 1 1 1 1 1 1 1 1 1 1 1 1 1 1 1 1 1 1 100 100 1 1 1 1 1 1 1 1 1 1 1 1 1 1 1 1 1 1 1 1 100 100 1 1 1 1 1 1 1 1 1 1 1 1 1 1 1 1 12 1 12 1 12 12 12 12 12 12 12 7 12 12 100 12 1 1 1 12 12 12 12 1 12 12 12 100 12 12 12 1 1 1 12 1 7 12 12 12 12 12 1 12 12 12 12 12 1 12 1 12 12 12 1 1 12 1 12 7 12 12 12 12 12 7 12 12 1 12 12 12 1 1 1 1 1 1 1 1 1 1 1 1 1 1 1 1 1 1 1 1 1 1 1 1 1 1 1 1 1 1 1 1 1 1 1 1 1 1 1 1 1 1 1 1 1 1 1 1 1 1 1 1 1 1 1 1 1
ciInstanceKlass jdk/internal/loader/ClassLoaders 1 1 143 10 9 9 9 7 11 100 11 11 10 10 100 100 10 9 8 10 7 10 7 10 10 7 10 8 10 8 8 7 10 7 100 1 1 1 1 1 1 1 1 1 1 1 1 1 1 1 1 1 1 1 1 1 1 1 1 1 1 1 1 1 1 1 100 1 1 1 1 1 1 1 1 1 1 1 1 12 12 12 12 1 100 12 1 12 12 100 12 100 12 1 1 7 12 12 1 7 12 1 12 1 12 12 1 12 1 7 12 1 1 1 12 1 1 1 1 1 1 1 1 1 1 1 1 1 1 1 1 1 1 1 1 1 1 1 1 1 1 1 1 1 1
staticfield jdk/internal/loader/ClassLoaders JLA Ljdk/internal/access/JavaLangAccess; java/lang/System$2
staticfield jdk/internal/loader/ClassLoaders BOOT_LOADER Ljdk/internal/loader/ClassLoaders$BootClassLoader; jdk/internal/loader/ClassLoaders$BootClassLoader
staticfield jdk/internal/loader/ClassLoaders PLATFORM_LOADER Ljdk/internal/loader/ClassLoaders$PlatformClassLoader; jdk/internal/loader/ClassLoaders$PlatformClassLoader
staticfield jdk/internal/loader/ClassLoaders APP_LOADER Ljdk/internal/loader/ClassLoaders$AppClassLoader; jdk/internal/loader/ClassLoaders$AppClassLoader
instanceKlass jdk/internal/loader/ClassLoaders$BootClassLoader
instanceKlass jdk/internal/loader/ClassLoaders$PlatformClassLoader
instanceKlass jdk/internal/loader/ClassLoaders$AppClassLoader
ciInstanceKlass jdk/internal/loader/BuiltinClassLoader 1 1 717 10 10 9 9 7 10 9 9 10 10 11 100 100 10 10 8 10 10 7 10 10 11 11 11 7 9 8 8 10 10 9 11 7 10 10 10 10 10 10 10 11 10 7 10 10 10 100 8 10 10 8 10 10 11 11 100 7 10 11 11 10 7 10 10 7 7 10 7 7 10 10 100 10 11 100 100 10 10 100 100 10 10 18 10 10 18 100 10 7 10 10 10 10 10 9 100 10 10 10 10 10 10 10 10 10 10 18 7 10 10 10 10 100 10 7 10 10 10 11 7 10 7 100 10 10 11 10 10 10 10 10 10 10 10 8 10 10 10 100 8 8 10 10 8 8 10 11 9 10 9 9 9 9 9 9 10 8 10 7 10 10 7 7 10 11 10 10 10 100 10 10 10 7 10 10 8 10 7 100 1 1 1 1 1 1 1 1 1 1 1 1 1 1 1 1 1 1 1 1 1 1 1 1 1 1 1 1 1 7 7 1 1 1 1 1 1 1 1 1 1 1 7 1 1 1 1 1 1 1 1 1 1 1 1 1 1 1 1 1 1 1 1 1 1 1 1 1 1 1 1 1 1 1 1 1 1 1 100 1 1 1 1 1 1 1 1 1 1 1 1 1 1 1 1 1 1 1 1 1 1 1 100 100 1 1 1 1 1 1 1 1 1 1 1 1 1 7 1 1 1 1 1 1 1 1 1 1 1 1 1 1 1 1 1 1 1 1 1 1 1 1 1 1 7 1 1 1 1 1 1 1 1 1 1 1 1 7 7 1 1 1 1 1 1 1 1 1 1 1 1 1 1 1 1 1 7 1 1 1 1 1 1 1 1 1 1 7 12 12 12 12 1 12 12 12 12 12 12 1 1 12 1 12 12 1 12 12 7 12 12 12 1 12 1 1 12 7 12 12 12 1 12 12 12 7 12 12 12 12 12 7 12 1 7 12 12 1 1 12 1 12 12 12 12 1 1 12 12 1 12 12 1 1 12 1 1 12 7 12 1 12 12 1 1 12 12 1 1 12 12 1 15 16 15 16 12 12 12 15 16 1 7 12 1 12 12 12 12 12 1 12 12 12 12 12 12 12 12 12 15 16 12 1 12 12 12 12 1 12 100 1 1 12 12 12 12 1 12 1 12 12 12 12 12 12 12 12 12 12 12 1 12 12 12 1 1 1 12 1 1 7 12 7 12 7 12 12 12 12 12 12 12 12 12 1 12 1 12 12 1 1 12 12 12 12 1 12 12 1 12 12 1 12 1 1 1 1 1 1 1 1 1 1 1 1 1 1 1 1 1 1 1 1 1 1 1 1 1 1 1 1 1 1 1 1 1 1 1 1 1 1 1 1 1 1 1 1 1 1 1 1 1 1 1 1 1 1 1 1 1 1 1 1 1 1 1 1 1 1 1 1 1 1 10 10 1 1 1 1 10 1 1 1 1 1 1 1 1 1 1 1 1 1 10 1 1 1 1 1 1 1 1 1 1 1 1 1 1 1 1 1 1 1 1 1 1 1 1 1 1 1 1 1 1 1 1 1 1 1 1 1 1 1 1 1 1 1 1 1 1 1 1 1 1 1 1 1 1 1 1 1 1 1 100 12 12 12 12 1 1 100 1 1 100 1 1
staticfield jdk/internal/loader/BuiltinClassLoader packageToModule Ljava/util/Map; java/util/concurrent/ConcurrentHashMap
staticfield jdk/internal/loader/BuiltinClassLoader $assertionsDisabled Z 1
ciInstanceKlass jdk/internal/loader/ClassLoaders$AppClassLoader 1 1 134 8 10 9 10 10 10 10 10 10 7 8 10 10 10 9 11 10 10 100 10 7 7 1 1 1 100 1 1 1 1 1 1 1 1 1 1 1 1 1 1 1 1 1 1 1 1 1 1 100 1 100 1 1 1 1 1 1 1 1 1 1 1 1 1 1 1 1 1 1 1 1 1 1 1 1 1 1 1 100 1 12 12 7 12 100 12 12 12 12 12 1 1 12 7 12 100 12 12 100 12 12 7 12 1 12 1 1 1 1 1 1 1 1 1 1 1 1 1 1 1 1 1 1 1 1 1 1 1 1 1 1 1 1
ciInstanceKlass jdk/internal/loader/ClassLoaders$PlatformClassLoader 1 1 57 8 10 9 11 10 100 10 100 7 1 100 1 1 1 1 1 1 1 1 1 1 1 1 1 1 1 1 1 1 1 1 1 1 1 100 1 12 12 100 12 7 12 1 12 1 1 1 1 1 1 1 1 1 1 1 1
ciInstanceKlass java/security/CodeSource 1 1 402 10 9 9 9 9 10 9 10 7 10 7 10 7 10 10 10 7 10 10 10 10 10 7 10 10 10 10 10 10 10 10 10 10 10 10 10 8 10 10 10 10 8 10 10 100 10 10 8 10 10 10 8 8 9 100 8 10 10 8 10 8 8 8 10 10 10 10 10 10 100 100 10 10 10 10 10 100 10 10 8 10 10 10 100 10 100 100 8 8 10 10 10 100 10 10 11 10 10 11 10 10 8 100 10 10 7 10 11 11 7 100 1 1 1 5 0 1 1 1 1 1 1 1 1 1 1 1 1 1 1 1 1 1 1 1 1 1 100 1 1 1 1 1 1 1 1 1 1 1 1 1 1 1 1 1 1 1 1 1 1 1 1 1 1 1 1 1 1 1 1 1 1 1 1 1 1 1 1 1 100 1 1 1 1 1 1 1 1 1 1 1 1 1 100 1 1 1 1 1 1 1 1 1 1 1 1 1 1 1 1 1 1 100 100 100 1 1 1 1 1 1 1 1 1 12 12 12 12 12 7 12 12 100 12 7 12 1 12 12 7 1 12 7 12 12 12 1 12 7 100 12 100 12 12 12 12 12 12 1 12 12 12 12 1 12 1 12 1 12 12 12 1 1 12 1 1 12 12 1 12 1 1 1 12 12 12 12 12 12 1 1 12 12 12 12 12 1 12 1 12 12 12 1 12 1 1 1 1 12 100 12 1 12 12 12 12 12 100 1 1 12 12 1 12 12 1 1 1 1 1 1 1 1 1 1 1 1 1 1 1 1 1 1 1 1 1 1 1 1 1 1 1 1 1 1 1 1 1 1 1 1 1 1 1 1 1 1 1 1 1 1 1 1 1 1 1 1 1 1 1 1 1 1 1 1 1 1 1 1 1 1 1 1 1 1 1 1 1 1 1 1
ciInstanceKlass java/lang/StackTraceElement 1 1 224 10 10 9 9 9 9 8 10 7 9 8 9 9 9 8 10 10 7 10 10 8 10 10 8 8 8 10 8 8 10 8 8 7 10 10 10 10 9 10 10 7 10 10 10 10 10 10 10 10 10 7 100 7 1 1 1 1 1 1 1 1 1 1 1 1 1 1 1 1 1 1 1 3 1 3 1 1 5 0 1 1 1 1 1 1 1 1 1 1 1 1 1 1 1 1 1 1 1 1 1 1 1 1 1 1 1 1 1 1 1 1 1 1 1 1 1 1 7 100 7 100 1 1 1 1 1 1 1 1 1 1 1 1 1 100 1 1 1 1 1 1 1 1 1 1 12 12 12 12 12 12 1 7 12 1 12 1 12 12 12 1 12 12 1 12 1 12 12 1 1 1 12 1 1 12 1 1 1 12 12 12 12 12 12 12 1 12 7 12 7 12 12 12 12 12 12 1 1 1 1 1 1 1 1 1 1 1 1 1 1 1 1 1 1 1 1 1 1 1 1 1 1 1
instanceKlass java/nio/DoubleBuffer
instanceKlass java/nio/FloatBuffer
instanceKlass java/nio/ShortBuffer
instanceKlass java/nio/IntBuffer
instanceKlass java/nio/CharBuffer
instanceKlass java/nio/LongBuffer
instanceKlass java/nio/ByteBuffer
ciInstanceKlass java/nio/Buffer 1 1 195 100 10 9 9 10 9 10 10 100 100 10 8 10 10 8 8 10 10 8 9 100 8 10 8 8 9 10 8 8 8 10 8 8 8 100 10 100 10 100 10 100 10 7 10 10 9 7 10 10 7 1 1 1 1 1 1 3 1 1 1 1 1 1 1 1 1 1 1 1 1 1 1 1 1 1 1 1 1 1 1 1 1 1 1 1 1 100 1 1 1 1 1 1 1 1 1 1 1 1 1 1 1 1 1 1 1 1 1 1 1 1 1 1 1 1 1 1 1 1 1 1 1 1 1 1 1 1 1 1 1 1 1 12 12 12 12 12 12 12 1 1 1 12 12 1 1 12 12 1 12 1 1 12 1 1 12 12 1 1 1 12 1 1 1 1 1 1 1 1 7 12 7 12 12 1 7 12 1 1 1 1 1 1 1 1 1 1 1 1 1 1 1 1 1
staticfield java/nio/Buffer UNSAFE Ljdk/internal/misc/Unsafe; jdk/internal/misc/Unsafe
staticfield java/nio/Buffer $assertionsDisabled Z 1
ciInstanceKlass java/lang/StackWalker 1 1 235 9 10 7 10 10 11 10 10 7 10 100 8 10 10 10 10 9 9 9 9 10 9 10 11 100 8 10 10 9 10 10 10 18 100 8 10 10 10 9 11 10 7 7 1 1 1 100 1 1 1 1 1 1 1 1 1 1 1 1 1 1 1 1 1 1 1 1 1 1 1 1 1 1 1 1 1 1 1 1 1 1 1 1 1 1 1 1 1 1 1 100 1 1 1 1 1 1 1 1 1 1 1 1 1 1 1 1 1 1 1 1 1 1 1 1 1 1 1 1 1 1 1 1 1 1 1 1 1 1 12 7 12 1 7 12 12 7 12 12 12 1 12 1 1 12 12 12 12 12 12 12 12 12 12 7 12 12 1 1 12 12 12 7 12 7 12 1 15 16 15 16 12 1 1 12 100 12 12 100 12 12 1 1 1 1 1 1 1 1 1 1 1 1 1 1 1 1 1 1 1 1 1 1 1 1 1 1 1 1 10 10 1 1 1 1 1 1 1 1 1 1 1 1 100 12 12 1 1 100 1 1 100 1 1
staticfield java/lang/StackWalker DEFAULT_EMPTY_OPTION Ljava/util/EnumSet; java/util/RegularEnumSet
staticfield java/lang/StackWalker DEFAULT_WALKER Ljava/lang/StackWalker; java/lang/StackWalker
instanceKlass java/lang/StackStreamFactory$StackFrameTraverser
ciInstanceKlass java/lang/StackStreamFactory$AbstractStackWalker 1 1 306 7 100 3 10 10 10 9 10 9 9 9 9 9 10 10 9 10 10 9 9 100 10 8 10 10 8 10 10 100 8 10 8 10 9 10 9 8 5 0 8 8 9 10 10 10 9 10 10 10 10 10 10 8 10 10 10 10 8 7 10 10 10 10 10 10 9 8 10 10 10 10 10 10 10 10 10 10 8 7 1 1 1 1 1 1 1 1 1 1 7 1 1 1 1 1 1 1 1 1 1 1 1 1 1 1 1 1 1 1 1 1 1 1 1 1 1 1 1 1 1 1 1 1 7 1 1 1 1 1 1 100 1 1 1 1 1 1 1 100 1 1 1 1 1 1 1 1 1 1 1 1 1 1 1 1 1 1 1 1 1 1 1 1 1 12 12 7 12 12 12 12 12 12 12 7 12 7 12 12 12 12 12 12 100 12 1 1 12 12 1 12 100 12 1 1 12 1 12 7 12 12 12 1 1 1 12 12 12 12 12 12 12 12 12 12 12 1 12 12 12 12 1 1 12 12 12 12 12 7 12 12 1 12 12 12 12 12 12 12 12 12 12 1 1 1 1 1 1 1 1 1 1 1 1 1 1 1 1 1 1 1 1 1 1 1 1 1 1 1 1 1 1 1 1 1 1 1 1 1 1 1 1 1 1 1 1 1 1 1 1 1 1 1 1 1 1 1 1 1 1 1 1 1 1 1
instanceKlass java/lang/LiveStackFrameInfo
ciInstanceKlass java/lang/StackFrameInfo 1 1 132 10 9 9 9 11 9 11 10 10 10 11 11 11 10 9 10 10 10 11 10 9 10 100 8 10 10 7 7 100 1 1 1 1 1 1 1 1 1 1 1 1 1 1 1 1 1 1 1 1 1 1 1 1 1 1 1 1 1 1 1 1 1 1 1 1 1 1 1 1 1 100 100 1 1 1 1 1 12 7 12 12 7 12 12 12 12 7 12 12 12 12 12 12 12 12 12 12 12 12 12 12 1 1 12 7 12 1 1 1 1 1 1 1 1 1 1 1 1 1 1 1 1 1 1 1 1 1 1 1 1 1
staticfield java/lang/StackFrameInfo JLIA Ljdk/internal/access/JavaLangInvokeAccess; java/lang/invoke/MethodHandleImpl$1
ciInstanceKlass java/lang/LiveStackFrameInfo 0 0 97 10 9 9 9 9 9 100 10 10 8 10 100 8 8 8 10 100 10 100 10 100 100 100 1 1 1 1 1 1 1 1 3 1 3 1 1 1 1 1 1 1 1 1 1 1 1 1 1 1 1 1 1 1 1 1 1 1 100 1 1 1 1 1 1 1 1 1 1 12 12 12 12 12 12 1 12 12 1 12 1 1 1 1 1 12 1 12 1 1 1 1 1 1 1 1 1
instanceKlass java/util/concurrent/locks/AbstractQueuedSynchronizer
ciInstanceKlass java/util/concurrent/locks/AbstractOwnableSynchronizer 1 1 32 10 9 7 7 100 1 1 1 5 0 1 1 1 1 1 1 1 1 1 1 1 1 1 1 1 1 12 12 1 1 1
ciInstanceKlass java/lang/Boolean 1 1 128 10 9 10 10 8 10 9 9 8 10 7 10 10 100 100 10 10 8 10 9 7 100 100 1 1 1 1 1 1 1 1 1 1 1 1 5 0 1 1 1 1 1 1 1 1 1 1 1 1 1 1 1 1 1 1 1 1 1 1 1 1 1 1 7 1 1 1 1 1 1 1 1 1 1 1 100 1 1 1 1 1 1 1 1 1 1 1 1 1 1 1 1 1 12 12 12 12 1 12 12 12 1 12 1 12 7 12 1 1 12 12 1 7 12 12 1 1 1 1 1 1 1 1 1 1 1 1
staticfield java/lang/Boolean TRUE Ljava/lang/Boolean; java/lang/Boolean
staticfield java/lang/Boolean FALSE Ljava/lang/Boolean; java/lang/Boolean
staticfield java/lang/Boolean TYPE Ljava/lang/Class; java/lang/Class
ciInstanceKlass java/lang/Character 1 1 551 7 100 10 9 9 10 10 10 10 10 10 3 3 3 3 3 10 10 3 11 11 10 10 100 10 10 3 10 10 10 100 8 7 10 10 10 10 10 10 10 10 10 10 10 10 10 10 10 10 10 10 10 10 10 10 10 10 10 10 10 10 10 10 10 10 10 10 10 10 10 10 10 10 10 10 5 0 10 10 10 10 10 10 10 10 10 10 9 100 10 10 10 3 10 10 10 100 10 10 10 10 8 10 9 10 10 10 10 10 10 10 10 10 100 8 10 10 8 10 9 100 100 7 1 1 100 1 100 1 100 1 1 1 1 3 1 3 1 1 3 1 3 1 1 1 1 1 1 1 3 1 1 3 1 3 1 3 1 3 1 3 1 3 1 3 1 3 1 3 1 3 1 3 1 3 1 3 1 3 1 3 1 3 1 3 1 3 1 3 1 3 1 3 1 3 1 3 1 3 1 3 1 3 1 3 1 3 1 1 1 1 1 1 1 1 1 1 1 1 1 1 1 1 1 1 1 3 1 1 1 1 1 1 1 3 1 1 3 1 1 1 1 1 3 1 1 1 5 0 1 1 1 1 1 1 1 1 1 1 1 1 1 1 1 1 1 1 1 1 1 1 1 1 1 1 1 1 1 1 1 1 1 1 1 1 1 1 1 1 1 1 1 1 1 1 1 1 1 1 1 1 1 1 1 1 1 1 1 1 1 1 1 1 1 1 1 1 1 1 1 1 1 1 1 1 1 1 1 1 1 1 1 1 1 1 1 1 1 1 1 1 1 1 1 1 1 1 1 1 1 1 1 1 1 1 1 1 1 1 1 1 1 1 1 1 1 1 1 1 1 1 1 1 1 1 1 1 1 1 1 1 1 1 1 1 1 1 1 1 1 1 1 1 1 1 7 1 1 1 1 1 1 1 1 1 1 1 1 1 12 12 12 12 12 12 12 12 12 12 12 7 12 12 12 12 1 12 12 12 12 1 1 1 100 12 12 12 12 12 12 12 12 12 7 12 12 12 12 12 12 12 12 12 12 12 12 12 12 12 12 12 12 12 12 12 12 12 12 12 12 12 12 12 12 1 12 12 100 12 12 12 1 12 12 12 1 12 100 12 12 12 12 12 12 12 1 1 12 7 12 1 12 12 1 1 1 1 1 1 1 1 1 1 1 1 1 1 1 1 1 1 1 1 1 1 1 1 1 1 1 1 1 1 1 1 1 1 1 1 1 1 1 1 1 1 1 1 1 1 1
staticfield java/lang/Character TYPE Ljava/lang/Class; java/lang/Class
staticfield java/lang/Character $assertionsDisabled Z 1
instanceKlass java/util/concurrent/atomic/Striped64
instanceKlass java/math/BigDecimal
instanceKlass java/math/BigInteger
instanceKlass scala/math/ScalaNumber
instanceKlass java/util/concurrent/atomic/AtomicLong
instanceKlass java/util/concurrent/atomic/AtomicInteger
instanceKlass java/lang/Long
instanceKlass java/lang/Integer
instanceKlass java/lang/Short
instanceKlass java/lang/Byte
instanceKlass java/lang/Double
instanceKlass java/lang/Float
ciInstanceKlass java/lang/Number 1 1 37 10 10 100 7 100 1 1 1 5 0 1 1 1 1 1 1 1 1 1 1 1 1 1 1 1 1 1 1 1 1 1 12 12 1 1 1
ciInstanceKlass java/lang/Float 1 1 192 7 100 10 10 4 100 10 10 8 8 10 10 10 10 4 4 4 10 9 10 10 10 10 10 10 3 10 10 10 10 8 10 9 7 100 1 1 1 1 1 4 1 1 1 4 1 1 3 1 3 1 3 1 3 1 1 1 1 1 1 1 5 0 1 1 1 1 1 1 1 1 1 1 1 1 1 100 1 1 1 1 1 1 1 1 1 1 1 1 1 1 1 1 1 1 1 1 1 1 1 1 1 1 1 1 1 1 1 1 1 1 1 1 1 1 1 1 1 1 1 1 1 1 1 1 1 1 1 1 1 1 1 1 1 1 1 1 1 1 1 1 1 1 1 1 7 12 100 12 1 12 12 1 1 100 12 12 12 12 12 12 12 12 12 12 12 12 12 12 12 1 7 12 12 1 1 1 1 1 1 1 1 1 1 1 1 1 1 1 1 1
staticfield java/lang/Float TYPE Ljava/lang/Class; java/lang/Class
ciInstanceKlass java/lang/Double 1 1 254 7 100 10 10 10 100 10 10 6 0 8 10 8 10 8 6 0 10 100 5 0 5 0 8 8 10 10 8 10 8 8 8 10 10 10 10 10 10 10 10 6 0 6 0 6 0 10 9 10 10 10 10 5 0 10 10 10 10 8 10 9 7 100 1 1 1 1 1 6 0 1 1 1 6 0 1 1 3 1 3 1 3 1 3 1 1 1 1 1 1 1 5 0 1 1 1 1 1 1 1 1 1 1 1 1 1 1 1 100 1 1 1 1 100 1 1 1 1 1 1 1 1 1 1 1 1 1 1 1 1 1 1 1 1 1 1 1 1 1 1 1 1 1 1 1 1 1 1 1 1 1 1 1 1 1 1 1 1 1 1 1 1 1 1 1 1 1 1 1 1 1 1 1 1 1 1 1 1 1 1 1 1 7 12 12 12 1 12 100 12 1 12 1 12 1 12 1 1 1 100 12 12 1 12 1 1 1 12 12 12 12 12 12 12 12 12 12 12 12 12 12 12 12 12 1 7 12 12 1 1 1 1 1 1 1 1 1 1 1 1 1 1 1 1 1 1 1 1 1 1 1 1 1
staticfield java/lang/Double TYPE Ljava/lang/Class; java/lang/Class
ciInstanceKlass java/lang/Byte 1 1 178 7 10 9 10 100 100 10 8 10 8 10 10 10 10 10 10 10 10 8 8 10 9 10 10 10 10 10 5 0 10 8 10 9 7 100 7 1 1 1 1 1 3 1 3 1 1 1 1 1 1 1 3 1 3 1 1 5 0 1 1 1 1 1 1 1 1 1 1 1 1 1 1 1 1 1 1 1 1 1 1 1 1 1 1 1 1 1 1 1 1 1 1 1 1 1 1 1 1 1 1 1 1 1 1 1 1 1 1 1 1 1 1 1 1 1 1 1 1 1 1 1 1 1 1 1 1 1 1 1 100 12 12 12 1 1 12 1 12 1 12 12 12 12 12 12 12 12 1 1 12 12 12 12 12 12 12 1 7 12 12 1 1 1 1 1 1 1 1 1 1 1 1 1 1 1 1 1
staticfield java/lang/Byte TYPE Ljava/lang/Class; java/lang/Class
ciInstanceKlass java/lang/Short 1 1 186 7 100 10 10 100 100 10 8 10 8 10 10 10 10 10 10 9 10 10 10 8 8 10 9 10 10 10 10 10 3 3 5 0 10 8 10 9 7 100 7 1 1 1 1 1 3 1 3 1 1 1 1 1 1 1 3 1 3 1 1 5 0 1 1 1 1 1 1 1 1 1 1 1 1 1 1 1 1 1 1 1 1 1 1 1 1 1 1 1 1 1 1 1 1 1 1 1 1 1 1 1 1 1 1 1 1 1 1 1 1 1 1 1 1 1 1 1 1 1 1 1 1 1 1 1 1 1 1 1 1 1 1 1 1 1 1 7 12 12 1 1 12 1 12 1 12 12 12 12 12 12 12 12 12 12 1 1 12 12 12 12 12 12 12 1 7 12 12 1 1 1 1 1 1 1 1 1 1 1 1 1 1 1 1 1
staticfield java/lang/Short TYPE Ljava/lang/Class; java/lang/Class
ciInstanceKlass java/lang/Integer 1 1 417 7 100 7 7 10 9 9 10 10 10 10 10 10 10 10 10 10 10 10 10 10 10 10 9 9 100 8 10 100 10 8 10 10 8 10 8 10 3 10 3 10 10 10 7 11 100 10 11 10 8 10 8 100 10 10 5 0 8 10 10 10 10 7 9 9 10 10 9 10 10 10 10 100 100 10 10 8 8 10 8 8 8 8 8 8 10 10 10 5 0 3 3 3 3 10 3 10 10 8 10 9 3 3 3 3 3 3 9 7 100 1 1 1 1 1 1 1 1 1 1 1 1 1 1 1 1 1 1 1 3 1 3 1 1 5 0 1 1 1 1 1 1 1 1 1 1 1 1 100 1 1 1 1 1 1 1 1 1 1 1 1 1 1 1 1 1 1 1 1 1 1 1 1 1 1 1 1 1 1 1 1 1 1 1 1 1 1 1 1 1 1 1 1 1 1 1 1 1 1 1 1 1 1 1 1 1 1 1 1 1 1 1 1 1 1 1 1 1 1 1 1 1 1 1 1 1 1 1 1 1 1 1 1 1 100 1 1 1 1 1 1 1 1 1 1 1 1 1 1 1 1 1 1 1 1 1 1 1 1 1 1 1 1 1 1 1 1 1 1 1 1 1 1 1 1 1 1 1 1 1 12 12 12 100 12 12 100 12 12 100 12 12 12 7 12 12 12 12 12 12 12 12 12 1 1 12 1 12 1 12 12 1 12 1 12 12 12 12 7 12 1 1 12 1 12 1 1 12 12 1 12 12 12 12 1 12 12 12 12 12 12 12 7 12 1 1 12 12 1 1 12 1 1 1 1 1 1 12 12 12 12 12 12 1 7 12 12 12 1 1 1 1 1 1 1 1 1 1 1 1 1 1 1 1 1 1 1 1 1 1 1 1 1 1 1 1 1 1 1 1 1 1 1 1 1 1 1 1 1 1 1 1 1 1 1 1
staticfield java/lang/Integer TYPE Ljava/lang/Class; java/lang/Class
staticfield java/lang/Integer digits [C 36
staticfield java/lang/Integer DigitTens [B 100
staticfield java/lang/Integer DigitOnes [B 100
staticfield java/lang/Integer sizeTable [I 10
ciInstanceKlass java/lang/Long 1 1 482 7 100 7 7 10 9 9 10 10 10 10 10 10 10 10 5 0 5 0 100 10 10 10 10 10 10 10 10 10 10 10 10 10 10 10 10 10 10 10 10 7 5 0 5 0 9 9 5 0 100 8 10 8 10 8 8 10 5 0 10 5 0 10 10 10 7 11 100 10 11 10 8 10 8 100 10 10 8 8 11 10 10 10 5 0 5 0 9 10 10 8 8 10 8 8 8 8 8 8 10 10 10 10 9 10 10 10 100 100 10 10 10 10 10 10 10 5 0 5 0 5 0 10 5 0 5 0 10 10 10 8 10 9 7 100 7 1 1 1 1 1 1 5 0 1 1 1 1 1 1 1 3 1 3 1 5 0 1 1 1 1 1 1 1 1 1 1 1 1 1 100 1 1 1 1 1 1 1 1 1 1 1 1 1 1 1 1 1 1 1 1 1 1 1 1 1 1 1 1 1 1 1 1 1 1 1 1 1 1 1 1 1 1 1 1 1 1 1 1 1 1 1 1 1 1 1 1 1 1 1 1 1 1 1 1 1 1 1 1 1 1 1 1 1 1 1 1 1 1 1 1 1 1 1 1 1 1 1 1 1 1 1 1 1 1 1 1 1 1 1 1 1 1 1 1 100 1 1 1 1 1 1 1 1 1 1 1 1 1 1 1 1 1 1 1 1 1 1 1 1 1 1 1 1 1 1 1 1 1 1 1 1 1 1 1 1 1 1 12 12 12 100 12 12 100 12 12 12 12 12 1 12 12 12 12 12 12 100 12 12 12 12 12 12 7 12 12 12 12 12 12 12 1 12 12 1 1 12 1 12 1 1 12 12 12 12 7 12 1 1 12 1 12 1 1 12 12 1 1 12 12 12 12 12 12 12 1 1 12 1 1 1 1 1 1 12 12 12 12 12 12 100 12 1 1 12 12 12 12 12 12 12 12 12 12 1 7 12 12 1 1 1 1 1 1 1 1 1 1 1 1 1 1 1 1 1 1 1 1 1 1 1 1 1 1 1 1 1 1 1 1 1 1 1 1 1 1 1 1 1 1 1 1 1 1 1 1 1 1 1 1 1 1 1 1 1 1 1 1 1 1
staticfield java/lang/Long TYPE Ljava/lang/Class; java/lang/Class
ciInstanceKlass java/lang/NullPointerException 1 1 26 10 10 100 100 1 1 1 5 0 1 1 1 1 1 1 1 1 1 1 1 1 12 12 1 1
instanceKlass org/apache/spark/SparkArithmeticException
ciInstanceKlass java/lang/ArithmeticException 1 1 26 10 10 100 100 1 1 1 5 0 1 1 1 1 1 1 1 1 1 1 1 1 12 12 1 1
ciInstanceKlass jdk/internal/misc/VM 1 1 279 10 9 9 7 100 100 10 8 10 10 10 10 10 10 10 10 9 9 10 9 100 8 10 11 7 8 10 7 11 7 11 8 10 8 10 10 10 10 5 0 8 8 8 8 8 10 9 9 9 9 9 9 9 9 10 10 10 10 10 7 5 0 10 1 1 1 3 1 3 1 3 1 3 1 3 1 1 1 1 1 1 1 1 1 1 1 1 1 1 1 1 1 3 1 3 1 3 1 1 1 1 1 1 1 1 1 1 100 1 1 1 100 1 1 1 1 1 1 1 1 1 1 1 1 1 1 1 1 1 1 1 1 1 1 1 1 1 1 1 7 1 1 1 1 1 1 7 1 1 1 1 1 1 7 1 1 1 1 1 1 1 1 1 1 1 1 1 1 1 1 1 1 12 12 12 1 1 1 1 12 12 12 12 12 12 12 12 12 12 12 12 1 1 12 1 1 7 12 1 1 7 12 1 12 1 12 1 12 7 12 12 100 12 1 1 1 1 1 7 12 12 12 12 12 12 12 12 12 12 12 12 12 12 1 1 1 1 100 1 1 1 1 1 1 1 1 1 1 1 1 1 1 1 1 1 1 1 1 1 1 1 1 1 1 1 1 1 1 1 1 1 1 1 1 1 1 1 1
staticfield jdk/internal/misc/VM lock Ljava/lang/Object; java/lang/Object
ciInstanceKlass java/lang/StringLatin1 1 1 314 7 10 100 10 10 10 10 10 10 10 10 10 10 10 10 10 9 10 10 10 10 10 10 10 100 10 10 10 8 8 8 10 10 10 7 10 10 10 10 10 10 10 10 10 10 10 8 10 100 10 10 10 10 10 7 100 100 1 1 1 1 1 1 1 1 1 1 1 1 1 1 1 1 1 1 1 1 1 1 1 1 1 1 1 1 1 1 1 1 1 1 1 1 1 1 1 1 1 1 1 1 1 1 1 1 1 1 1 1 1 1 1 1 1 1 1 1 1 1 1 1 1 100 1 1 1 1 1 1 1 1 1 1 1 1 1 1 1 1 1 1 1 1 1 1 1 1 1 1 1 1 1 1 1 1 1 1 1 1 1 1 1 1 1 1 1 1 1 1 1 1 1 1 1 1 1 1 1 1 100 7 1 1 1 1 1 1 1 1 1 1 1 1 1 1 1 1 1 1 1 1 1 1 1 1 1 1 1 1 1 1 1 1 1 1 1 1 1 12 1 12 12 7 12 12 7 12 12 7 12 12 12 12 12 7 12 12 12 12 12 12 12 12 1 12 12 1 1 1 12 100 12 12 1 12 12 12 12 12 12 12 12 12 12 1 12 1 12 100 12 7 12 12 1 1 1 1 1 1 1 1 1 1 1 1 1 1 1 1 1 1 1 1 1 1 1 1 1 1 1 1 1 1 1 1 1 1 1 1 1 1 1 1
ciInstanceKlass java/lang/Math 1 1 389 10 10 10 10 10 10 10 7 6 0 6 0 10 10 10 10 10 10 10 10 10 10 10 10 100 3 3 3 10 100 5 0 5 0 5 0 5 0 5 0 9 10 100 8 10 8 10 10 100 5 0 5 0 100 3 5 0 3 5 0 10 10 10 9 9 10 7 6 0 10 9 100 10 10 100 10 10 10 10 10 10 10 10 10 6 0 10 10 10 10 7 4 10 10 10 10 10 10 10 10 10 10 10 5 0 6 0 4 6 0 4 6 0 4 10 9 10 9 10 4 6 0 100 7 1 1 1 1 1 6 0 1 6 0 1 1 1 1 1 1 1 1 1 1 1 1 1 1 1 1 1 1 1 1 1 1 1 1 1 1 1 1 1 1 1 1 1 1 1 1 1 1 1 1 1 1 1 1 1 1 1 1 1 1 1 1 1 1 1 1 1 1 1 1 1 1 1 1 1 1 1 1 1 1 1 1 1 1 1 1 1 1 1 1 1 1 1 1 1 1 1 1 1 1 1 1 1 1 1 1 1 1 1 1 1 1 1 1 1 1 1 1 1 1 1 1 1 1 1 1 1 1 1 1 1 1 1 1 1 1 1 1 1 1 1 1 1 1 1 1 1 1 1 1 1 1 1 1 1 1 1 1 12 7 12 12 12 12 12 12 1 12 12 12 12 12 12 12 12 12 12 12 12 1 12 1 12 7 12 1 1 12 1 12 12 1 1 12 12 12 12 12 12 1 12 12 1 12 1 12 12 12 12 12 12 12 12 12 12 12 12 12 1 12 12 12 12 12 12 12 12 12 12 12 12 12 12 12 7 12 1 1 1 1 1 1 1 1 1 1 1 1 1 1 1 1 1 1 1 1 1 1 1 1 1 1 1 1
staticfield java/lang/Math negativeZeroFloatBits J -2147483648
staticfield java/lang/Math negativeZeroDoubleBits J -9223372036854775808
staticfield java/lang/Math $assertionsDisabled Z 1
ciInstanceKlass java/util/Arrays 1 1 1057 10 100 7 10 8 10 10 8 8 10 10 100 10 10 10 10 10 10 10 10 10 7 10 100 10 10 100 10 10 100 10 10 100 10 10 100 10 10 100 10 10 100 10 10 9 10 100 10 10 10 100 10 10 7 9 10 10 10 10 10 10 7 11 10 10 10 10 10 10 10 10 11 10 100 10 10 100 10 10 100 10 10 100 10 10 10 10 10 10 10 10 10 10 10 10 10 10 10 10 10 10 10 10 10 10 10 10 10 10 10 10 10 10 10 7 10 10 8 7 10 10 10 10 9 100 10 9 100 10 9 100 10 9 100 10 9 100 10 9 100 10 9 100 10 100 10 10 9 100 10 10 10 10 10 10 10 10 10 10 10 8 8 10 10 8 10 10 10 10 100 3 10 100 10 10 11 10 10 10 10 10 10 10 10 10 11 8 10 11 11 11 11 18 11 11 18 11 18 11 18 100 10 10 10 10 10 10 10 10 10 10 10 10 10 10 10 10 10 10 10 10 10 10 10 10 10 10 10 10 10 10 10 10 10 100 1 1 1 7 1 100 1 1 1 1 3 1 3 1 1 1 1 1 1 1 1 1 1 1 1 1 1 1 1 1 1 1 1 1 1 1 1 1 1 1 1 1 1 1 1 1 1 1 1 1 1 1 1 1 1 1 1 1 1 1 1 1 1 1 1 1 1 1 7 1 1 1 1 1 1 1 1 1 1 1 1 1 1 1 1 1 1 1 1 1 1 1 1 1 1 1 1 1 1 1 1 1 1 1 1 1 1 1 1 1 1 1 1 1 1 1 1 1 1 1 1 1 1 1 1 1 1 1 1 1 1 1 1 1 1 1 1 1 1 1 1 1 1 1 1 1 1 1 1 1 1 1 1 1 1 1 1 1 1 1 1 1 1 1 1 1 1 1 1 1 1 1 1 1 1 1 1 1 1 1 1 1 1 1 1 1 1 1 1 1 1 1 1 1 1 1 1 1 1 1 1 1 1 1 1 1 1 1 1 1 1 1 1 1 1 1 1 1 1 1 1 1 1 1 1 1 1 1 1 1 1 1 1 1 1 1 1 1 1 1 1 1 1 1 1 1 1 1 1 1 1 1 1 1 1 1 1 1 1 7 1 1 1 1 1 1 1 1 1 1 1 1 1 1 1 1 1 1 1 1 1 1 1 1 1 1 1 1 1 1 1 1 1 1 1 1 1 1 1 1 1 1 1 1 1 1 1 1 1 1 1 100 1 1 1 100 1 1 1 100 1 1 1 1 1 1 1 1 1 1 1 1 1 1 1 1 1 1 1 1 1 1 1 1 1 1 1 1 1 1 1 1 1 1 1 1 1 1 1 1 1 1 1 1 1 1 1 1 1 1 1 1 1 1 1 1 1 1 12 1 1 1 12 12 1 1 12 12 1 12 7 12 12 12 12 12 12 12 12 1 100 12 100 1 1 1 12 12 100 1 1 12 100 1 1 12 100 1 1 12 100 1 1 12 100 1 1 12 100 1 1 12 12 7 12 100 1 1 12 12 7 12 12 12 12 7 12 100 12 12 12 12 1 12 12 7 12 12 12 100 12 12 12 12 7 12 100 1 1 12 1 1 12 1 1 12 1 1 12 12 12 12 12 12 12 100 12 12 100 12 12 12 7 12 12 12 12 12 12 12 12 12 12 12 12 12 12 12 12 12 12 1 7 12 12 1 1 12 12 12 12 100 12 12 12 100 12 100 12 100 12 100 12 12 12 12 12 1 12 12 12 12 12 12 12 12 12 12 1 1 12 12 1 12 12 12 7 12 1 1 12 100 12 12 12 12 12 12 12 12 12 12 12 1 12 100 12 100 12 12 1 15 16 15 12 12 100 12 15 12 100 12 15 12 100 12 15 12 1 7 12 12 12 12 12 12 12 12 12 12 7 12 12 12 12 12 12 12 12 12 12 12 12 12 12 12 12 12 12 12 12 12 12 12 1 1 1 1 1 1 1 1 1 1 1 1 1 1 1 1 1 1 1 1 1 1 1 1 100 1 1 1 1 1 1 1 1 1 1 1 1 1 1 1 1 1 1 1 1 1 1 1 1 1 1 1 1 1 1 1 1 1 1 1 1 1 1 1 1 1 1 1 1 1 1 1 1 1 1 1 1 1 1 1 1 1 1 1 1 1 1 1 1 1 1 1 1 1 1 1 1 1 1 1 1 1 1 1 1 1 1 1 1 1 1 1 1 1 1 1 1 1 1 1 1 1 1 1 1 1 10 10 1 1 1 1 1 1 1 10 1 1 1 1 10 1 1 1 1 10 1 1 1 1 1 1 1 1 1 1 1 1 1 1 1 1 1 1 1 1 1 1 1 1 1 1 1 100 12 12 12 12 12 1 1 100 1 1 100 1 1
staticfield java/util/Arrays $assertionsDisabled Z 1
ciInstanceKlass java/lang/StringUTF16 1 1 532 100 7 10 100 10 7 3 100 100 10 8 10 10 8 10 10 9 10 100 8 10 9 9 10 10 10 10 10 10 10 10 10 10 10 10 10 10 10 10 10 10 100 10 10 10 10 10 10 10 10 10 10 10 10 7 3 10 10 10 10 10 10 10 9 10 10 10 10 100 10 10 10 10 10 8 8 8 10 10 10 10 10 10 10 10 10 10 10 10 10 10 10 10 8 10 100 10 10 10 10 11 10 10 10 9 9 5 0 5 0 10 10 10 10 10 100 100 1 1 100 1 1 1 1 1 1 1 1 1 1 1 1 1 1 1 1 1 1 1 1 1 1 1 1 1 1 1 1 1 1 1 1 1 1 1 1 1 1 1 1 1 1 1 1 1 1 1 1 1 1 1 1 1 1 1 1 100 1 1 1 1 1 1 1 1 1 1 1 1 1 1 1 1 1 1 1 1 1 1 1 1 1 1 1 1 1 1 1 1 1 1 1 1 1 1 1 1 1 1 1 1 1 1 1 1 1 1 1 1 1 1 1 1 1 1 1 1 1 1 1 1 1 1 1 1 1 1 1 1 1 1 1 1 1 1 1 1 1 1 1 1 1 1 1 1 1 1 1 1 1 1 1 1 100 100 1 1 1 1 1 1 1 1 1 1 1 1 1 1 1 1 1 1 1 1 1 1 1 1 1 1 1 1 1 1 1 1 1 1 1 1 1 1 1 1 1 1 1 1 1 1 1 1 1 1 1 1 1 1 1 1 1 1 1 1 1 1 1 1 1 1 1 1 1 1 1 1 1 1 1 1 1 1 1 1 1 1 1 1 12 1 1 1 1 1 12 12 1 12 12 12 12 1 1 12 12 12 12 12 12 12 12 12 12 12 12 12 12 12 12 12 12 12 12 1 12 12 12 12 12 100 12 100 12 12 12 12 12 1 12 12 12 12 12 12 12 12 12 12 12 12 1 12 12 100 12 12 1 1 1 12 12 12 12 100 12 12 12 12 12 12 12 12 7 12 12 12 12 1 12 1 12 100 12 12 12 100 12 12 12 12 12 12 12 12 12 7 12 12 1 1 1 1 1 1 1 1 1 1 1 1 1 1 1 1 1 1 1 1 1 1 1 1 1 1 1 1 1 1 1 1 1 1 1 1 1 1 1 1 1 1 1 1 1 1 1 1 1 1 1 1 1 1 1 1 1 1 1 1 1 1
staticfield java/lang/StringUTF16 HI_BYTE_SHIFT I 0
staticfield java/lang/StringUTF16 LO_BYTE_SHIFT I 8
staticfield java/lang/StringUTF16 $assertionsDisabled Z 1
instanceKlass scala/StringContext$InvalidEscapeException
instanceKlass org/apache/spark/SparkIllegalArgumentException
instanceKlass java/nio/file/InvalidPathException
instanceKlass java/nio/channels/UnsupportedAddressTypeException
instanceKlass org/sparkproject/jetty/util/Utf8Appendable$NotUtf8Exception
instanceKlass org/apache/hadoop/HadoopIllegalArgumentException
instanceKlass java/util/regex/PatternSyntaxException
instanceKlass java/util/IllegalFormatException
instanceKlass java/lang/NumberFormatException
ciInstanceKlass java/lang/IllegalArgumentException 1 1 35 10 10 10 10 100 100 1 1 1 5 0 1 1 1 1 1 1 1 1 1 1 1 1 1 1 1 1 1 12 12 12 12 1 1
instanceKlass java/lang/CharacterData00
instanceKlass java/lang/CharacterDataLatin1
ciInstanceKlass java/lang/CharacterData 1 1 76 10 10 9 9 9 9 9 9 9 100 7 1 1 1 1 1 1 1 1 1 1 1 1 1 1 1 1 1 1 1 1 1 1 1 1 1 1 1 1 1 1 1 1 1 1 1 1 1 1 1 1 12 12 7 12 7 12 100 12 100 100 100 100 1 1 1 1 1 1 1 1 1 1 1 1
ciInstanceKlass java/lang/CharacterDataLatin1 1 1 125 9 9 10 10 3 3 3 10 9 100 3 3 9 10 7 10 9 3 3 3 3 3 3 3 3 3 3 3 3 3 3 3 3 3 3 3 3 3 3 3 3 3 3 3 3 3 3 3 3 3 3 3 7 1 1 1 1 1 1 1 1 1 1 1 1 1 1 1 1 1 1 1 1 1 1 1 1 1 1 1 1 1 1 1 1 1 1 1 1 1 1 1 1 1 1 1 1 1 1 1 1 1 1 1 1 1 100 1 1 1 1 1 12 12 12 12 12 12 1 12 12 1 12 1
staticfield java/lang/CharacterDataLatin1 DIGITS [B 256
staticfield java/lang/CharacterDataLatin1 instance Ljava/lang/CharacterDataLatin1; java/lang/CharacterDataLatin1
staticfield java/lang/CharacterDataLatin1 A [I 256
staticfield java/lang/CharacterDataLatin1 B [C 256
ciInstanceKlass java/io/File 1 1 639 9 9 10 9 9 9 10 9 9 100 10 8 10 10 100 10 10 10 10 10 100 8 10 10 8 10 8 10 8 10 8 10 8 10 8 10 8 10 9 10 10 10 10 10 10 10 7 10 10 10 10 10 7 8 10 10 10 8 10 7 10 10 10 10 7 10 100 10 10 10 10 10 8 7 10 100 100 10 10 10 7 10 10 10 10 10 10 10 10 10 10 10 7 100 10 11 11 11 11 100 10 10 10 10 100 11 10 10 10 10 10 10 10 8 10 10 10 10 10 10 10 10 100 8 10 10 10 8 8 8 10 10 100 8 10 10 10 10 10 10 10 10 8 10 10 9 9 10 9 10 9 10 10 10 10 10 10 9 10 9 9 10 10 8 7 100 100 7 1 1 7 1 1 1 1 1 1 1 1 1 1 1 1 1 1 1 1 1 1 1 1 1 5 0 1 1 1 1 1 1 1 1 1 1 1 1 1 1 1 1 1 1 1 1 1 1 1 1 1 1 1 1 1 1 1 1 1 1 1 1 1 1 1 1 1 1 1 1 1 1 1 1 1 1 1 1 1 1 1 1 1 1 1 1 1 100 1 1 1 1 1 1 1 1 1 1 1 1 1 1 1 1 1 1 1 1 1 1 1 1 1 100 1 1 1 1 1 1 1 1 1 100 1 1 100 1 1 1 1 1 1 1 1 1 1 1 1 1 1 1 1 1 1 1 1 1 1 1 1 1 1 1 1 1 1 1 1 1 1 1 1 1 1 1 1 1 1 1 1 1 1 1 1 1 1 1 100 1 1 1 1 7 1 1 1 100 100 1 1 1 1 1 1 1 12 12 12 12 12 12 12 12 12 1 1 12 12 1 12 12 12 12 1 1 12 12 1 12 1 12 1 12 1 12 1 12 1 12 1 12 12 12 12 12 12 12 12 12 1 12 12 12 12 12 1 1 12 12 1 12 1 12 12 12 1 1 12 12 12 12 1 1 12 1 1 12 7 12 12 1 12 12 12 12 12 12 12 12 100 12 12 12 1 1 12 12 12 12 12 12 12 12 12 12 12 12 12 1 12 12 12 12 12 12 12 12 1 1 12 12 1 1 1 12 12 1 1 12 12 12 12 100 12 12 100 12 12 12 12 12 7 12 12 12 12 7 12 7 12 7 12 7 12 12 12 12 12 12 12 12 12 1 1 1 1 1 1 1 1 1 1 1 1 1 1 1 1 1 1 1 1 1 1 1 1 1 1 1 1 1 1 1 1 1 1 1 1 1 1 1 1 1 1 1 1 1 1 1 1 1 1 1 1 1 1 1 1 1 1 1 1 1 1 1 1 1 1 1 1 1 1 1 1 1 1 1 1 1 1 1 1 1 1 1 1 1 1 1 1 1 1 1 1 1 1 1 1 1 1 1 1 1 1 1 1 1 1 1 1 1 1 1 1 1 1 1 1 1
staticfield java/io/File fs Ljava/io/FileSystem; java/io/WinNTFileSystem
staticfield java/io/File separatorChar C 92
staticfield java/io/File separator Ljava/lang/String; "\"staticfield java/io/File pathSeparatorChar C 59
staticfield java/io/File pathSeparator Ljava/lang/String; ";"staticfield java/io/File UNSAFE Ljdk/internal/misc/Unsafe; jdk/internal/misc/Unsafe
staticfield java/io/File PATH_OFFSET J 16
staticfield java/io/File PREFIX_LENGTH_OFFSET J 12
staticfield java/io/File $assertionsDisabled Z 1
ciInstanceKlass java/net/URLStreamHandlerFactory 1 0 9 100 100 1 1 1 1 1 1
ciInstanceKlass java/net/URL$DefaultFactory 1 1 70 10 7 10 9 10 8 8 10 10 10 7 100 100 8 7 7 100 1 1 1 1 1 1 1 1 1 1 1 1 1 1 1 1 1 1 100 1 1 1 1 7 12 1 12 12 1 1 12 7 12 12 1 1 1 1 1 1 1 1 1 1 1 1 1 1 1 1 1 1
ciInstanceKlass sun/net/www/ParseUtil 1 1 530 7 10 10 9 10 10 10 10 5 0 5 0 10 10 10 10 100 3 7 10 10 10 10 7 10 10 10 9 10 9 10 10 9 100 10 10 10 10 10 100 100 10 10 10 10 10 10 8 10 10 10 10 10 10 8 10 10 8 10 10 10 10 8 8 10 8 10 10 8 10 10 7 8 8 10 10 10 10 10 10 8 10 100 10 10 100 10 100 10 10 10 10 10 10 8 5 0 5 0 10 10 5 0 5 0 8 5 0 5 0 8 8 10 10 10 10 10 10 10 5 0 5 0 10 10 10 100 10 10 9 10 8 10 10 100 1 1 1 1 1 1 5 0 1 1 1 1 5 0 1 1 5 0 1 1 5 0 1 1 1 5 0 1 5 0 1 5 0 1 1 5 0 1 5 0 1 5 0 1 1 1 1 5 0 1 1 1 1 5 0 1 1 1 1 1 1 1 1 1 1 1 1 1 1 1 1 1 1 1 1 1 1 1 1 1 1 1 1 1 1 1 1 1 1 1 1 1 1 1 1 100 1 1 1 1 1 1 1 1 1 1 1 1 1 1 1 1 1 1 1 1 1 100 100 100 100 1 1 1 1 1 1 1 1 100 1 1 1 1 1 1 1 1 1 1 1 1 1 1 1 1 1 1 1 1 1 1 1 1 1 1 1 1 1 1 1 1 1 1 1 1 1 1 1 1 1 1 1 1 1 1 1 1 1 1 1 1 1 1 1 1 1 12 12 7 12 12 12 12 12 12 12 100 12 12 1 1 12 7 12 12 12 1 12 12 12 100 12 100 12 100 12 12 12 12 1 12 12 12 12 1 1 12 12 12 12 12 1 12 12 12 12 12 1 12 12 1 12 12 12 1 1 12 1 12 12 1 12 12 1 1 12 12 12 12 12 12 1 12 1 12 12 1 1 12 12 12 12 1 12 12 1 1 1 12 12 12 12 12 12 12 12 12 100 12 1 12 12 12 12 1 12 7 12 1 1 1 1 1 1 1 1 1 1 1 1 1 1 1 1 1 1 1 1 1 1 1 1 1 1 1 1 1 1 1 1 1 1 1 1 1 1 1 1 1 1 1 1 1 1 1 1 1 1 1 1 1 1 1 1 1 1 1 1 1 1 1 1 1 1 1 1 1 1 1 1 1 1 1 1 1 1 1 1 1 1 1 1 1 1 1 1 1 1 1 1 1 1 1
staticfield sun/net/www/ParseUtil hexDigits [C 16
staticfield sun/net/www/ParseUtil $assertionsDisabled Z 1
instanceKlass org/apache/hadoop/fs/FsUrlStreamHandler
instanceKlass sun/net/www/protocol/jrt/Handler
instanceKlass sun/net/www/protocol/jar/Handler
instanceKlass sun/net/www/protocol/file/Handler
ciInstanceKlass java/net/URLStreamHandler 1 1 268 10 100 8 10 10 10 10 10 10 10 10 10 10 10 10 10 10 10 10 10 100 7 10 8 10 10 10 10 8 8 8 10 10 8 8 10 8 10 10 8 10 8 10 8 10 10 10 10 10 10 10 10 10 10 9 10 10 10 10 8 100 8 10 10 10 10 8 7 7 1 1 1 1 1 1 1 1 1 1 100 1 1 1 1 1 1 1 1 1 1 1 1 1 1 1 1 1 1 1 1 1 1 1 1 1 1 1 1 1 1 7 7 1 1 1 1 1 1 1 1 1 1 1 1 1 1 100 1 1 1 1 1 1 1 1 1 1 1 1 1 1 1 1 1 1 1 1 1 12 1 1 12 12 12 12 12 12 12 12 12 12 12 12 12 12 12 12 7 12 1 1 1 12 12 100 12 1 1 1 12 12 1 1 12 1 12 12 1 12 1 12 1 12 12 12 12 12 12 12 12 12 12 12 12 12 1 1 1 12 12 12 1 1 1 1 1 1 1 1 1 1 1 1 1 1 1 1 1 1 1 1 1 1 1 1 1 1 1 1 1 1 1 1 1 1 1 1 1 1 1 1 1 1 1 1 1 1 1 1 1 1 1 1 1 1 1 1
ciInstanceKlass sun/net/www/protocol/file/Handler 1 1 161 10 10 8 9 10 10 10 10 10 10 8 10 8 7 10 10 100 10 8 10 10 10 100 10 7 8 10 8 10 10 10 100 8 10 10 7 10 10 10 7 7 1 1 1 1 1 1 1 1 1 1 1 1 1 1 7 1 1 1 1 1 1 1 1 1 1 1 1 1 1 1 1 1 1 1 1 1 1 100 100 1 1 1 1 1 1 1 1 1 1 12 12 1 12 12 12 12 12 7 12 12 1 12 1 1 12 12 1 1 12 12 12 1 12 1 1 12 1 12 12 12 1 1 12 1 12 12 12 1 1 1 1 1 1 1 1 1 1 1 1 1 1 1 1 1 1 1 1 1 1 1 1 1 1 1 1 1 1 1 1
ciInstanceKlass sun/net/util/IPAddressUtil 1 1 614 10 7 10 10 5 0 10 5 0 10 9 10 100 100 10 8 10 10 10 10 10 3 10 10 10 10 10 10 10 10 8 8 8 10 8 8 8 10 5 0 5 0 10 8 10 8 10 8 10 10 10 5 0 5 0 8 8 5 0 8 5 0 8 10 10 10 10 10 10 5 0 5 0 10 9 10 100 10 10 9 18 10 100 100 10 100 10 10 100 10 10 18 10 100 11 8 10 10 11 100 10 10 10 10 10 5 0 9 10 5 0 10 10 10 10 10 10 10 100 8 10 10 9 10 10 10 18 11 18 11 10 11 10 10 10 3 3 3 3 3 3 3 3 3 7 10 8 8 10 10 10 100 1 1 1 3 1 3 1 3 1 1 5 0 1 5 0 1 5 0 1 5 0 1 5 0 1 1 1 1 5 0 1 1 1 5 0 1 1 1 1 1 1 1 1 1 1 1 1 3 1 3 1 1 1 1 1 1 1 1 1 1 1 1 1 1 1 1 1 1 1 1 1 1 1 1 1 1 1 1 1 1 7 100 1 1 1 1 1 1 1 1 1 1 1 1 1 1 1 1 1 1 1 1 1 100 1 1 1 1 1 1 1 1 1 1 1 1 1 1 1 1 1 1 1 1 1 1 1 1 1 1 1 1 1 1 1 1 1 1 1 1 1 1 1 1 1 1 1 1 1 1 1 1 1 1 1 1 1 1 1 1 1 100 1 1 1 1 1 1 1 1 1 1 100 100 1 1 1 1 1 1 1 1 1 1 1 1 1 1 1 1 1 1 1 1 1 1 1 1 100 1 1 1 1 1 1 1 12 1 12 12 12 12 12 12 1 1 1 12 12 12 12 12 12 12 12 12 12 100 12 12 100 12 1 1 1 12 1 1 1 12 12 1 12 1 12 1 12 12 12 1 1 1 1 7 12 12 12 12 12 12 12 12 12 1 12 12 12 1 15 16 15 16 12 12 1 1 12 1 12 12 1 12 12 16 15 16 12 100 12 1 12 1 12 12 1 7 12 12 12 12 12 12 12 12 12 12 12 12 12 1 1 12 12 12 12 100 12 15 16 100 12 16 15 16 12 12 100 12 12 12 12 7 12 1 1 1 7 12 7 12 12 1 1 1 1 1 1 1 1 1 1 1 1 1 1 1 1 1 1 1 1 1 1 1 1 1 1 1 1 1 1 1 1 1 1 1 1 1 1 1 10 1 10 1 1 1 1 1 1 1 1 1 1 1 10 1 1 1 1 1 1 1 1 1 1 1 1 1 1 1 1 1 1 1 1 1 1 1 10 1 1 1 1 1 10 1 1 1 1 1 1 1 1 1 1 1 1 1 1 1 1 1 1 1 1 100 12 12 12 12 12 1 1 100 1 1 1 1 100 1 1
staticfield sun/net/util/IPAddressUtil OTHERS [C 17
staticfield sun/net/util/IPAddressUtil cache Ljava/util/concurrent/ConcurrentHashMap; java/util/concurrent/ConcurrentHashMap
staticfield sun/net/util/IPAddressUtil SUPPORTED_RADIXES [I 3
staticfield sun/net/util/IPAddressUtil ALLOW_AMBIGUOUS_IPADDRESS_LITERALS_SP_VALUE Z 0
staticfield sun/net/util/IPAddressUtil $assertionsDisabled Z 1
ciInstanceKlass sun/net/www/protocol/jar/Handler 1 1 201 10 7 10 10 10 10 10 8 10 10 7 8 10 10 10 7 10 10 100 10 10 8 10 8 10 10 100 10 10 10 10 10 7 10 10 10 8 10 8 8 8 10 8 8 10 8 8 10 7 1 1 1 1 1 1 1 1 1 1 1 1 1 1 1 100 1 1 1 1 1 1 1 1 1 1 1 1 1 1 1 1 1 1 1 1 7 1 1 1 1 1 1 1 1 1 1 1 1 1 1 1 1 1 1 1 1 1 1 1 1 1 1 1 1 1 1 1 1 1 1 1 12 1 12 12 12 12 12 1 12 12 1 1 12 12 12 1 12 12 1 12 1 12 1 12 12 1 12 12 12 7 12 1 12 12 1 12 1 1 1 12 1 1 12 1 1 12 1 1 1 1 1 1 1 1 1 1 1 1 1 1 1 1 1 1 1 1 1 1 1 1 1 1 1 1 1 1 1 1 1
ciInstanceKlass sun/net/www/protocol/jrt/Handler 1 1 28 10 100 10 100 7 1 1 1 1 1 1 1 1 1 1 1 1 100 1 1 12 1 12 1 1 1 1
ciInstanceKlass java/util/Locale 1 1 1162 10 9 9 100 10 10 8 10 10 10 10 10 10 9 10 7 100 10 9 9 10 9 10 9 9 100 8 10 10 10 8 8 10 8 10 10 10 10 8 8 8 8 10 10 7 9 10 9 10 9 10 9 10 9 10 7 10 10 10 100 10 9 10 9 8 10 8 10 100 8 10 10 10 9 100 8 10 7 10 10 10 9 8 10 10 10 10 10 10 10 100 7 10 8 10 10 10 10 10 10 10 10 10 10 8 10 10 10 10 10 8 9 10 10 10 10 7 8 10 10 10 10 11 11 11 10 10 10 10 8 10 10 10 10 100 8 8 10 8 10 8 8 10 10 10 10 10 10 100 10 8 9 7 10 10 10 10 10 10 8 10 10 10 8 100 10 10 10 10 11 18 11 18 11 18 10 10 10 11 100 100 10 10 8 10 100 100 10 9 10 10 10 10 100 8 10 10 10 10 10 8 8 8 9 10 10 8 10 10 10 18 10 8 10 10 8 10 11 18 11 10 10 8 10 8 8 8 8 8 10 10 10 10 100 10 10 10 10 8 8 8 8 8 8 8 10 8 8 9 8 8 9 10 9 10 10 10 10 10 100 10 10 10 7 10 10 9 8 9 8 9 8 9 9 8 9 8 9 8 9 8 9 8 9 8 9 8 9 9 8 9 9 9 9 8 9 8 9 8 9 9 10 7 10 9 9 100 100 7 1 100 1 100 1 100 1 7 1 100 1 1 1 100 1 1 1 1 1 1 1 1 1 1 1 1 1 1 1 1 1 1 1 1 1 1 1 1 1 1 1 1 1 3 1 3 1 1 5 0 1 1 3 1 3 1 3 1 3 1 3 1 3 1 1 1 1 1 1 1 1 1 1 1 1 1 1 1 1 1 1 1 1 1 1 1 1 1 1 1 1 1 1 1 1 1 1 1 1 1 1 1 1 1 1 1 1 1 1 1 1 100 1 1 1 1 1 7 1 1 1 1 1 1 1 1 1 1 1 1 100 1 1 1 1 1 1 1 1 1 1 1 1 1 1 1 1 1 1 1 1 1 1 1 1 1 1 1 1 1 1 1 1 1 1 1 1 1 1 1 1 1 1 1 1 1 1 1 1 1 1 1 1 1 1 1 7 7 1 1 1 1 7 1 1 1 1 1 1 1 1 1 1 1 1 1 1 1 1 1 1 1 1 1 1 1 1 1 100 1 1 1 1 1 1 1 1 1 1 1 1 1 1 1 1 1 1 100 100 1 1 1 1 1 1 1 1 1 1 1 1 1 1 1 1 1 1 1 1 1 1 1 1 1 1 1 1 1 1 1 100 1 1 100 100 1 1 1 1 1 100 1 1 1 100 100 1 100 1 1 1 1 1 1 1 1 1 1 1 1 1 1 1 1 1 1 1 1 1 1 1 1 1 1 1 1 1 1 1 1 1 1 1 1 1 1 1 1 1 100 100 100 12 12 12 1 12 1 12 12 12 12 12 12 12 12 1 1 12 12 12 12 12 12 12 12 1 1 12 12 7 12 1 1 12 1 12 12 12 12 1 1 1 1 12 7 12 1 12 12 12 12 12 12 12 12 12 12 1 12 1 12 12 12 12 1 12 1 100 12 1 1 12 12 12 12 1 1 12 1 12 100 12 12 12 1 12 12 12 12 1 1 1 12 12 12 100 12 12 100 12 12 12 12 1 12 12 12 12 1 12 12 12 1 1 12 12 12 12 12 12 12 12 12 1 12 12 12 12 1 1 1 1 1 1 12 12 12 12 12 12 1 12 1 12 1 7 12 12 12 100 12 12 12 1 12 12 12 1 1 12 12 100 12 12 100 12 1 15 16 15 16 12 100 12 16 15 16 12 12 15 12 12 12 12 12 1 12 1 12 1 1 12 12 12 12 1 1 12 12 1 1 1 12 12 12 1 12 12 100 12 15 12 12 1 12 12 1 100 12 12 16 15 16 12 12 7 12 12 12 1 12 12 12 12 1 12 12 12 1 1 1 1 1 12 1 1 12 1 1 12 100 12 12 12 12 12 1 12 12 7 12 1 12 12 1 12 1 12 1 12 12 1 12 1 12 1 12 1 12 1 12 1 12 1 12 12 1 12 12 12 12 1 12 12 1 12 12 12 1 12 12 12 1 1 1 1 1 1 1 1 1 1 1 1 1 1 1 1 1 1 1 1 1 1 1 1 1 1 1 1 1 1 1 1 1 1 1 1 1 1 1 1 1 1 1 1 1 1 1 1 1 1 1 1 1 1 1 1 1 1 1 1 1 1 1 1 1 1 1 1 1 1 1 1 1 1 1 1 1 1 1 1 1 1 1 1 1 1 1 1 1 1 1 1 1 1 1 1 1 1 1 1 1 1 1 1 1 1 1 1 1 1 1 1 1 100 1 1 1 1 1 1 1 1 1 1 1 1 1 1 1 1 1 1 10 10 1 1 1 1 1 1 1 1 1 10 1 1 1 1 1 1 1 1 1 1 1 1 1 1 1 1 1 1 10 1 1 1 1 1 1 1 1 1 1 10 1 1 1 1 1 1 1 1 1 1 1 1 1 1 1 1 1 1 1 1 1 1 1 1 1 1 1 1 1 1 1 100 12 12 12 12 12 1 1 100 1 1 100 1 1
staticfield java/util/Locale LOCALECACHE Ljava/util/Locale$Cache; java/util/Locale$Cache
staticfield java/util/Locale ENGLISH Ljava/util/Locale; java/util/Locale
staticfield java/util/Locale FRENCH Ljava/util/Locale; java/util/Locale
staticfield java/util/Locale GERMAN Ljava/util/Locale; java/util/Locale
staticfield java/util/Locale ITALIAN Ljava/util/Locale; java/util/Locale
staticfield java/util/Locale JAPANESE Ljava/util/Locale; java/util/Locale
staticfield java/util/Locale KOREAN Ljava/util/Locale; java/util/Locale
staticfield java/util/Locale CHINESE Ljava/util/Locale; java/util/Locale
staticfield java/util/Locale SIMPLIFIED_CHINESE Ljava/util/Locale; java/util/Locale
staticfield java/util/Locale TRADITIONAL_CHINESE Ljava/util/Locale; java/util/Locale
staticfield java/util/Locale FRANCE Ljava/util/Locale; java/util/Locale
staticfield java/util/Locale GERMANY Ljava/util/Locale; java/util/Locale
staticfield java/util/Locale ITALY Ljava/util/Locale; java/util/Locale
staticfield java/util/Locale JAPAN Ljava/util/Locale; java/util/Locale
staticfield java/util/Locale KOREA Ljava/util/Locale; java/util/Locale
staticfield java/util/Locale CHINA Ljava/util/Locale; java/util/Locale
staticfield java/util/Locale PRC Ljava/util/Locale; java/util/Locale
staticfield java/util/Locale TAIWAN Ljava/util/Locale; java/util/Locale
staticfield java/util/Locale UK Ljava/util/Locale; java/util/Locale
staticfield java/util/Locale US Ljava/util/Locale; java/util/Locale
staticfield java/util/Locale CANADA Ljava/util/Locale; java/util/Locale
staticfield java/util/Locale CANADA_FRENCH Ljava/util/Locale; java/util/Locale
staticfield java/util/Locale ROOT Ljava/util/Locale; java/util/Locale
staticfield java/util/Locale serialPersistentFields [Ljava/io/ObjectStreamField; 6 [Ljava/io/ObjectStreamField;
staticfield java/util/Locale $assertionsDisabled Z 1
ciInstanceKlass java/net/MalformedURLException 0 0 26 10 10 100 100 1 1 1 5 0 1 1 1 1 1 1 1 1 1 1 1 1 12 12 1 1
instanceKlass org/apache/spark/SparkSecurityException
instanceKlass java/security/AccessControlException
ciInstanceKlass java/lang/SecurityException 0 0 35 10 10 10 10 100 100 1 1 1 5 0 1 1 1 1 1 1 1 1 1 1 1 1 1 1 1 1 1 12 12 12 12 1 1
ciInstanceKlass org/apache/hadoop/fs/FsUrlStreamHandlerFactory 1 1 151 1 7 1 7 1 100 1 1 1 1 100 1 100 1 1 100 1 100 1 1 1 1 1 1 1 1 1 1 1 1 1 1 1 7 12 10 1 12 10 1 1 1 7 10 1 7 10 12 9 10 12 9 1 8 1 7 1 1 12 10 1 100 1 12 10 1 7 10 12 9 12 9 100 1 7 1 1 12 10 1 7 1 1 12 11 1 1 1 1 1 1 12 9 1 8 1 7 1 1 12 11 1 1 12 11 1 8 1 12 11 1 7 1 1 12 11 1 1 12 10 1 8 1 8 1 1 1 1 1 1 1 1 7 1 1 12 10 1 8 1 8 1 1 1 1 1 1 1 1 1
staticfield org/apache/hadoop/fs/FsUrlStreamHandlerFactory LOG Lorg/slf4j/Logger; org/apache/logging/slf4j/Log4jLogger
staticfield org/apache/hadoop/fs/FsUrlStreamHandlerFactory UNEXPORTED_PROTOCOLS [Ljava/lang/String; 2 [Ljava/lang/String;
ciInstanceKlass java/lang/CharacterData00 1 1 247 9 9 9 9 10 10 3 3 3 3 3 3 3 3 3 3 3 3 3 3 3 3 3 3 3 3 3 3 3 3 3 3 3 3 3 3 3 3 3 3 3 3 3 3 3 3 3 3 3 3 3 3 3 3 3 3 3 3 3 3 3 3 3 3 3 3 3 3 3 3 3 3 3 3 3 3 3 3 3 3 3 3 3 3 3 3 3 3 3 3 3 3 3 3 3 3 3 3 3 3 3 3 3 3 3 10 100 3 3 3 3 10 9 10 7 10 9 10 9 8 10 8 8 7 7 3 3 3 3 3 3 3 3 3 3 3 3 8 100 10 7 1 1 1 1 1 1 1 1 1 1 1 1 1 1 1 1 1 1 1 1 1 1 1 1 1 1 1 1 1 1 1 1 1 1 1 1 1 1 1 1 1 1 1 1 1 1 1 1 1 1 1 1 1 1 1 1 1 1 1 1 1 1 1 1 1 1 1 1 1 1 1 1 1 1 12 12 12 12 12 12 12 1 12 12 12 1 7 12 12 12 1 7 12 1 1 1 1 1 1 1 1 1 1 1 1
staticfield java/lang/CharacterData00 instance Ljava/lang/CharacterData00; java/lang/CharacterData00
staticfield java/lang/CharacterData00 charMap [[[C 103 [[[C
staticfield java/lang/CharacterData00 X [C 2048
staticfield java/lang/CharacterData00 Y [C 5872
staticfield java/lang/CharacterData00 A [I 938
staticfield java/lang/CharacterData00 B [C 938
staticfield java/lang/CharacterData00 $assertionsDisabled Z 1
ciMethod java/lang/Object <init> ()V 4097 1 645427 0 96
ciMethod java/lang/String length ()I 2305 1 308446 0 64
ciMethod java/lang/String isEmpty ()Z 2177 1 38499 0 64
ciMethod java/lang/String charAt (I)C 2049 1 833999 0 128
ciMethod java/lang/String equals (Ljava/lang/Object;)Z 4097 1 5926 0 -1
ciMethod java/lang/String equalsIgnoreCase (Ljava/lang/String;)Z 2065 1 5411 0 -1
ciMethod java/lang/String regionMatches (ILjava/lang/String;II)Z 1 1 130 0 -1
ciMethod java/lang/String regionMatches (ZILjava/lang/String;II)Z 7641 1 10284 0 0
ciMethod java/lang/String startsWith (Ljava/lang/String;I)Z 2089 13625 4265 0 512
ciMethod java/lang/String startsWith (Ljava/lang/String;)Z 3097 1 38818 0 480
ciMethod java/lang/String endsWith (Ljava/lang/String;)Z 2049 1 16920 0 -1
ciMethod java/lang/String indexOf (I)I 2113 1 51453 0 -1
ciMethod java/lang/String indexOf (II)I 2113 1 45482 0 448
ciMethod java/lang/String lastIndexOf (I)I 2209 1 58229 0 448
ciMethod java/lang/String lastIndexOf (II)I 2217 1 58294 0 416
ciMethod java/lang/String indexOf (Ljava/lang/String;)I 2049 1 5380 0 480
ciMethod java/lang/String indexOf (Ljava/lang/String;I)I 2089 1 6191 0 -1
ciMethod java/lang/String substring (I)Ljava/lang/String; 1985 1 6500 0 1120
ciMethod java/lang/String substring (II)Ljava/lang/String; 2081 1 5637 0 1216
ciMethod java/lang/String replace (CC)Ljava/lang/String; 2145 1 10583 0 1440
ciMethod java/lang/String toLowerCase (Ljava/util/Locale;)Ljava/lang/String; 2201 1 13200 0 -1
ciMethod java/lang/String <init> ([BB)V 3089 1 97198 0 0
ciMethod java/lang/String coder ()B 3873 1 423692 0 32
ciMethod java/lang/String isLatin1 ()Z 4065 1 1037551 0 64
ciMethod java/lang/String checkBoundsBeginEnd (III)V 3105 1 5514 0 128
ciMethod java/lang/System getSecurityManager ()Ljava/lang/SecurityManager; 2057 1 60139 0 -1
ciMethod java/lang/System arraycopy (Ljava/lang/Object;ILjava/lang/Object;II)V 2049 1 256 0 -1
ciMethod java/util/Hashtable get (Ljava/lang/Object;)Ljava/lang/Object; 3073 1 1367 0 -1
ciMethod java/util/Hashtable put (Ljava/lang/Object;Ljava/lang/Object;)Ljava/lang/Object; 2761 1161 1020 0 -1
ciMethod java/lang/AbstractStringBuilder <init> (I)V 1577 1 5358 0 -1
ciMethod java/lang/AbstractStringBuilder append (Ljava/lang/String;)Ljava/lang/AbstractStringBuilder; 2137 1 12669 0 -1
ciMethod java/lang/AbstractStringBuilder isLatin1 ()Z 2609 1 103400 0 -1
ciMethod java/lang/StringBuilder <init> ()V 1569 1 46923 0 384
ciMethod java/lang/StringBuilder append (Ljava/lang/String;)Ljava/lang/StringBuilder; 2137 1 123407 0 1696
ciMethod java/lang/StringBuilder append (I)Ljava/lang/StringBuilder; 17 1 11065 0 -1
ciMethod java/lang/StringBuilder toString ()Ljava/lang/String; 1577 1 75090 0 1920
ciMethod java/net/URL <init> (Ljava/lang/String;)V 513 1 64 0 -1
ciMethod java/net/URL <init> (Ljava/net/URL;Ljava/lang/String;Ljava/net/URLStreamHandler;)V 609 10729 4388 0 -1
ciMethod java/net/URL isValidProtocol (Ljava/lang/String;)Z 1 1 68 0 0
ciMethod java/net/URL checkSpecifyHandler (Ljava/lang/SecurityManager;)V 0 0 1 0 -1
ciMethod java/net/URL set (Ljava/lang/String;Ljava/lang/String;ILjava/lang/String;Ljava/lang/String;Ljava/lang/String;Ljava/lang/String;Ljava/lang/String;)V 2049 1 5440 0 -1
ciMethod java/net/URL getQuery ()Ljava/lang/String; 1025 1 128 0 -1
ciMethod java/net/URL getPath ()Ljava/lang/String; 1025 1 128 0 -1
ciMethod java/net/URL getUserInfo ()Ljava/lang/String; 1097 1 137 0 -1
ciMethod java/net/URL getAuthority ()Ljava/lang/String; 1025 1 128 0 -1
ciMethod java/net/URL getPort ()I 1025 1 128 0 -1
ciMethod java/net/URL getProtocol ()Ljava/lang/String; 1049 1 131 0 -1
ciMethod java/net/URL getHost ()Ljava/lang/String; 1097 1 137 0 -1
ciMethod java/net/URL getFile ()Ljava/lang/String; 1033 1 129 0 0
ciMethod java/net/URL getRef ()Ljava/lang/String; 1025 1 128 0 -1
ciMethod java/net/URL lookupViaProperty (Ljava/lang/String;)Ljava/net/URLStreamHandler; 17 1 2 0 -1
ciMethod java/net/URL lookupViaProviders (Ljava/lang/String;)Ljava/net/URLStreamHandler; 0 0 1 0 -1
ciMethod java/net/URL toLowerCase (Ljava/lang/String;)Ljava/lang/String; 2129 1 647 0 0
ciMethod java/net/URL isOverrideable (Ljava/lang/String;)Z 41 1 5 0 -1
ciMethod java/net/URL getURLStreamHandler (Ljava/lang/String;)Ljava/net/URLStreamHandler; 2297 1 380 0 0
ciMethod java/net/URL isBuiltinStreamHandler (Ljava/net/URLStreamHandler;)Z 2313 1 6019 0 -1
ciMethod java/lang/Character isLetter (C)Z 2177 1 86 0 -1
ciMethod java/lang/Character isLetterOrDigit (C)Z 2657 1 568 0 -1
ciMethod java/lang/Character toLowerCase (C)C 2121 1 27076 0 0
ciMethod java/lang/Character toLowerCase (I)I 3185 1 59065 0 0
ciMethod java/lang/Character toUpperCase (C)C 3121 1 32333 0 0
ciMethod java/lang/Character toUpperCase (I)I 3121 1 32367 0 0
ciMethod java/lang/Integer parseInt (Ljava/lang/CharSequence;III)I 25 41 17 0 -1
ciMethod jdk/internal/misc/VM isBooted ()Z 921 1 115 0 -1
ciMethod java/lang/StringLatin1 charAt ([BI)C 2049 1 813266 0 96
ciMethod java/lang/StringLatin1 canEncode (I)Z 1609 1 145066 0 64
ciMethod java/lang/StringLatin1 indexOf ([BII)I 937 27353 2356 0 384
ciMethod java/lang/StringLatin1 indexOf ([B[B)I 2049 1 5380 0 -1
ciMethod java/lang/StringLatin1 lastIndexOf ([BII)I 929 58473 977 0 384
ciMethod java/lang/StringLatin1 replace ([BCC)Ljava/lang/String; 1025 47689 828 0 1248
ciMethod java/lang/StringLatin1 regionMatchesCI ([BI[BII)Z 2049 753 9228 0 0
ciMethod java/lang/StringLatin1 regionMatchesCI_UTF16 ([BI[BII)Z 0 0 1 0 -1
ciMethod java/lang/StringLatin1 newString ([BII)Ljava/lang/String; 3097 1 83870 0 960
ciMethod java/lang/StringLatin1 inflate ([BI[BII)V 0 0 15 0 -1
ciMethod java/lang/Math min (II)I 2185 1 92620 0 -1
ciMethod java/util/Arrays copyOfRange ([BII)[B 3097 1 6482 0 576
ciMethod java/lang/StringUTF16 newBytesFor (I)[B 0 0 14 0 -1
ciMethod java/lang/StringUTF16 putChar ([BII)V 113385 1 22374 0 -1
ciMethod java/lang/StringUTF16 getChar ([BI)C 4097 1 26392 0 -1
ciMethod java/lang/StringUTF16 indexOf ([BII)I 0 0 1 0 -1
ciMethod java/lang/StringUTF16 indexOf ([B[B)I 0 0 1 0 -1
ciMethod java/lang/StringUTF16 indexOfLatin1 ([B[B)I 0 0 1 0 -1
ciMethod java/lang/StringUTF16 lastIndexOf ([BII)I 0 0 1 0 -1
ciMethod java/lang/StringUTF16 replace ([BCC)Ljava/lang/String; 0 0 1 0 -1
ciMethod java/lang/StringUTF16 regionMatchesCI ([BI[BII)Z 0 0 1 0 -1
ciMethod java/lang/StringUTF16 regionMatchesCI_Latin1 ([BI[BII)Z 0 0 1 0 -1
ciMethod java/lang/StringUTF16 newString ([BII)Ljava/lang/String; 1 1 3212 0 -1
ciMethod java/lang/StringUTF16 charAt ([BI)C 0 0 8 0 0
ciMethod java/lang/StringUTF16 checkIndex (I[B)V 0 0 73 0 -1
ciMethodData java/lang/Object <init> ()V 2 645436 orig 80 1 0 0 0 0 0 0 0 0 0 0 0 0 0 0 0 0 0 0 0 0 0 0 0 0 0 0 0 0 0 0 0 0 0 0 0 0 0 0 0 0 0 0 0 0 0 0 0 0 0 0 0 0 0 0 0 0 0 0 0 0 0 0 0 0 0 0 0 0 0 0 0 0 0 0 0 0 0 0 0 data 4 0x0 0x9 0x1 0x0 oops 0 methods 0
ciMethod java/lang/CharacterData toLowerCase (I)I 0 0 1 0 -1
ciMethod java/lang/CharacterData toUpperCase (I)I 0 0 1 0 -1
ciMethod java/lang/CharacterData of (I)Ljava/lang/CharacterData; 3849 1 8284 0 0
ciMethod java/lang/CharacterDataLatin1 getProperties (I)I 3673 1 29050 0 96
ciMethod java/lang/CharacterDataLatin1 toLowerCase (I)I 3185 1 5773 0 160
ciMethod java/lang/CharacterDataLatin1 toUpperCase (I)I 3201 1 6567 0 160
ciMethodData java/lang/String charAt (I)C 2 833999 orig 80 1 0 0 0 0 0 0 0 0 0 0 0 251 127 0 0 0 0 0 0 0 0 0 0 0 0 0 0 0 0 0 0 0 0 0 0 0 0 0 0 0 0 0 0 0 0 0 0 0 0 0 0 0 0 0 0 0 0 0 0 0 0 0 0 0 0 0 0 0 0 0 0 0 0 0 0 0 0 0 0 data 25 0x10005 0xcb8cf 0x0 0x0 0x0 0x0 0x0 0x40007 0x1 0x30 0xcb8cf 0xc0002 0xcb8cf 0x150002 0x1 0x0 0x0 0x0 0x0 0x0 0x0 0x9 0x2 0x0 0x0 oops 0 methods 0
ciMethodData java/lang/String isLatin1 ()Z 2 1037551 orig 80 1 0 0 0 1 0 0 0 0 0 0 0 66 2 0 0 0 0 0 0 0 0 0 0 0 0 0 0 0 0 0 0 0 0 0 0 0 0 2 0 0 0 0 0 0 0 0 0 0 0 0 0 0 0 0 0 0 0 0 0 0 0 0 0 0 0 0 0 0 0 0 0 0 0 0 0 0 0 0 0 data 18 0x30007 0x0 0x58 0xfd2f4 0x80000006000a0007 0x7 0x38 0xfd2ef 0xe0003 0xfd2ef 0x18 0x0 0x0 0x0 0x0 0x9 0x1 0x0 oops 0 methods 0
ciMethodData java/lang/StringLatin1 charAt ([BI)C 2 813266 orig 80 0 0 0 0 0 0 0 0 0 0 0 0 66 2 0 0 0 0 0 0 0 0 0 0 0 0 0 0 0 0 0 0 0 0 0 0 0 0 0 0 0 0 0 0 0 0 0 0 0 0 0 0 0 0 0 0 0 0 0 0 0 0 0 0 0 0 0 0 0 0 0 0 0 0 0 0 0 0 0 0 data 18 0x10007 0x0 0x40 0xc67d2 0x70007 0xc67d1 0x30 0x0 0xf0002 0x0 0x0 0x0 0x0 0x0 0x9 0x2 0x0 0x0 oops 0 methods 0
ciMethodData java/lang/StringUTF16 charAt ([BI)C 1 8 orig 80 0 0 0 0 0 0 0 0 0 0 0 0 66 2 0 0 0 0 0 0 0 0 0 0 0 0 0 0 0 0 0 0 0 0 0 0 0 0 0 0 0 0 0 0 0 0 0 0 0 0 0 0 0 0 0 0 0 0 0 0 0 0 0 0 0 0 0 0 0 0 0 0 0 0 0 0 0 0 0 0 data 14 0x20002 0x8 0x70002 0x8 0x0 0x0 0x0 0x0 0x0 0x0 0x9 0x2 0x0 0x0 oops 0 methods 0
ciMethodData java/lang/String coder ()B 2 423692 orig 80 0 0 0 0 0 0 0 0 0 0 0 0 250 127 0 0 0 0 0 0 0 0 0 0 0 0 0 0 0 0 0 0 0 0 0 0 0 0 0 0 0 0 0 0 0 0 0 0 0 0 0 0 0 0 0 0 0 0 0 0 0 0 0 0 0 0 0 0 0 0 0 0 0 0 0 0 0 0 0 0 data 14 0x30007 0x0 0x38 0x67529 0xa0003 0x67529 0x18 0x0 0x0 0x0 0x0 0x9 0x1 0x0 oops 0 methods 0
ciMethod java/net/URLStreamHandlerFactory createURLStreamHandler (Ljava/lang/String;)Ljava/net/URLStreamHandler; 0 0 1 0 -1
ciMethod sun/net/www/ParseUtil canonizeString (Ljava/lang/String;)Ljava/lang/String; 2049 1 6401 0 416
ciMethod sun/net/www/ParseUtil doCanonize (Ljava/lang/String;)Ljava/lang/String; 0 0 1 0 -1
ciMethod sun/net/www/protocol/file/Handler parseURL (Ljava/net/URL;Ljava/lang/String;II)V 2057 1 3110 0 0
ciMethod java/net/URLStreamHandler parseURL (Ljava/net/URL;Ljava/lang/String;II)V 2073 1 5531 0 -1
ciMethod java/net/URLStreamHandler setURL (Ljava/net/URL;Ljava/lang/String;Ljava/lang/String;ILjava/lang/String;Ljava/lang/String;Ljava/lang/String;Ljava/lang/String;Ljava/lang/String;)V 2049 1 5440 0 2816
ciMethod java/net/URLStreamHandler setURL (Ljava/net/URL;Ljava/lang/String;Ljava/lang/String;ILjava/lang/String;Ljava/lang/String;)V 2049 1 6402 0 800
ciMethod sun/net/util/IPAddressUtil isIPv6LiteralAddress (Ljava/lang/String;)Z 0 0 1 0 -1
ciMethod sun/net/util/IPAddressUtil checkHostString (Ljava/lang/String;)Ljava/lang/String; 3081 1 5511 0 -1
ciMethodData java/lang/String length ()I 2 308449 orig 80 0 0 0 0 0 0 0 0 0 0 0 0 251 127 0 0 0 0 0 0 0 0 0 0 0 0 0 0 0 0 0 0 0 0 0 0 0 0 0 0 0 0 0 0 0 0 0 0 0 0 0 0 0 0 0 0 0 0 0 0 0 0 0 0 0 0 0 0 0 0 0 0 0 0 0 0 0 0 0 0 data 16 0x60005 0x4b3c1 0x0 0x0 0x0 0x0 0x0 0x0 0x0 0x0 0x0 0x0 0x0 0x9 0x1 0x0 oops 0 methods 0
ciMethodData java/lang/StringLatin1 indexOf ([BII)I 2 58992 orig 80 1 0 0 0 0 0 0 0 0 0 0 0 251 127 0 0 0 0 0 0 0 0 0 0 0 0 0 0 0 0 0 0 0 0 0 0 0 0 1 0 0 0 0 0 0 0 0 0 0 0 0 0 0 0 0 0 0 0 0 0 0 0 0 0 0 0 0 0 0 0 0 0 0 0 0 0 0 0 0 0 data 39 0x10002 0x8bf 0x40007 0x8bf 0x20 0x0 0xd0007 0x8bf 0x38 0x0 0x120003 0x0 0x38 0x170007 0x7ef 0x20 0xd0 0x260007 0x79a 0x58 0xd96a 0x80000006002f0007 0xd915 0x20 0x56 0x380003 0xd915 0xffffffffffffffc0 0x0 0x0 0x0 0x0 0x0 0x0 0x9 0x3 0x0 0x0 0x0 oops 0 methods 0
ciMethodData java/lang/StringLatin1 canEncode (I)Z 2 145066 orig 80 0 0 0 0 0 0 0 0 0 0 0 0 66 2 0 0 0 0 0 0 0 0 0 0 0 0 0 0 0 0 0 0 0 0 0 0 0 0 1 0 0 0 0 0 0 0 0 0 0 0 0 0 0 0 0 0 0 0 0 0 0 0 0 0 0 0 0 0 0 0 0 0 0 0 0 0 0 0 0 0 data 11 0x8000000600040007 0x1 0x38 0x235e1 0x80003 0x235e1 0x18 0x0 0x9 0x1 0x0 oops 0 methods 0
ciMethodData java/lang/String indexOf (II)I 2 45487 orig 80 0 0 0 0 0 0 0 0 0 0 0 0 66 2 0 0 0 0 0 0 0 0 0 0 0 0 0 0 0 0 0 0 0 0 0 0 0 0 0 0 0 0 0 0 0 0 0 0 0 0 0 0 0 0 0 0 0 0 0 0 0 0 0 0 0 0 0 0 0 0 0 0 0 0 0 0 0 0 0 0 data 29 0x10005 0xb0a7 0x0 0x0 0x0 0x0 0x0 0x40007 0x0 0x48 0xb0a7 0xd0002 0xb0a7 0x100003 0xb0a7 0x28 0x190002 0x0 0x0 0x0 0x0 0x0 0x0 0x0 0x9 0x3 0x0 0x0 0x0 oops 0 methods 0
ciMethodData java/lang/String <init> ([BB)V 2 97198 orig 80 0 0 0 0 0 0 0 0 0 0 0 0 251 127 0 0 0 0 0 0 0 0 0 0 0 0 0 0 0 0 0 0 0 0 0 0 0 0 0 0 0 0 0 0 0 0 0 0 0 0 0 0 0 0 0 0 0 0 0 0 0 0 0 0 0 0 0 0 0 0 0 0 0 0 0 0 0 0 0 0 data 11 0x10002 0x17a2c 0x0 0x0 0x0 0x0 0x9 0x3 0xe 0x0 0x0 oops 0 methods 0
ciMethodData java/lang/StringLatin1 newString ([BII)Ljava/lang/String; 2 83873 orig 80 0 0 0 0 0 0 0 0 0 0 0 0 251 127 0 0 0 0 0 0 0 0 0 0 0 0 0 0 0 0 0 0 0 0 0 0 0 0 0 0 0 0 0 0 0 0 0 0 0 0 0 0 0 0 0 0 0 0 0 0 0 0 0 0 0 0 0 0 0 0 0 0 0 0 0 0 0 0 0 0 data 15 0x90002 0x1461e 0xd0002 0x1461e 0x0 0x0 0x0 0x0 0x0 0x0 0x9 0x3 0x0 0x0 0x0 oops 0 methods 0
ciMethodData java/util/Arrays copyOfRange ([BII)[B 2 6482 orig 80 0 0 0 0 0 0 0 0 0 0 0 0 66 2 0 0 0 0 0 0 0 0 0 0 0 0 0 0 0 0 0 0 0 0 0 0 0 0 0 0 0 0 0 0 0 0 0 0 0 0 0 0 0 0 0 0 0 0 0 0 0 0 0 0 0 0 0 0 0 0 0 0 0 0 0 0 0 0 0 0 data 51 0x50007 0x17cf 0x120 0x0 0x100002 0x0 0x140005 0x0 0x0 0x0 0x0 0x0 0x0 0x190005 0x0 0x0 0x0 0x0 0x0 0x0 0x1d0005 0x0 0x0 0x0 0x0 0x0 0x0 0x200005 0x0 0x0 0x0 0x0 0x0 0x0 0x230002 0x0 0x360002 0x17cf 0x390002 0x17cf 0x0 0x0 0x0 0x0 0x0 0x0 0x9 0x3 0xffffffffffffffff 0x0 0x0 oops 0 methods 0
ciMethodData java/lang/String startsWith (Ljava/lang/String;I)Z 2 18794 orig 80 0 0 0 0 0 0 0 0 0 0 0 0 251 127 0 0 0 0 0 0 0 0 0 0 0 0 0 0 0 0 0 0 0 0 0 0 0 0 0 0 0 0 0 0 0 0 0 0 0 0 0 0 0 0 0 0 0 0 0 0 0 0 0 0 0 0 0 0 0 0 0 0 0 0 0 0 0 0 0 0 data 97 0x10007 0x28 0xb0 0xf7c 0x60005 0xf7c 0x0 0x0 0x0 0x0 0x0 0xa0005 0xf7c 0x0 0x0 0x0 0x0 0x0 0xe0007 0xf7b 0x20 0x1 0x270005 0xf7b 0x0 0x0 0x0 0x0 0x0 0x2b0005 0xf7b 0x0 0x0 0x0 0x0 0x0 0x2e0007 0x0 0xe8 0xf7b 0x320005 0xf7b 0x0 0x0 0x0 0x0 0x0 0x350007 0x0 0x38 0xf7b 0x390003 0xf7b 0x18 0x450007 0x419 0x40 0x4e25 0x570007 0x42c3 0xffffffffffffffe0 0xb62 0x5c0003 0x419 0xc0 0x600005 0x0 0x0 0x0 0x0 0x0 0x0 0x630007 0x0 0x20 0x0 0x6c0007 0x0 0x50 0x0 0x740002 0x0 0x830007 0x0 0xffffffffffffffd0 0x0 0x0 0x0 0x0 0x0 0x0 0x0 0x9 0x3 0x0 0x0 0x0 oops 0 methods 0
ciMethodData java/lang/StringLatin1 lastIndexOf ([BII)I 2 41825 orig 80 0 0 0 0 0 0 0 0 0 0 0 0 251 127 0 0 0 0 0 0 0 0 0 0 0 0 0 0 0 0 0 0 0 0 0 0 0 0 0 0 0 0 0 0 0 0 0 0 0 0 0 0 0 0 0 0 0 0 0 0 0 0 0 0 0 0 0 0 0 0 0 0 0 0 0 0 0 0 0 0 data 30 0x10002 0x35d 0x40007 0x35d 0x20 0x0 0xe0002 0x35d 0x130007 0x1b7 0x58 0x887a 0x1b0007 0x86d4 0x20 0x1a6 0x230003 0x86d4 0xffffffffffffffc0 0x0 0x0 0x0 0x0 0x0 0x0 0x9 0x3 0x0 0x0 0x0 oops 0 methods 0
ciMethodData java/lang/String substring (II)Ljava/lang/String; 2 5637 orig 80 0 0 0 0 0 0 0 0 0 0 0 0 66 2 0 0 0 0 0 0 0 0 0 0 0 0 0 0 0 0 0 0 0 0 0 0 0 0 0 0 0 0 0 0 0 0 0 0 0 0 0 0 0 0 0 0 0 0 0 0 0 0 0 0 0 0 0 0 0 0 0 0 0 0 0 0 0 0 0 0 data 46 0x10005 0x1501 0x0 0x0 0x0 0x0 0x0 0x80002 0x1501 0x110007 0x178 0x40 0x1389 0x160007 0x1092 0x20 0x2f7 0x1c0005 0x120a 0x0 0x0 0x0 0x0 0x0 0x1f0007 0x0 0x48 0x120a 0x290002 0x120a 0x2c0003 0x120a 0x28 0x360002 0x0 0x0 0x0 0x0 0x0 0x0 0x0 0x9 0x3 0x0 0x0 0x0 oops 0 methods 0
ciMethodData java/lang/String startsWith (Ljava/lang/String;)Z 2 38822 orig 80 0 0 0 0 0 0 0 0 0 0 0 0 251 127 0 0 0 0 0 0 0 0 0 0 0 0 0 0 0 0 0 0 0 0 0 0 0 0 0 0 0 0 0 0 0 0 0 0 0 0 0 0 0 0 0 0 0 0 0 0 0 0 0 0 0 0 0 0 0 0 0 0 0 0 0 0 0 0 0 0 data 17 0x30005 0x9623 0x0 0x0 0x0 0x0 0x0 0x0 0x0 0x0 0x0 0x0 0x0 0x9 0x2 0x0 0x0 oops 0 methods 0
ciMethodData java/lang/String checkBoundsBeginEnd (III)V 2 5514 orig 80 0 0 0 0 0 0 0 0 0 0 0 0 66 2 0 0 0 0 0 0 0 0 0 0 0 0 0 0 0 0 0 0 0 0 0 0 0 0 0 0 0 0 0 0 0 0 0 0 0 0 0 0 0 0 0 0 0 0 0 0 0 0 0 0 0 0 0 0 0 0 0 0 0 0 0 0 0 0 0 0 data 76 0x10007 0x0 0x60 0x1406 0x60007 0x0 0x40 0x1406 0xb0007 0x1406 0x1c8 0x0 0x160002 0x0 0x1b0005 0x0 0x0 0x0 0x0 0x0 0x0 0x1f0005 0x0 0x0 0x0 0x0 0x0 0x0 0x240005 0x0 0x0 0x0 0x0 0x0 0x0 0x280005 0x0 0x0 0x0 0x0 0x0 0x0 0x2d0005 0x0 0x0 0x0 0x0 0x0 0x0 0x310005 0x0 0x0 0x0 0x0 0x0 0x0 0x340005 0x0 0x0 0x0 0x0 0x0 0x0 0x370002 0x0 0x0 0x0 0x0 0x0 0x0 0x0 0x9 0x3 0x0 0x0 0x0 oops 0 methods 0
ciMethodData java/lang/String isEmpty ()Z 2 38499 orig 80 0 0 0 0 0 0 0 0 0 0 0 0 251 127 0 0 0 0 0 0 0 0 0 0 0 0 0 0 0 0 0 0 0 0 0 0 0 0 0 0 0 0 0 0 0 0 0 0 0 0 0 0 0 0 0 0 0 0 0 0 0 0 0 0 0 0 0 0 0 0 0 0 0 0 0 0 0 0 0 0 data 14 0x50007 0x6174 0x38 0x33de 0x90003 0x33df 0x18 0x0 0x0 0x0 0x0 0x9 0x1 0x0 oops 0 methods 0
ciMethodData java/lang/String regionMatches (ZILjava/lang/String;II)Z 2 10289 orig 80 2 0 0 0 0 0 0 0 0 0 0 0 66 2 0 0 0 0 0 0 0 0 0 0 0 0 0 0 0 0 0 0 0 0 0 0 0 0 0 0 0 0 0 0 0 0 0 0 0 0 0 0 0 0 0 0 0 0 0 0 0 0 0 0 0 0 0 0 0 0 0 0 0 0 0 0 0 0 0 0 data 109 0x10007 0x2831 0x58 0x0 0xb0005 0x0 0x0 0x0 0x0 0x0 0x0 0x110007 0x0 0xf0 0x2831 0x150007 0x0 0xd0 0x2831 0x1b0005 0x2831 0x0 0x0 0x0 0x0 0x0 0x240007 0x425 0x78 0x240c 0x2b0005 0x240c 0x0 0x0 0x0 0x0 0x0 0x340007 0x240c 0x20 0x0 0x460005 0x240c 0x0 0x0 0x0 0x0 0x0 0x4a0005 0x240c 0x0 0x0 0x0 0x0 0x0 0x4d0007 0x0 0xb0 0x240c 0x510005 0x240c 0x0 0x0 0x0 0x0 0x0 0x540007 0x0 0x48 0x240c 0x600002 0x240c 0x630003 0x240d 0x28 0x6f0002 0x0 0x740005 0x0 0x0 0x0 0x0 0x0 0x0 0x770007 0x0 0x48 0x0 0x830002 0x0 0x860003 0x0 0x28 0x920002 0x0 0x0 0x0 0x0 0x0 0x0 0x0 0x9 0x6 0xffffffffffffffff 0x0 0x0 0xffffffffffffffff 0x0 0x0 oops 0 methods 0
ciMethod sun/net/www/protocol/jar/Handler indexOfBangSlash (Ljava/lang/String;)I 2049 1 5391 0 544
ciMethod sun/net/www/protocol/jar/Handler checkNestedProtocol (Ljava/lang/String;)Ljava/lang/String; 1 1 1564 0 0
ciMethod sun/net/www/protocol/jar/Handler parseURL (Ljava/net/URL;Ljava/lang/String;II)V 2049 1 1296 0 0
ciMethod sun/net/www/protocol/jar/Handler parseAbsoluteSpec (Ljava/lang/String;)Ljava/lang/String; 0 0 4 0 0
ciMethod sun/net/www/protocol/jar/Handler parseContextSpec (Ljava/net/URL;Ljava/lang/String;)Ljava/lang/String; 2049 1 6405 0 1856
ciMethodData java/net/URL toLowerCase (Ljava/lang/String;)Ljava/lang/String; 1 647 orig 80 0 0 0 0 0 0 0 0 0 0 0 0 66 2 0 0 0 0 0 0 0 0 0 0 0 0 0 0 0 0 0 0 0 0 0 0 0 0 0 0 0 0 0 0 0 0 0 0 0 0 0 0 0 0 0 0 0 0 0 0 0 0 0 0 0 0 0 0 0 0 0 0 0 0 0 0 0 0 0 0 data 49 0x30005 0x17d 0x0 0x0 0x0 0x0 0x0 0x60007 0x2d 0xd0 0x150 0xc0005 0x150 0x0 0x0 0x0 0x0 0x0 0xf0007 0x40 0x78 0x110 0x150005 0x110 0x0 0x0 0x0 0x0 0x0 0x180007 0x0 0x20 0x110 0x210005 0x0 0x0 0x0 0x0 0x0 0x0 0x0 0x0 0x0 0x0 0x0 0x0 0x9 0x1 0xffffffffffffffff oops 0 methods 0
ciMethodData java/lang/String substring (I)Ljava/lang/String; 2 6500 orig 80 0 0 0 0 0 0 0 0 0 0 0 0 66 2 0 0 0 0 0 0 0 0 0 0 0 0 0 0 0 0 0 0 0 0 0 0 0 0 0 0 0 0 0 0 0 0 0 0 0 0 0 0 0 0 0 0 0 0 0 0 0 0 0 0 0 0 0 0 0 0 0 0 0 0 0 0 0 0 0 0 data 51 0x10007 0x186c 0x30 0x0 0x90002 0x0 0xe0005 0x186c 0x0 0x0 0x0 0x0 0x0 0x150007 0x186c 0x30 0x0 0x1d0002 0x0 0x220007 0x185f 0x20 0xd 0x280005 0x185f 0x0 0x0 0x0 0x0 0x0 0x2b0007 0x0 0x48 0x185f 0x340002 0x185f 0x370003 0x185f 0x28 0x400002 0x0 0x0 0x0 0x0 0x0 0x0 0x0 0x9 0x2 0x0 0x0 oops 0 methods 0
ciMethodData java/lang/String lastIndexOf (I)I 2 58229 orig 80 0 0 0 0 0 0 0 0 0 0 0 0 66 2 0 0 0 0 0 0 0 0 0 0 0 0 0 0 0 0 0 0 0 0 0 0 0 0 0 0 0 0 0 0 0 0 0 0 0 0 0 0 0 0 0 0 0 0 0 0 0 0 0 0 0 0 0 0 0 0 0 0 0 0 0 0 0 0 0 0 data 24 0x30005 0xe261 0x0 0x0 0x0 0x0 0x0 0x80005 0xe262 0x0 0x0 0x0 0x0 0x0 0x0 0x0 0x0 0x0 0x0 0x0 0x9 0x2 0x0 0x0 oops 0 methods 0
ciMethodData java/lang/String lastIndexOf (II)I 2 58294 orig 80 0 0 0 0 0 0 0 0 0 0 0 0 66 2 0 0 0 0 0 0 0 0 0 0 0 0 0 0 0 0 0 0 0 0 0 0 0 0 0 0 0 0 0 0 0 0 0 0 0 0 0 0 0 0 0 0 0 0 0 0 0 0 0 0 0 0 0 0 0 0 0 0 0 0 0 0 0 0 0 0 data 29 0x10005 0xe2a1 0x0 0x0 0x0 0x0 0x0 0x40007 0x0 0x48 0xe2a1 0xd0002 0xe2a1 0x100003 0xe2a1 0x28 0x190002 0x0 0x0 0x0 0x0 0x0 0x0 0x0 0x9 0x3 0x0 0x0 0x0 oops 0 methods 0
ciMethodData java/net/URL getURLStreamHandler (Ljava/lang/String;)Ljava/net/URLStreamHandler; 1 380 orig 80 0 0 0 0 0 0 0 0 0 0 0 0 66 2 0 0 0 0 0 0 0 0 0 0 0 0 0 0 0 0 0 0 0 0 0 0 0 0 0 0 0 0 0 0 0 0 0 0 0 0 0 0 0 0 0 0 0 0 0 0 0 0 0 0 0 0 0 0 0 0 0 0 0 0 0 0 0 0 0 0 data 140 0x40005 0x0 0x0 0x242d1a0fa50 0x5d 0x0 0x0 0x70104 0x0 0x0 0x242d85f3440 0x18 0x242db4c3410 0x3f 0xc0007 0x3 0x20 0x5a 0x140002 0x3 0x1b0007 0x1 0x160 0x2 0x1e0002 0x2 0x210007 0x0 0x130 0x2 0x290007 0x1 0x58 0x1 0x2e0005 0x0 0x0 0x242d85f34f0 0x1 0x0 0x0 0x370007 0x0 0x88 0x2 0x3d0005 0x2 0x0 0x0 0x0 0x0 0x0 0x400007 0x2 0x30 0x0 0x440002 0x0 0x490007 0x0 0x30 0x2 0x4d0002 0x2 0x520007 0x0 0x58 0x3 0x590005 0x0 0x0 0x242d85f35a0 0x3 0x0 0x0 0x6d0005 0x0 0x0 0x242d1a0fa50 0x3 0x0 0x0 0x700104 0x0 0x0 0x0 0x0 0x0 0x0 0x770007 0x3 0x20 0x0 0x820007 0x1 0x98 0x2 0x860007 0x1 0x78 0x1 0x8e0007 0x1 0x58 0x0 0x930005 0x0 0x0 0x0 0x0 0x0 0x0 0x9c0007 0x3 0x20 0x0 0xa30007 0x0 0x58 0x3 0xab0005 0x0 0x0 0x242d1a0fa50 0x3 0x0 0x0 0xb20003 0x3 0x18 0x0 0x0 0x0 0x0 0x0 0x0 0x0 0x9 0x1 0x0 oops 7 3 java/util/Hashtable 10 sun/net/www/protocol/jrt/Handler 12 sun/net/www/protocol/file/Handler 37 org/apache/hadoop/fs/FsUrlStreamHandlerFactory 71 java/net/URL$DefaultFactory 78 java/util/Hashtable 123 java/util/Hashtable methods 0
ciMethodData sun/net/www/protocol/jar/Handler checkNestedProtocol (Ljava/lang/String;)Ljava/lang/String; 2 1565 orig 80 0 0 0 0 0 0 0 0 0 0 0 0 66 2 0 0 0 0 0 0 0 0 0 0 0 0 0 0 0 0 0 0 0 0 0 0 0 0 0 0 0 0 0 0 0 0 0 0 0 0 0 0 0 0 0 0 0 0 0 0 0 0 0 0 0 0 0 0 0 0 0 0 0 0 0 0 0 0 0 0 data 21 0x70005 0x61d 0x0 0x0 0x0 0x0 0x0 0xa0007 0x61d 0x20 0x0 0x0 0x0 0x0 0x0 0x0 0x0 0x9 0x2 0x0 0x0 oops 0 methods 0
ciMethodData java/lang/CharacterData of (I)Ljava/lang/CharacterData; 2 8284 orig 80 1 0 0 0 0 0 0 0 0 0 0 0 251 127 0 0 0 0 0 0 0 0 0 0 0 0 0 0 0 0 0 0 0 0 0 0 0 0 1 0 0 0 0 0 0 0 0 0 0 0 0 0 0 0 0 0 0 0 0 0 0 0 0 0 0 0 0 0 0 0 0 0 0 0 0 0 0 0 0 0 data 49 0x8000000600040007 0xf 0x20 0x1e6d 0xf0008 0x24 0x0 0x130 0xf 0x130 0x0 0x130 0x0 0x130 0x0 0x130 0x0 0x130 0x0 0x130 0x0 0x130 0x0 0x130 0x0 0x130 0x0 0x130 0x0 0x130 0x0 0x130 0x0 0x130 0x0 0x130 0x0 0x130 0x0 0x130 0x0 0x130 0x0 0x0 0x0 0x0 0x9 0x1 0x0 oops 0 methods 0
ciMethodData java/lang/CharacterDataLatin1 getProperties (I)I 2 29050 orig 80 0 0 0 0 0 0 0 0 0 0 0 0 251 127 0 0 0 0 0 0 0 0 0 0 0 0 0 0 0 0 0 0 0 0 0 0 0 0 0 0 0 0 0 0 0 0 0 0 0 0 0 0 0 0 0 0 0 0 0 0 0 0 0 0 0 0 0 0 0 0 0 0 0 0 0 0 0 0 0 0 data 7 0x0 0x0 0x0 0x9 0x2 0x0 0x0 oops 0 methods 0
ciMethodData java/lang/Character toLowerCase (I)I 2 59065 orig 80 0 0 0 0 0 0 0 0 0 0 0 0 251 127 0 0 0 0 0 0 0 0 0 0 0 0 0 0 0 0 0 0 0 0 0 0 0 0 0 0 0 0 0 0 0 0 0 0 0 0 0 0 0 0 0 0 0 0 0 0 0 0 0 0 0 0 0 0 0 0 0 0 0 0 0 0 0 0 0 0 data 18 0x10002 0xe52b 0x50005 0x0 0x0 0x242d8720050 0xe52b 0x0 0x0 0x0 0x0 0x0 0x0 0x0 0x0 0x9 0x1 0x0 oops 1 5 java/lang/CharacterDataLatin1 methods 0
ciMethodData java/lang/CharacterDataLatin1 toLowerCase (I)I 2 5773 orig 80 0 0 0 0 0 0 0 0 0 0 0 0 251 127 0 0 0 0 0 0 0 0 0 0 0 0 0 0 0 0 0 0 0 0 0 0 0 0 0 0 0 0 0 0 0 0 0 0 0 0 0 0 0 0 0 0 0 0 0 0 0 0 0 0 0 0 0 0 0 0 0 0 0 0 0 0 0 0 0 0 data 25 0x40005 0x0 0x0 0x242d8720050 0x14ff 0x0 0x0 0xc0007 0x13b3 0x40 0x14c 0x150007 0x0 0x20 0x14c 0x0 0x0 0x0 0x0 0x0 0x0 0x9 0x2 0x0 0x0 oops 1 3 java/lang/CharacterDataLatin1 methods 0
ciMethodData java/lang/Character toLowerCase (C)C 2 27076 orig 80 1 0 0 0 0 0 0 0 0 0 0 0 251 127 0 0 0 0 0 0 0 0 0 0 0 0 0 0 0 0 0 0 0 0 0 0 0 0 0 0 0 0 0 0 0 0 0 0 0 0 0 0 0 0 0 0 0 0 0 0 0 0 0 0 0 0 0 0 0 0 0 0 0 0 0 0 0 0 0 0 data 11 0x10002 0x68bb 0x0 0x0 0x0 0x0 0x0 0x0 0x9 0x1 0x0 oops 0 methods 0
ciMethodData java/lang/StringLatin1 replace ([BCC)Ljava/lang/String; 2 31306 orig 80 0 0 0 0 0 0 0 0 0 0 0 0 251 127 0 0 0 0 0 0 0 0 0 0 0 0 0 0 0 0 0 0 0 0 0 0 0 0 0 0 0 0 0 0 0 0 0 0 0 0 0 0 0 0 0 0 0 0 0 0 0 0 0 0 0 0 0 0 0 0 0 0 0 0 0 0 0 0 0 0 data 83 0x10002 0x2bc 0x40007 0x0 0x230 0x2bc 0x130007 0xf9 0x58 0x19db 0x1c0007 0x1818 0xffffffffffffffe0 0x1c3 0x1f0003 0x1c3 0x18 0x250007 0xf9 0x1b8 0x1c3 0x290002 0x1c3 0x2c0007 0x0 0xd8 0x1c3 0x3b0007 0x1c3 0x38 0x521 0x4a0003 0x521 0xffffffffffffffe0 0x500007 0x1c3 0x70 0x45c8 0x610007 0x3ff5 0x38 0x5d3 0x660003 0x5d3 0x18 0x6f0003 0x45c8 0xffffffffffffffa8 0x790002 0x1c3 0x7e0002 0x0 0x8a0002 0x0 0x900007 0x0 0x80 0x0 0xa50007 0x0 0x38 0x0 0xa90003 0x0 0x18 0xae0002 0x0 0xb40003 0x0 0xffffffffffffff98 0xbe0002 0x0 0x0 0x0 0x0 0x0 0x0 0x0 0x9 0x3 0x0 0x0 0x0 oops 0 methods 0
ciMethodData java/lang/Character toUpperCase (C)C 2 32333 orig 80 1 0 0 0 0 0 0 0 0 0 0 0 251 127 0 0 0 0 0 0 0 0 0 0 0 0 0 0 0 0 0 0 0 0 0 0 0 0 0 0 0 0 0 0 0 0 0 0 0 0 0 0 0 0 0 0 0 0 0 0 0 0 0 0 0 0 0 0 0 0 0 0 0 0 0 0 0 0 0 0 data 11 0x10002 0x7cc7 0x0 0x0 0x0 0x0 0x0 0x0 0x9 0x1 0x0 oops 0 methods 0
ciMethodData java/lang/Character toUpperCase (I)I 2 32367 orig 80 0 0 0 0 0 0 0 0 0 0 0 0 66 2 0 0 0 0 0 0 0 0 0 0 0 0 0 0 0 0 0 0 0 0 0 0 0 0 0 0 0 0 0 0 0 0 0 0 0 0 0 0 0 0 0 0 0 0 0 0 0 0 0 0 0 0 0 0 0 0 0 0 0 0 0 0 0 0 0 0 data 18 0x10002 0x7ce9 0x50005 0x0 0x0 0x242d8720050 0x7ce9 0x0 0x0 0x0 0x0 0x0 0x0 0x0 0x0 0x9 0x1 0x0 oops 1 5 java/lang/CharacterDataLatin1 methods 0
ciMethodData java/lang/CharacterDataLatin1 toUpperCase (I)I 2 6567 orig 80 0 0 0 0 0 0 0 0 0 0 0 0 251 127 0 0 0 0 0 0 0 0 0 0 0 0 0 0 0 0 0 0 0 0 0 0 0 0 0 0 0 0 0 0 0 0 0 0 0 0 0 0 0 0 0 0 0 0 0 0 0 0 0 0 0 0 0 0 0 0 0 0 0 0 0 0 0 0 0 0 data 32 0x40005 0x0 0x0 0x242d8720050 0x1817 0x0 0x0 0xc0007 0x646 0x78 0x11d1 0x150007 0x0 0x38 0x11d1 0x250003 0x11d1 0x38 0x2c0007 0x0 0x20 0x0 0x0 0x0 0x0 0x0 0x0 0x0 0x9 0x2 0x0 0x0 oops 1 3 java/lang/CharacterDataLatin1 methods 0
ciMethodData java/lang/StringLatin1 regionMatchesCI ([BI[BII)Z 2 9231 orig 80 0 0 0 0 0 0 0 0 0 0 0 0 66 2 0 0 0 0 0 0 0 0 0 0 0 0 0 0 0 0 0 0 0 0 0 0 0 0 1 0 0 0 0 0 0 0 0 0 0 0 0 0 0 0 0 0 0 0 0 0 0 0 0 0 0 0 0 0 0 0 0 0 0 0 0 0 0 0 0 0 data 46 0x90007 0x92 0x108 0x251e 0x2a0007 0x2280 0x38 0x29e 0x2d0003 0x29e 0xffffffffffffffc0 0x320002 0x2280 0x390002 0x2280 0x8000000600420007 0x227e 0x38 0x3 0x450003 0x3 0xffffffffffffff68 0x4a0002 0x227e 0x4f0002 0x227e 0x520007 0x227e 0x38 0x0 0x550003 0x0 0xffffffffffffff10 0x0 0x0 0x0 0x0 0x0 0x0 0x9 0x5 0x0 0x0 0x0 0x0 0x0 oops 0 methods 0
ciMethodData java/lang/String replace (CC)Ljava/lang/String; 2 10583 orig 80 1 0 0 0 0 0 0 0 0 0 0 0 66 2 0 0 0 0 0 0 0 0 0 0 0 0 0 0 0 0 0 0 0 0 0 0 0 0 1 0 0 0 0 0 0 0 0 0 0 0 0 0 0 0 0 0 0 0 0 0 0 0 0 0 0 0 0 0 0 0 0 0 0 0 0 0 0 0 0 0 data 37 0x8000000600020007 0x3 0xd0 0x2849 0x60005 0x2849 0x0 0x0 0x0 0x0 0x0 0x90007 0x0 0x48 0x2849 0x120002 0x2849 0x150003 0x2849 0x28 0x1e0002 0x0 0x230007 0x83d 0x20 0x200c 0x0 0x0 0x0 0x0 0x0 0x0 0x9 0x3 0x0 0x0 0x0 oops 0 methods 0
ciMethodData java/net/URL <init> (Ljava/net/URL;Ljava/lang/String;Ljava/net/URLStreamHandler;)V 2 17725 orig 80 1 0 0 0 0 0 0 0 0 0 0 0 66 2 0 0 0 0 0 0 0 0 0 0 0 0 0 0 0 0 0 0 0 0 0 0 0 0 0 0 0 0 0 0 0 0 0 0 0 0 0 0 0 0 0 0 0 0 0 0 0 0 0 0 0 0 0 0 0 0 0 0 0 0 0 0 0 0 0 0 data 332 0x10002 0x10d8 0x1e0007 0x10d8 0x88 0x0 0x210002 0x0 0x280007 0x0 0x58 0x0 0x2e0005 0x0 0x0 0x0 0x0 0x0 0x0 0x320005 0x10d8 0x0 0x0 0x0 0x0 0x0 0x390007 0x0 0x90 0x10d8 0x410005 0x10d8 0x0 0x0 0x0 0x0 0x0 0x460007 0x10d8 0x38 0x0 0x4c0003 0x0 0xffffffffffffff88 0x530007 0x0 0x90 0x10d8 0x590005 0x10d8 0x0 0x0 0x0 0x0 0x0 0x5e0007 0x10d8 0x38 0x0 0x640003 0x0 0xffffffffffffff88 0x6f0005 0x10d8 0x0 0x0 0x0 0x0 0x0 0x720007 0x10d8 0x20 0x0 0x7b0005 0x10d8 0x0 0x0 0x0 0x0 0x0 0x7e0007 0x0 0x78 0x10d8 0x840005 0x10d8 0x0 0x0 0x0 0x0 0x0 0x890007 0x10d8 0x20 0x0 0x950007 0x0 0x188 0x50d8 0x9c0007 0x6c8 0x168 0x4a10 0xa20005 0x4a10 0x0 0x0 0x0 0x0 0x0 0xaa0007 0xa04 0x110 0x400c 0xb10007 0x4000 0xd8 0xc 0xb90005 0xc 0x0 0x0 0x0 0x0 0x0 0xbc0002 0xc 0xc40005 0xc 0x0 0x0 0x0 0x0 0x0 0xc70007 0x0 0x50 0xc 0xd40003 0xc 0x30 0xda0003 0x4000 0xfffffffffffffe90 0xe40007 0xc 0x150 0x10cc 0xe90007 0x10cc 0x78 0x0 0xf20005 0x0 0x0 0x0 0x0 0x0 0x0 0xf50007 0x0 0xd8 0x0 0xf90007 0x0 0x20 0x10cc 0x1050007 0x0 0x78 0x10cc 0x10e0005 0x10cc 0x0 0x0 0x0 0x0 0x0 0x1110007 0x4fe 0x20 0xbce 0x1190007 0x0 0x20 0x10cc 0x15b0007 0x10d8 0xe8 0x0 0x1660002 0x0 0x16b0005 0x0 0x0 0x0 0x0 0x0 0x0 0x1700005 0x0 0x0 0x0 0x0 0x0 0x0 0x1730005 0x0 0x0 0x0 0x0 0x0 0x0 0x1760002 0x0 0x17b0007 0x10cc 0x118 0xc 0x1820002 0xc 0x1870007 0xc 0xe8 0x0 0x1920002 0x0 0x1970005 0x0 0x0 0x0 0x0 0x0 0x0 0x19e0005 0x0 0x0 0x0 0x0 0x0 0x0 0x1a10005 0x0 0x0 0x0 0x0 0x0 0x0 0x1a40002 0x0 0x1b20005 0x10d8 0x0 0x0 0x0 0x0 0x0 0x1b90007 0x10d8 0x58 0x0 0x1c40005 0x0 0x0 0x0 0x0 0x0 0x0 0x1d00007 0xc 0x60 0x10cc 0x1d70007 0x10cc 0x40 0x0 0x1e60007 0x0 0x20 0x0 0x1f80005 0x0 0x0 0x242db4c3410 0xbd9 0x242db4c34c0 0x4ff 0x1fb0003 0x10d8 0x98 0x20b0005 0x0 0x0 0x0 0x0 0x0 0x0 0x20e0002 0x0 0x2170005 0x0 0x0 0x0 0x0 0x0 0x0 0x0 0x0 0x0 0x0 0x0 0x0 0x0 0x0 0x0 0x0 0x0 0x0 0x0 0x0 0x0 0x0 0x0 0x0 0x0 0x0 0x9 0x4 0x0 0x0 0x0 0x0 oops 2 283 sun/net/www/protocol/file/Handler 285 sun/net/www/protocol/jar/Handler methods 0
ciMethodData java/lang/String indexOf (Ljava/lang/String;)I 2 5380 orig 80 0 0 0 0 0 0 0 0 0 0 0 0 251 127 0 0 0 0 0 0 0 0 0 0 0 0 0 0 0 0 0 0 0 0 0 0 0 0 0 0 0 0 0 0 0 0 0 0 0 0 0 0 0 0 0 0 0 0 0 0 0 0 0 0 0 0 0 0 0 0 0 0 0 0 0 0 0 0 0 0 data 59 0x10005 0x1404 0x0 0x0 0x0 0x0 0x0 0x50005 0x1404 0x0 0x0 0x0 0x0 0x0 0x80007 0x0 0xb0 0x1404 0xc0005 0x1404 0x0 0x0 0x0 0x0 0x0 0xf0007 0x0 0x48 0x1404 0x1a0002 0x1404 0x1d0003 0x1404 0x28 0x280002 0x0 0x2d0005 0x0 0x0 0x0 0x0 0x0 0x0 0x300007 0x0 0x20 0x0 0x3d0002 0x0 0x0 0x0 0x0 0x0 0x0 0x0 0x9 0x2 0x0 0x0 oops 0 methods 0
ciMethodData java/net/URLStreamHandler setURL (Ljava/net/URL;Ljava/lang/String;Ljava/lang/String;ILjava/lang/String;Ljava/lang/String;Ljava/lang/String;Ljava/lang/String;Ljava/lang/String;)V 2 5440 orig 80 0 0 0 0 0 0 0 0 0 0 0 0 251 127 0 0 0 0 0 0 0 0 0 0 0 0 0 0 0 0 0 0 0 0 0 0 0 0 0 0 0 0 0 0 0 0 0 0 0 0 0 0 0 0 0 0 0 0 0 0 0 0 0 0 0 0 0 0 0 0 0 0 0 0 0 0 0 0 0 0 data 61 0x50007 0x1440 0x30 0x0 0xe0002 0x0 0x130007 0x0 0xb8 0x1440 0x180005 0x1440 0x0 0x0 0x0 0x0 0x0 0x1b0007 0x0 0x60 0x1440 0x1f0002 0x1440 0x260007 0x1440 0x30 0x0 0x2f0002 0x0 0x350005 0x1440 0x0 0x0 0x0 0x0 0x0 0x450005 0x1440 0x0 0x0 0x0 0x0 0x0 0x0 0x0 0x0 0x0 0x0 0x0 0x9 0xa 0x0 0xfe 0x0 0x0 0x0 0x0 0x0 0x0 0x0 0x0 oops 0 methods 0
ciMethodData java/net/URL isValidProtocol (Ljava/lang/String;)Z 1 200 orig 80 0 0 0 0 0 0 0 0 0 0 0 0 66 2 0 0 0 0 0 0 0 0 0 0 0 0 0 0 0 0 0 0 0 0 0 0 0 0 0 0 0 0 0 0 0 0 0 0 0 0 0 0 0 0 0 0 0 0 0 0 0 0 0 0 0 0 0 0 0 0 0 0 0 0 0 0 0 0 0 0 data 66 0x10005 0x44 0x0 0x0 0x0 0x0 0x0 0x70007 0x44 0x20 0x0 0xe0005 0x44 0x0 0x0 0x0 0x0 0x0 0x130002 0x44 0x160007 0x44 0x20 0x0 0x210007 0x44 0x100 0xc8 0x270005 0xc8 0x0 0x0 0x0 0x0 0x0 0x2c0002 0xc8 0x2f0007 0xc8 0x80 0x0 0x350007 0x0 0x60 0x0 0x3b0007 0x0 0x40 0x0 0x410007 0x0 0x20 0x0 0x490003 0xc8 0xffffffffffffff18 0x0 0x0 0x0 0x0 0x0 0x0 0x9 0x2 0x0 0x0 oops 0 methods 0
ciMethodData sun/net/www/protocol/file/Handler parseURL (Ljava/net/URL;Ljava/lang/String;II)V 2 3118 orig 80 0 0 0 0 0 0 0 0 0 0 0 0 251 127 0 0 0 0 0 0 0 0 0 0 0 0 0 0 0 0 0 0 0 0 0 0 0 0 0 0 0 0 0 0 0 0 0 0 0 0 0 0 0 0 0 0 0 0 0 0 0 0 0 0 0 0 0 0 0 0 0 0 0 0 0 0 0 0 0 0 data 22 0x80005 0xb2d 0x0 0x0 0x0 0x0 0x0 0xe0002 0xb2d 0x0 0x0 0x0 0x0 0x0 0x0 0x9 0x5 0x0 0x0 0x0 0x0 0x0 oops 0 methods 0
ciMethodData java/net/URLStreamHandler parseURL (Ljava/net/URL;Ljava/lang/String;II)V 2 5531 orig 80 0 0 0 0 0 0 0 0 0 0 0 0 66 2 0 0 0 0 0 0 0 0 0 0 0 0 0 0 0 0 0 0 0 0 0 0 0 0 0 0 0 0 0 0 0 0 0 0 0 0 0 0 0 0 0 0 0 0 0 0 0 0 0 0 0 0 0 0 0 0 0 0 0 0 0 0 0 0 0 0 data 977 0x10005 0x1498 0x0 0x0 0x0 0x0 0x0 0x70005 0x1498 0x0 0x0 0x0 0x0 0x0 0xd0005 0x1498 0x0 0x0 0x0 0x0 0x0 0x130005 0x1498 0x0 0x0 0x0 0x0 0x0 0x190005 0x1498 0x0 0x0 0x0 0x0 0x0 0x1f0005 0x1498 0x0 0x0 0x0 0x0 0x0 0x250005 0x1498 0x0 0x0 0x0 0x0 0x0 0x2b0005 0x1498 0x0 0x0 0x0 0x0 0x0 0x390007 0x0 0x160 0x1498 0x3f0005 0x1498 0x0 0x0 0x0 0x0 0x0 0x470007 0x1498 0x38 0x0 0x4b0003 0x0 0x18 0x540007 0x1498 0xd0 0x0 0x5b0007 0x0 0xb0 0x0 0x650005 0x0 0x0 0x0 0x0 0x0 0x0 0x6e0007 0x0 0x20 0x0 0x790005 0x0 0x0 0x0 0x0 0x0 0x0 0x850007 0xa23 0x198 0xa75 0x8a0005 0xa75 0x0 0x0 0x0 0x0 0x0 0x8f0007 0xa50 0x140 0x25 0x960005 0x25 0x0 0x0 0x0 0x0 0x0 0x9b0007 0x25 0xe8 0x0 0xa20005 0x0 0x0 0x0 0x0 0x0 0x0 0xa70007 0x0 0x90 0x0 0xae0005 0x0 0x0 0x0 0x0 0x0 0x0 0xb30007 0x0 0x38 0x0 0xb70003 0x0 0x18 0xbf0007 0x0 0xbb0 0x1498 0xc70007 0xa23 0xb90 0xa75 0xcc0005 0xa75 0x0 0x0 0x0 0x0 0x0 0xd10007 0xa50 0xb38 0x25 0xd80005 0x25 0x0 0x0 0x0 0x0 0x0 0xdd0007 0x25 0xae0 0x0 0xe70005 0x0 0x0 0x0 0x0 0x0 0x0 0xee0007 0x0 0x40 0x0 0xf50007 0x0 0x98 0x0 0xfc0005 0x0 0x0 0x0 0x0 0x0 0x0 0x1030007 0x0 0x40 0x0 0x10a0007 0x0 0x20 0x0 0x1150005 0x0 0x0 0x0 0x0 0x0 0x0 0x1210005 0x0 0x0 0x0 0x0 0x0 0x0 0x1290007 0x0 0x118 0x0 0x1320005 0x0 0x0 0x0 0x0 0x0 0x0 0x1350007 0x0 0x38 0x0 0x13e0003 0x0 0xa0 0x1460005 0x0 0x0 0x0 0x0 0x0 0x0 0x1510005 0x0 0x0 0x0 0x0 0x0 0x0 0x1560003 0x0 0x18 0x15e0007 0x0 0x6e8 0x0 0x1630005 0x0 0x0 0x0 0x0 0x0 0x0 0x1660007 0x0 0x548 0x0 0x16c0005 0x0 0x0 0x0 0x0 0x0 0x0 0x1710007 0x0 0x4f0 0x0 0x1780005 0x0 0x0 0x0 0x0 0x0 0x0 0x17f0007 0x0 0x3d0 0x0 0x18d0005 0x0 0x0 0x0 0x0 0x0 0x0 0x1970005 0x0 0x0 0x0 0x0 0x0 0x0 0x19a0002 0x0 0x19d0007 0x0 0xe8 0x0 0x1a80002 0x0 0x1ad0005 0x0 0x0 0x0 0x0 0x0 0x0 0x1b20005 0x0 0x0 0x0 0x0 0x0 0x0 0x1b50005 0x0 0x0 0x0 0x0 0x0 0x0 0x1b80002 0x0 0x1c10005 0x0 0x0 0x0 0x0 0x0 0x0 0x1c80007 0x0 0x1f8 0x0 0x1d10005 0x0 0x0 0x0 0x0 0x0 0x0 0x1d60007 0x0 0xd8 0x0 0x1de0005 0x0 0x0 0x0 0x0 0x0 0x0 0x1e50007 0x0 0x148 0x0 0x1f00005 0x0 0x0 0x0 0x0 0x0 0x0 0x1f50002 0x0 0x1fa0003 0x0 0xe0 0x2050002 0x0 0x20a0005 0x0 0x0 0x0 0x0 0x0 0x0 0x20f0005 0x0 0x0 0x0 0x0 0x0 0x0 0x2120005 0x0 0x0 0x0 0x0 0x0 0x0 0x2150002 0x0 0x2190003 0x0 0x228 0x2240002 0x0 0x2290005 0x0 0x0 0x0 0x0 0x0 0x0 0x22e0005 0x0 0x0 0x0 0x0 0x0 0x0 0x2310005 0x0 0x0 0x0 0x0 0x0 0x0 0x2340002 0x0 0x23c0005 0x0 0x0 0x0 0x0 0x0 0x0 0x2460007 0x0 0x110 0x0 0x24b0005 0x0 0x0 0x0 0x0 0x0 0x0 0x2520007 0x0 0x68 0x0 0x25d0005 0x0 0x0 0x0 0x0 0x0 0x0 0x2620002 0x0 0x26c0005 0x0 0x0 0x0 0x0 0x0 0x0 0x2710003 0x0 0x18 0x27b0007 0x0 0xe8 0x0 0x2860002 0x0 0x28b0005 0x0 0x0 0x0 0x0 0x0 0x0 0x2900005 0x0 0x0 0x0 0x0 0x0 0x0 0x2930005 0x0 0x0 0x0 0x0 0x0 0x0 0x2960002 0x0 0x29f0007 0x0 0x78 0x0 0x2a40005 0x0 0x0 0x0 0x0 0x0 0x0 0x2a70007 0x0 0x20 0x0 0x2b00007 0x1473 0x20 0x25 0x2ba0007 0x0 0x470 0x1498 0x2bf0005 0x1498 0x0 0x0 0x0 0x0 0x0 0x2c40007 0x1473 0x70 0x25 0x2cb0005 0x25 0x0 0x0 0x0 0x0 0x0 0x2d00003 0x25 0x548 0x2d50007 0x0 0x268 0x1473 0x2da0005 0x1473 0x0 0x0 0x0 0x0 0x0 0x2dd0007 0x0 0x210 0x1473 0x2e70005 0x1473 0x0 0x0 0x0 0x0 0x0 0x2f30007 0x1473 0x40 0x0 0x2f80007 0x0 0x20 0x0 0x3030002 0x1473 0x30d0005 0x1473 0x0 0x0 0x0 0x0 0x0 0x3100005 0x1473 0x0 0x0 0x0 0x0 0x0 0x3150005 0x1473 0x0 0x0 0x0 0x0 0x0 0x31c0005 0x1473 0x0 0x0 0x0 0x0 0x0 0x31f0005 0x1473 0x0 0x0 0x0 0x0 0x0 0x3220005 0x1473 0x0 0x0 0x0 0x0 0x0 0x3270003 0x1473 0x2e0 0x32c0007 0x0 0x38 0x0 0x3310003 0x0 0x18 0x33c0002 0x0 0x3410005 0x0 0x0 0x0 0x0 0x0 0x0 0x3480005 0x0 0x0 0x0 0x0 0x0 0x0 0x34b0005 0x0 0x0 0x0 0x0 0x0 0x0 0x34e0005 0x0 0x0 0x0 0x0 0x0 0x0 0x3530003 0x0 0x1a0 0x3580007 0x0 0x188 0x0 0x35d0007 0x0 0x168 0x0 0x3640005 0x0 0x0 0x0 0x0 0x0 0x0 0x36b0007 0x0 0x20 0x0 0x3750002 0x0 0x37d0005 0x0 0x0 0x0 0x0 0x0 0x0 0x3800005 0x0 0x0 0x0 0x0 0x0 0x0 0x3850005 0x0 0x0 0x0 0x0 0x0 0x0 0x3880005 0x0 0x0 0x0 0x0 0x0 0x0 0x38f0007 0x1498 0x20 0x0 0x3980007 0x25 0x720 0x1473 0x39f0005 0x1473 0x0 0x0 0x0 0x0 0x0 0x3a50007 0x1473 0x160 0x0 0x3ac0002 0x0 0x3b40005 0x0 0x0 0x0 0x0 0x0 0x0 0x3b70005 0x0 0x0 0x0 0x0 0x0 0x0 0x3c00005 0x0 0x0 0x0 0x0 0x0 0x0 0x3c30005 0x0 0x0 0x0 0x0 0x0 0x0 0x3c60005 0x0 0x0 0x0 0x0 0x0 0x0 0x3cb0003 0x0 0xfffffffffffffe80 0x3d70005 0x1473 0x0 0x0 0x0 0x0 0x0 0x3dd0007 0x1473 0x248 0x0 0x3e20007 0x0 0x210 0x0 0x3ed0005 0x0 0x0 0x0 0x0 0x0 0x0 0x3f30007 0x0 0x1b8 0x0 0x3fc0005 0x0 0x0 0x0 0x0 0x0 0x0 0x3ff0007 0x0 0x160 0x0 0x4060002 0x0 0x40e0005 0x0 0x0 0x0 0x0 0x0 0x0 0x4110005 0x0 0x0 0x0 0x0 0x0 0x0 0x41a0005 0x0 0x0 0x0 0x0 0x0 0x0 0x41d0005 0x0 0x0 0x0 0x0 0x0 0x0 0x4200005 0x0 0x0 0x0 0x0 0x0 0x0 0x4280003 0x0 0xfffffffffffffdb0 0x4310003 0x0 0xfffffffffffffd98 0x4380005 0x1473 0x0 0x0 0x0 0x0 0x0 0x43b0007 0x1473 0x100 0x0 0x4420005 0x0 0x0 0x0 0x0 0x0 0x0 0x44f0005 0x0 0x0 0x0 0x0 0x0 0x0 0x4550007 0x0 0x70 0x0 0x45f0005 0x0 0x0 0x0 0x0 0x0 0x0 0x4640003 0x0 0xfffffffffffffee0 0x46b0005 0x1473 0x0 0x0 0x0 0x0 0x0 0x46e0007 0x1473 0xb0 0x0 0x4730005 0x0 0x0 0x0 0x0 0x0 0x0 0x4770007 0x0 0x58 0x0 0x47d0005 0x0 0x0 0x0 0x0 0x0 0x0 0x4860005 0x1473 0x0 0x0 0x0 0x0 0x0 0x4890007 0xa50 0x90 0xa23 0x4910005 0xa23 0x0 0x0 0x0 0x0 0x0 0x4960005 0xa23 0x0 0x0 0x0 0x0 0x0 0x4ad0005 0x0 0x0 0x242db4c3410 0x1498 0x0 0x0 0x0 0x0 0x0 0x0 0x0 0x0 0x0 0x0 0x0 0x0 0x0 0x9 0x5 0x0 0x0 0x0 0x0 0x0 oops 1 955 sun/net/www/protocol/file/Handler methods 0
ciMethodData sun/net/www/protocol/jar/Handler parseURL (Ljava/net/URL;Ljava/lang/String;II)V 2 1296 orig 80 0 0 0 0 0 0 0 0 0 0 0 0 251 127 0 0 0 0 0 0 0 0 0 0 0 0 0 0 0 0 0 0 0 0 0 0 0 0 0 0 0 0 0 0 0 0 0 0 0 0 0 0 0 0 0 0 0 0 0 0 0 0 0 0 0 0 0 0 0 0 0 0 0 0 0 0 0 0 0 0 data 170 0xb0005 0x410 0x0 0x0 0x0 0x0 0x0 0x130007 0x410 0x38 0x0 0x170003 0x0 0x18 0x200007 0x410 0xe8 0x0 0x290005 0x0 0x0 0x0 0x0 0x0 0x0 0x2c0005 0x0 0x0 0x0 0x0 0x0 0x0 0x330007 0x0 0x58 0x0 0x370005 0x0 0x0 0x0 0x0 0x0 0x0 0x3d0005 0x410 0x0 0x0 0x0 0x0 0x0 0x410007 0x0 0x70 0x410 0x4b0005 0x410 0x0 0x0 0x0 0x0 0x0 0x4e0003 0x410 0x18 0x580005 0x410 0x0 0x0 0x0 0x0 0x0 0x5e0005 0x0 0x0 0x242db4c34c0 0x410 0x0 0x0 0x650007 0x410 0x30 0x0 0x6e0002 0x0 0x740007 0x40f 0x70 0x1 0x790005 0x1 0x0 0x0 0x0 0x0 0x0 0x7e0003 0x1 0x1b8 0x830007 0x0 0x1a0 0x40f 0x890005 0x40f 0x0 0x0 0x0 0x0 0x0 0x900002 0x40f 0x9a0005 0x40f 0x0 0x0 0x0 0x0 0x0 0xa30005 0x40f 0x0 0x0 0x0 0x0 0x0 0xaa0002 0x40f 0xb30002 0x40f 0xb80005 0x40f 0x0 0x0 0x0 0x0 0x0 0xbd0005 0x40f 0x0 0x0 0x0 0x0 0x0 0xc00005 0x40f 0x0 0x0 0x0 0x0 0x0 0xd00005 0x0 0x0 0x242db4c34c0 0x410 0x0 0x0 0x0 0x0 0x0 0x0 0x0 0x0 0x9 0x5 0x0 0x0 0x0 0x0 0x0 oops 2 74 sun/net/www/protocol/jar/Handler 153 sun/net/www/protocol/jar/Handler methods 0
ciMethodData sun/net/www/protocol/jar/Handler parseAbsoluteSpec (Ljava/lang/String;)Ljava/lang/String; 1 4 orig 80 0 0 0 0 0 0 0 0 0 0 0 0 66 2 0 0 0 0 0 0 0 0 0 0 0 0 0 0 0 0 0 0 0 0 0 0 0 0 0 0 0 0 0 0 0 0 0 0 0 0 0 0 0 0 0 0 0 0 0 0 0 0 0 0 0 0 0 0 0 0 0 0 0 0 0 0 0 0 0 0 data 76 0x10002 0x4 0x70007 0x4 0x30 0x0 0x100002 0x0 0x190005 0x4 0x0 0x0 0x0 0x0 0x0 0x220002 0x4 0x260003 0x4 0x188 0x320002 0x0 0x370005 0x0 0x0 0x0 0x0 0x0 0x0 0x3b0005 0x0 0x0 0x0 0x0 0x0 0x0 0x400005 0x0 0x0 0x0 0x0 0x0 0x0 0x440005 0x0 0x0 0x0 0x0 0x0 0x0 0x490005 0x0 0x0 0x0 0x0 0x0 0x0 0x4c0005 0x0 0x0 0x0 0x0 0x0 0x0 0x4f0002 0x0 0x0 0x0 0x0 0x0 0x0 0x0 0x9 0x2 0xffffffffffffffff 0xffffffffffffffff oops 0 methods 0
ciMethodData sun/net/www/protocol/jar/Handler parseContextSpec (Ljava/net/URL;Ljava/lang/String;)Ljava/lang/String; 2 6405 orig 80 0 0 0 0 0 0 0 0 0 0 0 0 66 2 0 0 0 0 0 0 0 0 0 0 0 0 0 0 0 0 0 0 0 0 0 0 0 0 0 0 0 0 0 0 0 0 0 0 0 0 0 0 0 0 0 0 0 0 0 0 0 0 0 0 0 0 0 0 0 0 0 0 0 0 0 0 0 0 0 0 data 154 0x10005 0x1805 0x0 0x0 0x0 0x0 0x0 0x80005 0x1805 0x0 0x0 0x0 0x0 0x0 0xb0007 0x1805 0x1a0 0x0 0xf0002 0x0 0x170007 0x0 0x120 0x0 0x220002 0x0 0x270005 0x0 0x0 0x0 0x0 0x0 0x0 0x2b0005 0x0 0x0 0x0 0x0 0x0 0x0 0x300005 0x0 0x0 0x0 0x0 0x0 0x0 0x330005 0x0 0x0 0x0 0x0 0x0 0x0 0x360002 0x0 0x3e0005 0x0 0x0 0x0 0x0 0x0 0x0 0x420003 0x0 0x1c8 0x480005 0x1805 0x0 0x0 0x0 0x0 0x0 0x500007 0x1805 0xe8 0x0 0x5b0002 0x0 0x600005 0x0 0x0 0x0 0x0 0x0 0x0 0x640005 0x0 0x0 0x0 0x0 0x0 0x0 0x670005 0x0 0x0 0x0 0x0 0x0 0x0 0x6a0002 0x0 0x710005 0x1805 0x0 0x0 0x0 0x0 0x0 0x760007 0x1805 0x58 0x0 0x7f0005 0x0 0x0 0x0 0x0 0x0 0x0 0x870002 0x1805 0x8b0005 0x1805 0x0 0x0 0x0 0x0 0x0 0x8f0005 0x1805 0x0 0x0 0x0 0x0 0x0 0x920005 0x1805 0x0 0x0 0x0 0x0 0x0 0x0 0x0 0x0 0x0 0x0 0x0 0x9 0x3 0x0 0xffffffffffffffff 0x0 oops 0 methods 0
ciMethodData sun/net/www/protocol/jar/Handler indexOfBangSlash (Ljava/lang/String;)I 2 5391 orig 80 0 0 0 0 0 0 0 0 0 0 0 0 66 2 0 0 0 0 0 0 0 0 0 0 0 0 0 0 0 0 0 0 0 0 0 0 0 0 0 0 0 0 0 0 0 0 0 0 0 0 0 0 0 0 0 0 0 0 0 0 0 0 0 0 0 0 0 0 0 0 0 0 0 0 0 0 0 0 0 0 data 52 0x10005 0x140f 0x0 0x0 0x0 0x0 0x0 0x90005 0x140f 0x0 0x0 0x0 0x0 0x0 0xf0007 0x0 0xe8 0x140f 0x140005 0x140f 0x0 0x0 0x0 0x0 0x0 0x190007 0x0 0x78 0x140f 0x200005 0x140f 0x0 0x0 0x0 0x0 0x0 0x250007 0x0 0x20 0x140f 0x2f0003 0x0 0xfffffffffffffef8 0x0 0x0 0x0 0x0 0x0 0x0 0x9 0x1 0x0 oops 0 methods 0
ciMethodData sun/net/www/ParseUtil canonizeString (Ljava/lang/String;)Ljava/lang/String; 2 6401 orig 80 0 0 0 0 0 0 0 0 0 0 0 0 66 2 0 0 0 0 0 0 0 0 0 0 0 0 0 0 0 0 0 0 0 0 0 0 0 0 0 0 0 0 0 0 0 0 0 0 0 0 0 0 0 0 0 0 0 0 0 0 0 0 0 0 0 0 0 0 0 0 0 0 0 0 0 0 0 0 0 0 data 44 0x10005 0x1801 0x0 0x0 0x0 0x0 0x0 0x60007 0x0 0xd0 0x1801 0xc0005 0x1801 0x0 0x0 0x0 0x0 0x0 0x100007 0x0 0x78 0x1801 0x170005 0x1801 0x0 0x0 0x0 0x0 0x0 0x1c0007 0x0 0x20 0x1801 0x220002 0x0 0x0 0x0 0x0 0x0 0x0 0x0 0x9 0x1 0xffffffffffffffff oops 0 methods 0
ciMethodData java/net/URLStreamHandler setURL (Ljava/net/URL;Ljava/lang/String;Ljava/lang/String;ILjava/lang/String;Ljava/lang/String;)V 2 6402 orig 80 0 0 0 0 0 0 0 0 0 0 0 0 66 2 0 0 0 0 0 0 0 0 0 0 0 0 0 0 0 0 0 0 0 0 0 0 0 0 0 0 0 0 0 0 0 0 0 0 0 0 0 0 0 0 0 0 0 0 0 0 0 0 0 0 0 0 0 0 0 0 0 0 0 0 0 0 0 0 0 0 data 131 0x70007 0x0 0x268 0x1802 0xb0005 0x1802 0x0 0x0 0x0 0x0 0x0 0xe0007 0x1802 0x210 0x0 0x140007 0x0 0x38 0x0 0x180003 0x0 0x108 0x1f0002 0x0 0x230005 0x0 0x0 0x0 0x0 0x0 0x0 0x280005 0x0 0x0 0x0 0x0 0x0 0x0 0x2d0005 0x0 0x0 0x0 0x0 0x0 0x0 0x300005 0x0 0x0 0x0 0x0 0x0 0x0 0x380005 0x0 0x0 0x0 0x0 0x0 0x0 0x400007 0x0 0x90 0x0 0x470005 0x0 0x0 0x0 0x0 0x0 0x0 0x510005 0x0 0x0 0x0 0x0 0x0 0x0 0x5d0007 0x0 0x100 0x1802 0x640005 0x1802 0x0 0x0 0x0 0x0 0x0 0x6c0007 0x1802 0xa8 0x0 0x750005 0x0 0x0 0x0 0x0 0x0 0x0 0x7f0005 0x0 0x0 0x0 0x0 0x0 0x0 0x840003 0x0 0x18 0x9b0005 0x0 0x0 0x242db4c34c0 0x1802 0x0 0x0 0x0 0x0 0x0 0x0 0x0 0x0 0x9 0x7 0x0 0x0 0x0 0x0 0x0 0x0 0x0 oops 1 112 sun/net/www/protocol/jar/Handler methods 0
compile java/net/URL <init> (Ljava/net/URL;Ljava/lang/String;Ljava/net/URLStreamHandler;)V -1 4 inline 219 0 -1 java/net/URL <init> (Ljava/net/URL;Ljava/lang/String;Ljava/net/URLStreamHandler;)V 1 1 java/lang/Object <init> ()V 1 50 java/lang/String length ()I 2 6 java/lang/String coder ()B 1 65 java/lang/String charAt (I)C 2 1 java/lang/String isLatin1 ()Z 2 12 java/lang/StringLatin1 charAt ([BI)C 1 89 java/lang/String charAt (I)C 2 1 java/lang/String isLatin1 ()Z 2 12 java/lang/StringLatin1 charAt ([BI)C 1 111 java/lang/String regionMatches (ZILjava/lang/String;II)Z 2 27 java/lang/String length ()I 3 6 java/lang/String coder ()B 2 43 java/lang/String length ()I 3 6 java/lang/String coder ()B 2 70 java/lang/String coder ()B 2 74 java/lang/String coder ()B 2 81 java/lang/String isLatin1 ()Z 2 96 java/lang/StringLatin1 regionMatchesCI ([BI[BII)Z 3 50 java/lang/Character toUpperCase (C)C 4 1 java/lang/Character toUpperCase (I)I 5 1 java/lang/CharacterData of (I)Ljava/lang/CharacterData; 5 5 java/lang/CharacterDataLatin1 toUpperCase (I)I 6 4 java/lang/CharacterDataLatin1 getProperties (I)I 3 57 java/lang/Character toUpperCase (C)C 4 1 java/lang/Character toUpperCase (I)I 5 1 java/lang/CharacterData of (I)Ljava/lang/CharacterData; 5 5 java/lang/CharacterDataLatin1 toUpperCase (I)I 6 4 java/lang/CharacterDataLatin1 getProperties (I)I 3 74 java/lang/Character toLowerCase (C)C 4 1 java/lang/Character toLowerCase (I)I 5 1 java/lang/CharacterData of (I)Ljava/lang/CharacterData; 5 5 java/lang/CharacterDataLatin1 toLowerCase (I)I 6 4 java/lang/CharacterDataLatin1 getProperties (I)I 3 79 java/lang/Character toLowerCase (C)C 4 1 java/lang/Character toLowerCase (I)I 5 1 java/lang/CharacterData of (I)Ljava/lang/CharacterData; 5 5 java/lang/CharacterDataLatin1 toLowerCase (I)I 6 4 java/lang/CharacterDataLatin1 getProperties (I)I 1 123 java/lang/String length ()I 2 6 java/lang/String coder ()B 1 132 java/lang/String charAt (I)C 2 1 java/lang/String isLatin1 ()Z 2 12 java/lang/StringLatin1 charAt ([BI)C 1 162 java/lang/String charAt (I)C 2 1 java/lang/String isLatin1 ()Z 2 12 java/lang/StringLatin1 charAt ([BI)C 1 270 java/lang/String startsWith (Ljava/lang/String;)Z 2 3 java/lang/String startsWith (Ljava/lang/String;I)Z 3 6 java/lang/String length ()I 4 6 java/lang/String coder ()B 3 10 java/lang/String length ()I 4 6 java/lang/String coder ()B 3 39 java/lang/String coder ()B 3 43 java/lang/String coder ()B 3 50 java/lang/String isLatin1 ()Z 1 434 java/lang/String indexOf (II)I 2 1 java/lang/String isLatin1 ()Z 2 13 java/lang/StringLatin1 indexOf ([BII)I 3 1 java/lang/StringLatin1 canEncode (I)Z 1 504 sun/net/www/protocol/file/Handler parseURL (Ljava/net/URL;Ljava/lang/String;II)V 2 8 java/lang/String replace (CC)Ljava/lang/String; 3 6 java/lang/String isLatin1 ()Z 3 18 java/lang/StringLatin1 replace ([BCC)Ljava/lang/String; 4 1 java/lang/StringLatin1 canEncode (I)Z 4 41 java/lang/StringLatin1 canEncode (I)Z 4 121 java/lang/String <init> ([BB)V 5 1 java/lang/Object <init> ()V 1 504 sun/net/www/protocol/jar/Handler parseURL (Ljava/net/URL;Ljava/lang/String;II)V 2 11 java/lang/String indexOf (II)I 3 1 java/lang/String isLatin1 ()Z 3 13 java/lang/StringLatin1 indexOf ([BII)I 4 1 java/lang/StringLatin1 canEncode (I)Z 2 61 java/lang/String length ()I 3 6 java/lang/String coder ()B 2 75 java/lang/String regionMatches (ZILjava/lang/String;II)Z 3 27 java/lang/String length ()I 4 6 java/lang/String coder ()B 3 43 java/lang/String length ()I 4 6 java/lang/String coder ()B 3 70 java/lang/String coder ()B 3 74 java/lang/String coder ()B 3 81 java/lang/String isLatin1 ()Z 3 96 java/lang/StringLatin1 regionMatchesCI ([BI[BII)Z 4 50 java/lang/Character toUpperCase (C)C 5 1 java/lang/Character toUpperCase (I)I 6 1 java/lang/CharacterData of (I)Ljava/lang/CharacterData; 6 5 java/lang/CharacterDataLatin1 toUpperCase (I)I 7 4 java/lang/CharacterDataLatin1 getProperties (I)I 4 57 java/lang/Character toUpperCase (C)C 5 1 java/lang/Character toUpperCase (I)I 6 1 java/lang/CharacterData of (I)Ljava/lang/CharacterData; 6 5 java/lang/CharacterDataLatin1 toUpperCase (I)I 7 4 java/lang/CharacterDataLatin1 getProperties (I)I 4 74 java/lang/Character toLowerCase (C)C 5 1 java/lang/Character toLowerCase (I)I 6 1 java/lang/CharacterData of (I)Ljava/lang/CharacterData; 6 5 java/lang/CharacterDataLatin1 toLowerCase (I)I 7 4 java/lang/CharacterDataLatin1 getProperties (I)I 4 79 java/lang/Character toLowerCase (C)C 5 1 java/lang/Character toLowerCase (I)I 6 1 java/lang/CharacterData of (I)Ljava/lang/CharacterData; 6 5 java/lang/CharacterDataLatin1 toLowerCase (I)I 7 4 java/lang/CharacterDataLatin1 getProperties (I)I 2 88 java/lang/String substring (II)Ljava/lang/String; 3 1 java/lang/String length ()I 4 6 java/lang/String coder ()B 3 8 java/lang/String checkBoundsBeginEnd (III)V 3 28 java/lang/String isLatin1 ()Z 3 41 java/lang/StringLatin1 newString ([BII)Ljava/lang/String; 4 9 java/util/Arrays copyOfRange ([BII)[B 4 13 java/lang/String <init> ([BB)V 5 1 java/lang/Object <init> ()V 2 94 sun/net/www/protocol/jar/Handler checkNestedProtocol (Ljava/lang/String;)Ljava/lang/String; 3 7 java/lang/String regionMatches (ZILjava/lang/String;II)Z 4 27 java/lang/String length ()I 5 6 java/lang/String coder ()B 4 43 java/lang/String length ()I 5 6 java/lang/String coder ()B 4 70 java/lang/String coder ()B 4 74 java/lang/String coder ()B 4 81 java/lang/String isLatin1 ()Z 4 96 java/lang/StringLatin1 regionMatchesCI ([BI[BII)Z 5 50 java/lang/Character toUpperCase (C)C 6 1 java/lang/Character toUpperCase (I)I 7 1 java/lang/CharacterData of (I)Ljava/lang/CharacterData; 7 5 java/lang/CharacterDataLatin1 toUpperCase (I)I 8 4 java/lang/CharacterDataLatin1 getProperties (I)I 5 57 java/lang/Character toUpperCase (C)C 6 1 java/lang/Character toUpperCase (I)I 7 1 java/lang/CharacterData of (I)Ljava/lang/CharacterData; 7 5 java/lang/CharacterDataLatin1 toUpperCase (I)I 8 4 java/lang/CharacterDataLatin1 getProperties (I)I 5 74 java/lang/Character toLowerCase (C)C 6 1 java/lang/Character toLowerCase (I)I 7 1 java/lang/CharacterData of (I)Ljava/lang/CharacterData; 7 5 java/lang/CharacterDataLatin1 toLowerCase (I)I 8 4 java/lang/CharacterDataLatin1 getProperties (I)I 5 79 java/lang/Character toLowerCase (C)C 6 1 java/lang/Character toLowerCase (I)I 7 1 java/lang/CharacterData of (I)Ljava/lang/CharacterData; 7 5 java/lang/CharacterDataLatin1 toLowerCase (I)I 8 4 java/lang/CharacterDataLatin1 getProperties (I)I 2 137 sun/net/www/protocol/jar/Handler parseContextSpec (Ljava/net/URL;Ljava/lang/String;)Ljava/lang/String; 3 1 java/net/URL getFile ()Ljava/lang/String; 3 8 java/lang/String startsWith (Ljava/lang/String;)Z 4 3 java/lang/String startsWith (Ljava/lang/String;I)Z 5 6 java/lang/String length ()I 6 6 java/lang/String coder ()B 5 10 java/lang/String length ()I 6 6 java/lang/String coder ()B 5 39 java/lang/String coder ()B 5 43 java/lang/String coder ()B 5 50 java/lang/String isLatin1 ()Z 3 72 java/lang/String lastIndexOf (I)I 4 3 java/lang/String length ()I 5 6 java/lang/String coder ()B 4 8 java/lang/String lastIndexOf (II)I 5 1 java/lang/String isLatin1 ()Z 5 13 java/lang/StringLatin1 lastIndexOf ([BII)I 6 1 java/lang/StringLatin1 canEncode (I)Z 3 113 java/lang/String length ()I 4 6 java/lang/String coder ()B 3 135 java/lang/StringBuilder <init> ()V 3 139 java/lang/StringBuilder append (Ljava/lang/String;)Ljava/lang/StringBuilder; 3 143 java/lang/StringBuilder append (Ljava/lang/String;)Ljava/lang/StringBuilder; 3 146 java/lang/StringBuilder toString ()Ljava/lang/String; 2 144 sun/net/www/protocol/jar/Handler indexOfBangSlash (Ljava/lang/String;)I 3 1 java/lang/String length ()I 4 6 java/lang/String coder ()B 3 9 java/lang/String lastIndexOf (II)I 4 1 java/lang/String isLatin1 ()Z 4 13 java/lang/StringLatin1 lastIndexOf ([BII)I 5 1 java/lang/StringLatin1 canEncode (I)Z 3 20 java/lang/String length ()I 4 6 java/lang/String coder ()B 3 32 java/lang/String charAt (I)C 4 1 java/lang/String isLatin1 ()Z 4 12 java/lang/StringLatin1 charAt ([BI)C 2 154 java/lang/String substring (II)Ljava/lang/String; 3 1 java/lang/String length ()I 4 6 java/lang/String coder ()B 3 8 java/lang/String checkBoundsBeginEnd (III)V 3 28 java/lang/String isLatin1 ()Z 3 41 java/lang/StringLatin1 newString ([BII)Ljava/lang/String; 4 9 java/util/Arrays copyOfRange ([BII)[B 4 13 java/lang/String <init> ([BB)V 5 1 java/lang/Object <init> ()V 2 163 java/lang/String substring (I)Ljava/lang/String; 3 14 java/lang/String length ()I 4 6 java/lang/String coder ()B 3 40 java/lang/String isLatin1 ()Z 3 52 java/lang/StringLatin1 newString ([BII)Ljava/lang/String; 4 9 java/util/Arrays copyOfRange ([BII)[B 4 13 java/lang/String <init> ([BB)V 5 1 java/lang/Object <init> ()V 2 170 sun/net/www/ParseUtil canonizeString (Ljava/lang/String;)Ljava/lang/String; 3 1 java/lang/String length ()I 4 6 java/lang/String coder ()B 3 12 java/lang/String indexOf (Ljava/lang/String;)I 4 1 java/lang/String coder ()B 4 5 java/lang/String coder ()B 4 12 java/lang/String isLatin1 ()Z 3 23 java/lang/String charAt (I)C 4 1 java/lang/String isLatin1 ()Z 4 12 java/lang/StringLatin1 charAt ([BI)C 2 179 java/lang/StringBuilder <init> ()V 2 184 java/lang/StringBuilder append (Ljava/lang/String;)Ljava/lang/StringBuilder; 2 189 java/lang/StringBuilder append (Ljava/lang/String;)Ljava/lang/StringBuilder; 2 192 java/lang/StringBuilder toString ()Ljava/lang/String; 2 208 java/net/URLStreamHandler setURL (Ljava/net/URL;Ljava/lang/String;Ljava/lang/String;ILjava/lang/String;Ljava/lang/String;)V 3 11 java/lang/String isEmpty ()Z 3 100 java/lang/String lastIndexOf (I)I 4 3 java/lang/String length ()I 5 6 java/lang/String coder ()B 4 8 java/lang/String lastIndexOf (II)I 5 1 java/lang/String isLatin1 ()Z 5 13 java/lang/StringLatin1 lastIndexOf ([BII)I 6 1 java/lang/StringLatin1 canEncode (I)Z
